#
# A fatal error has been detected by the Java Runtime Environment:
#
#  EXCEPTION_ACCESS_VIOLATION (0xc0000005) at pc=0x00007ffc06dacad6, pid=12428, tid=13016
#
# JRE version: OpenJDK Runtime Environment Temurin-17.0.18+8 (17.0.18+8) (build 17.0.18+8)
# Java VM: OpenJDK 64-Bit Server VM Temurin-17.0.18+8 (17.0.18+8, mixed mode, sharing, tiered, compressed oops, compressed class ptrs, g1 gc, windows-amd64)
# Problematic frame:
# V  [jvm.dll+0xcad6]
#
# No core dump will be written. Minidumps are not enabled by default on client versions of Windows
#
# If you would like to submit a bug report, please visit:
#   https://github.com/adoptium/adoptium-support/issues
#

---------------  S U M M A R Y ------------

Command Line: --add-opens=java.base/java.util=ALL-UNNAMED --add-opens=java.base/java.lang=ALL-UNNAMED --add-opens=java.base/java.lang.invoke=ALL-UNNAMED --add-opens=java.prefs/java.util.prefs=ALL-UNNAMED --add-opens=java.base/java.nio.charset=ALL-UNNAMED --add-opens=java.base/java.net=ALL-UNNAMED --add-opens=java.base/java.util.concurrent.atomic=ALL-UNNAMED -Xmx2048m -Dfile.encoding=UTF-8 -Duser.country=BR -Duser.language=pt -Duser.variant -javaagent:C:\Users\PC\.gradle\wrapper\dists\gradle-8.6-all\3mbtmo166bl6vumsh5k2lkq5h\gradle-8.6\lib\agents\gradle-instrumentation-agent-8.6.jar org.gradle.launcher.daemon.bootstrap.GradleDaemon 8.6

Host: Intel(R) Core(TM) i3-4130 CPU @ 3.40GHz, 4 cores, 7G,  Windows 10 , 64 bit Build 19041 (10.0.19041.5915)
Time: Fri Feb 13 18:16:34 2026 Hora oficial do Brasil elapsed time: 266.247929 seconds (0d 0h 4m 26s)

---------------  T H R E A D  ---------------

Current thread (0x00000178e086a450):  GCTaskThread "GC Thread#2" [stack: 0x000000202db00000,0x000000202dc00000] [id=13016]

Stack: [0x000000202db00000,0x000000202dc00000],  sp=0x000000202dbfdd58,  free space=1015k
Native frames: (J=compiled Java code, j=interpreted, Vv=VM code, C=native code)
V  [jvm.dll+0xcad6]

JavaThread 0x00000178e548f1a0 (nid = 452) was being processed
Java frames: (J=compiled Java code, j=interpreted, Vv=VM code)
v  ~SafepointBlob
J 21785 c2 java.util.TreeMap.getEntry(Ljava/lang/Object;)Ljava/util/TreeMap$Entry; java.base@17.0.18 (77 bytes) @ 0x00000178901bc904 [0x00000178901bc5c0+0x0000000000000344]
J 37124 c1 java.util.TreeMap.remove(Ljava/lang/Object;)Ljava/lang/Object; java.base@17.0.18 (24 bytes) @ 0x000001788a5e4f5c [0x000001788a5e4ee0+0x000000000000007c]
J 37969 c1 com.android.tools.r8.ir.regalloc.b.a(Lcom/android/tools/r8/ir/regalloc/c;Lcom/android/tools/r8/internal/Nz;)V (105 bytes) @ 0x000001788b78fec4 [0x000001788b78f8a0+0x0000000000000624]
J 40062 c1 com.android.tools.r8.ir.regalloc.b.a(Lcom/android/tools/r8/ir/regalloc/c;Z)V (756 bytes) @ 0x000001788b3d9bdc [0x000001788b3d9560+0x000000000000067c]
J 38642 c1 com.android.tools.r8.ir.regalloc.b.c(IZ)I (4466 bytes) @ 0x000001788b97277c [0x000001788b970520+0x000000000000225c]
J 38632 c1 com.android.tools.r8.ir.regalloc.b.b()V (1530 bytes) @ 0x000001788b963df4 [0x000001788b961ea0+0x0000000000001f54]
J 39104 c1 com.android.tools.r8.internal.Pt.b(Lcom/android/tools/r8/internal/yt;Lcom/android/tools/r8/internal/Z7;Lcom/android/tools/r8/internal/Sg0;)Lcom/android/tools/r8/graph/I0; (2746 bytes) @ 0x000001788bac3f84 [0x000001788bab7d60+0x000000000000c224]
J 38570 c1 com.android.tools.r8.internal.Gt.a(Lcom/android/tools/r8/internal/yt;Lcom/android/tools/r8/ir/optimize/info/y;Lcom/android/tools/r8/internal/Z7;Lcom/android/tools/r8/internal/Sg0;)V (368 bytes) @ 0x000001788b929424 [0x000001788b928e20+0x0000000000000604]
J 39991 c1 com.android.tools.r8.internal.Gt.a(Lcom/android/tools/r8/internal/yt;Lcom/android/tools/r8/ir/optimize/info/y;Lcom/android/tools/r8/internal/PN;Lcom/android/tools/r8/internal/kO;Lcom/android/tools/r8/internal/Be;)Lcom/android/tools/r8/internal/Sg0; (2436 bytes) @ 0x000001788bc65a1c [0x000001788bc5c220+0x00000000000097fc]
J 40087 c1 com.android.tools.r8.internal.Gt.d(Lcom/android/tools/r8/graph/z5;Lcom/android/tools/r8/ir/optimize/info/y;Lcom/android/tools/r8/internal/kO;Lcom/android/tools/r8/internal/Be;Lcom/android/tools/r8/internal/PN$a;)Lcom/android/tools/r8/internal/Sg0; (214 bytes) @ 0x000001788bb55f94 [0x000001788bb55420+0x0000000000000b74]
J 39990 c1 com.android.tools.r8.internal.AX.a(Lcom/android/tools/r8/graph/z5;Lcom/android/tools/r8/internal/A9;Lcom/android/tools/r8/ir/optimize/info/y;Lcom/android/tools/r8/internal/kO;Lcom/android/tools/r8/internal/Be;)Lcom/android/tools/r8/internal/Sg0; (70 bytes) @ 0x000001788bc5a414 [0x000001788bc59520+0x0000000000000ef4]
J 39989 c1 com.android.tools.r8.internal.AX$$Lambda$3397+0x000001789dbbd1f8.get()Ljava/lang/Object; (28 bytes) @ 0x000001788bc59054 [0x000001788bc58fc0+0x0000000000000094]
J 36110 c1 com.android.tools.r8.internal.qo.a(Lcom/android/tools/r8/origin/Origin;Lcom/android/tools/r8/position/Position;Ljava/util/function/Supplier;)Ljava/lang/Object; (141 bytes) @ 0x000001788b4832cc [0x000001788b4831e0+0x00000000000000ec]
J 40088 c1 com.android.tools.r8.internal.AX.b(Lcom/android/tools/r8/graph/z5;Lcom/android/tools/r8/internal/A9;Lcom/android/tools/r8/ir/optimize/info/y;Lcom/android/tools/r8/internal/kO;Lcom/android/tools/r8/internal/Be;)V (48 bytes) @ 0x000001788ba754fc [0x000001788ba74d60+0x000000000000079c]
J 39731 c1 com.android.tools.r8.internal.uh.b(Lcom/android/tools/r8/graph/z5;Lcom/android/tools/r8/internal/A9;)V (938 bytes) @ 0x000001788bbde424 [0x000001788bbd8660+0x0000000000005dc4]
J 38736 c1 com.android.tools.r8.internal.AX.a(Lcom/android/tools/r8/graph/C2;Lcom/android/tools/r8/internal/A9;Lcom/android/tools/r8/internal/uh;Lcom/android/tools/r8/internal/KA;)V (171 bytes) @ 0x000001788b9bc88c [0x000001788b9bc3a0+0x00000000000004ec]
J 40071 c1 com.android.tools.r8.internal.Rb.a(Lcom/android/tools/r8/internal/A9;Lcom/android/tools/r8/graph/C2;)V (22 bytes) @ 0x00000178889c55b4 [0x00000178889c5540+0x0000000000000074]
J 38910 c1 com.android.tools.r8.internal.Tb$$Lambda$3394+0x000001789dbba940.accept(Ljava/lang/Object;)V (16 bytes) @ 0x000001788ba4e1e4 [0x000001788ba4e140+0x00000000000000a4]
J 36057 c1 com.android.tools.r8.internal.qg0$$Lambda$3239+0x000001789db47878.accept(Ljava/lang/Object;I)V (10 bytes) @ 0x000001788b46b6fc [0x000001788b46b5c0+0x000000000000013c]
J 36117 c1 com.android.tools.r8.internal.qg0$$Lambda$3244+0x000001789db48ee0.accept(Ljava/lang/Object;I)V (12 bytes) @ 0x000001788b4863c4 [0x000001788b4862c0+0x0000000000000104]
J 36116 c1 com.android.tools.r8.internal.qg0$$Lambda$3249+0x000001789db49518.a(Ljava/lang/Object;I)Ljava/lang/Object; (10 bytes) @ 0x000001788b485efc [0x000001788b485dc0+0x000000000000013c]
J 36115 c1 com.android.tools.r8.internal.qg0$$Lambda$3256+0x000001789db4aec0.call()Ljava/lang/Object; (16 bytes) @ 0x000001788b485a0c [0x000001788b4858c0+0x000000000000014c]
J 36091 c1 com.google.common.util.concurrent.TrustedListenableFutureTask$TrustedFutureInterruptibleTask.runInterruptibly()Ljava/lang/Object; (10 bytes) @ 0x0000017888ba4ac4 [0x0000017888ba49c0+0x0000000000000104]
J 36099 c1 com.google.common.util.concurrent.InterruptibleTask.run()V (190 bytes) @ 0x000001788b47e734 [0x000001788b47dea0+0x0000000000000894]
J 35875 c1 com.google.common.util.concurrent.AbstractListeningExecutorService.submit(Ljava/util/concurrent/Callable;)Ljava/util/concurrent/Future; (6 bytes) @ 0x000001788b3df654 [0x000001788b3df2c0+0x0000000000000394]
J 35872 c1 com.android.tools.r8.internal.dg0.a(Ljava/util/concurrent/Callable;)V (25 bytes) @ 0x000001788b3de074 [0x000001788b3ddee0+0x0000000000000194]
J 36114 c1 com.android.tools.r8.internal.qg0.a(Lcom/android/tools/r8/internal/dg0;Lcom/android/tools/r8/internal/Hg0;ILjava/lang/Object;)V (30 bytes) @ 0x000001788b4850f4 [0x000001788b484ac0+0x0000000000000634]
J 36118 c1 com.android.tools.r8.internal.qg0$$Lambda$3251+0x000001789db49f90.a(ILjava/lang/Object;)V (14 bytes) @ 0x000001788b4867cc [0x000001788b486740+0x000000000000008c]
J 36111 c1 com.android.tools.r8.internal.Dq$$Lambda$3254+0x000001789db4a610.accept(Ljava/lang/Object;)V (13 bytes) @ 0x000001788b0c03cc [0x000001788b0c01e0+0x00000000000001ec]
J 36295 c2 java.util.ArrayList.forEach(Ljava/util/function/Consumer;)V java.base@17.0.18 (74 bytes) @ 0x00000178908d4f7c [0x00000178908d4960+0x000000000000061c]
j  com.android.tools.r8.internal.qg0$$Lambda$3241+0x000001789db48898.forEach(Ljava/util/function/Consumer;)V+5
j  com.android.tools.r8.internal.Dq.a(Lcom/android/tools/r8/internal/gA;)V+14
j  com.android.tools.r8.internal.qg0.a(Lcom/android/tools/r8/internal/Dq;Lcom/android/tools/r8/internal/Hg0;Ljava/util/function/Predicate;Lcom/android/tools/r8/threading/ThreadingModule;Ljava/util/concurrent/ExecutorService;)Ljava/util/ArrayList;+25
j  com.android.tools.r8.internal.qg0.a(Lcom/android/tools/r8/internal/Dq;Lcom/android/tools/r8/internal/Gg0;Lcom/android/tools/r8/threading/ThreadingModule;Ljava/util/concurrent/ExecutorService;)V+10
j  com.android.tools.r8.internal.qg0.a(Ljava/util/Collection;Lcom/android/tools/r8/internal/ZK;Lcom/android/tools/r8/threading/ThreadingModule;Ljava/util/concurrent/ExecutorService;Lcom/android/tools/r8/internal/qg0$a;)V+33
j  com.android.tools.r8.internal.qg0.a(Ljava/util/Collection;Ljava/util/function/Consumer;Lcom/android/tools/r8/threading/ThreadingModule;Ljava/util/concurrent/ExecutorService;)V+16
j  com.android.tools.r8.K.a(Lcom/android/tools/r8/graph/x;Ljava/util/Collection;Ljava/util/function/Consumer;Ljava/util/concurrent/ExecutorService;)V+10
j  com.android.tools.r8.internal.Tb.a(Lcom/android/tools/r8/internal/Ub;Ljava/util/concurrent/ExecutorService;)V+498
j  com.android.tools.r8.internal.AX.a(Lcom/android/tools/r8/internal/uh;Lcom/android/tools/r8/internal/KA;Ljava/util/concurrent/ExecutorService;)V+65
j  com.android.tools.r8.internal.AX.a(Lcom/android/tools/r8/graph/x;Ljava/util/concurrent/ExecutorService;)V+110
j  com.android.tools.r8.D8.d(Lcom/android/tools/r8/utils/i;Lcom/android/tools/r8/internal/jB;Ljava/util/concurrent/ExecutorService;)V+280
j  com.android.tools.r8.D8.b(Lcom/android/tools/r8/utils/i;Lcom/android/tools/r8/internal/jB;Ljava/util/concurrent/ExecutorService;)V+3
j  com.android.tools.r8.D8$$Lambda$3163+0x000001789db14068.run()V+12
j  com.android.tools.r8.internal.qo.a(Lcom/android/tools/r8/internal/R40;Lcom/android/tools/r8/internal/qo$a;)V+2
j  com.android.tools.r8.internal.qo.b(Lcom/android/tools/r8/internal/R40;Lcom/android/tools/r8/internal/qo$a;)V+2
j  com.android.tools.r8.D8.run(Lcom/android/tools/r8/D8Command;Ljava/util/concurrent/ExecutorService;)V+22
j  com.android.builder.dexing.D8DexArchiveBuilder.convert(Ljava/util/stream/Stream;Ljava/nio/file/Path;Ljava/nio/file/Path;Lcom/android/builder/dexing/DependencyGraphUpdater;)V+298
j  com.android.build.gradle.internal.dependency.BaseDexingTransform.process(Ljava/io/File;Lkotlin/jvm/functions/Function2;Ljava/util/List;Ljava/io/File;Ljava/io/File;ZLcom/android/build/gradle/internal/dependency/DesugarGraph;)V+798
j  com.android.build.gradle.internal.dependency.BaseDexingTransform.processNonIncrementally(Ljava/io/File;Ljava/util/List;Ljava/io/File;Ljava/io/File;ZLjava/io/File;)V+84
j  com.android.build.gradle.internal.dependency.BaseDexingTransform.transform(Lorg/gradle/api/artifacts/transform/TransformOutputs;)V+381
J 34466 c1 org.gradle.api.internal.artifacts.transform.DefaultTransform.transform(Lorg/gradle/api/provider/Provider;Ljava/io/File;Lorg/gradle/api/internal/artifacts/transform/TransformDependencies;Lorg/gradle/work/InputChanges;)Lorg/gradle/api/internal/artifacts/transform/TransformExecutionResult; (53 bytes) @ 0x000001788a2c9724 [0x000001788a2c92a0+0x0000000000000484]
J 34465 c1 org.gradle.api.internal.artifacts.transform.AbstractTransformExecution$2.call(Lorg/gradle/internal/operations/BuildOperationContext;)Lorg/gradle/api/internal/artifacts/transform/TransformExecutionResult; (110 bytes) @ 0x0000017887b41ac4 [0x0000017887b412c0+0x0000000000000804]
J 34464 c1 org.gradle.api.internal.artifacts.transform.AbstractTransformExecution$2.call(Lorg/gradle/internal/operations/BuildOperationContext;)Ljava/lang/Object; (6 bytes) @ 0x0000017889740d44 [0x0000017889740cc0+0x0000000000000084]
J 18268 c1 org.gradle.internal.operations.DefaultBuildOperationRunner$CallableBuildOperationWorker.execute(Lorg/gradle/internal/operations/BuildOperation;Lorg/gradle/internal/operations/BuildOperationContext;)V (10 bytes) @ 0x0000017889714e4c [0x0000017889714be0+0x000000000000026c]
J 32477 c2 org.gradle.internal.operations.DefaultBuildOperationRunner.execute(Lorg/gradle/internal/operations/BuildOperation;Lorg/gradle/internal/operations/BuildOperationWorker;Lorg/gradle/internal/operations/BuildOperationState;)V (23 bytes) @ 0x00000178908002f0 [0x00000178907fe720+0x0000000000001bd0]
J 18266 c1 org.gradle.internal.operations.DefaultBuildOperationRunner.call(Lorg/gradle/internal/operations/CallableBuildOperation;)Ljava/lang/Object; (24 bytes) @ 0x00000178897138f4 [0x0000017889713420+0x00000000000004d4]
J 29072 c1 org.gradle.api.internal.artifacts.transform.AbstractTransformExecution.executeWithinTransformerListener(Lorg/gradle/internal/execution/UnitOfWork$ExecutionRequest;)Lorg/gradle/internal/execution/UnitOfWork$WorkOutput; (32 bytes) @ 0x000001788a7b28bc [0x000001788a7b2600+0x00000000000002bc]
J 29071 c1 org.gradle.api.internal.artifacts.transform.AbstractTransformExecution.execute(Lorg/gradle/internal/execution/UnitOfWork$ExecutionRequest;)Lorg/gradle/internal/execution/UnitOfWork$WorkOutput; (62 bytes) @ 0x000001788a7b1fac [0x000001788a7b1e60+0x000000000000014c]
J 35226 c1 org.gradle.internal.execution.steps.ExecuteStep.executeInternal(Lorg/gradle/internal/execution/UnitOfWork;Lorg/gradle/internal/execution/steps/InputChangesContext;)Lorg/gradle/internal/execution/steps/Result; (78 bytes) @ 0x000001788b221a14 [0x000001788b2215a0+0x0000000000000474]
J 35000 c1 org.gradle.internal.execution.steps.ExecuteStep$1.call(Lorg/gradle/internal/operations/BuildOperationContext;)Ljava/lang/Object; (6 bytes) @ 0x000001788b1b6d64 [0x000001788b1b6c60+0x0000000000000104]
J 18268 c1 org.gradle.internal.operations.DefaultBuildOperationRunner$CallableBuildOperationWorker.execute(Lorg/gradle/internal/operations/BuildOperation;Lorg/gradle/internal/operations/BuildOperationContext;)V (10 bytes) @ 0x0000017889714e4c [0x0000017889714be0+0x000000000000026c]
J 32477 c2 org.gradle.internal.operations.DefaultBuildOperationRunner.execute(Lorg/gradle/internal/operations/BuildOperation;Lorg/gradle/internal/operations/BuildOperationWorker;Lorg/gradle/internal/operations/BuildOperationState;)V (23 bytes) @ 0x00000178908002f0 [0x00000178907fe720+0x0000000000001bd0]
J 18266 c1 org.gradle.internal.operations.DefaultBuildOperationRunner.call(Lorg/gradle/internal/operations/CallableBuildOperation;)Ljava/lang/Object; (24 bytes) @ 0x00000178897138f4 [0x0000017889713420+0x00000000000004d4]
J 34998 c1 org.gradle.internal.execution.steps.ExecuteStep.execute(Lorg/gradle/internal/execution/UnitOfWork;Lorg/gradle/internal/execution/steps/ChangingOutputsContext;)Lorg/gradle/internal/execution/steps/Result; (37 bytes) @ 0x000001788b1b537c [0x000001788b1b4f80+0x00000000000003fc]
J 34372 c1 org.gradle.internal.execution.steps.ExecuteStep.execute(Lorg/gradle/internal/execution/UnitOfWork;Lorg/gradle/internal/execution/steps/Context;)Lorg/gradle/internal/execution/steps/Result; (10 bytes) @ 0x00000178882935cc [0x0000017888293540+0x000000000000008c]
J 34500 c1 org.gradle.internal.execution.steps.CancelExecutionStep.execute(Lorg/gradle/internal/execution/UnitOfWork;Lorg/gradle/internal/execution/steps/Context;)Lorg/gradle/internal/execution/steps/Result; (168 bytes) @ 0x000001788ad2870c [0x000001788ad280e0+0x000000000000062c]
J 34371 c1 org.gradle.internal.execution.steps.TimeoutStep.execute(Lorg/gradle/internal/execution/UnitOfWork;Lorg/gradle/internal/execution/steps/Context;)Lorg/gradle/internal/execution/steps/Result; (96 bytes) @ 0x000001788a167a4c [0x000001788a167720+0x000000000000032c]
J 34997 c1 org.gradle.internal.execution.steps.PreCreateOutputParentsStep.execute(Lorg/gradle/internal/execution/UnitOfWork;Lorg/gradle/internal/execution/steps/ChangingOutputsContext;)Lorg/gradle/internal/execution/steps/Result; (30 bytes) @ 0x000001788b1b4a4c [0x000001788b1b46e0+0x000000000000036c]
J 34370 c1 org.gradle.internal.execution.steps.PreCreateOutputParentsStep.execute(Lorg/gradle/internal/execution/UnitOfWork;Lorg/gradle/internal/execution/steps/Context;)Lorg/gradle/internal/execution/steps/Result; (10 bytes) @ 0x000001788afc9bcc [0x000001788afc9b40+0x000000000000008c]
J 34376 c1 org.gradle.internal.execution.steps.BroadcastChangingOutputsStep.execute(Lorg/gradle/internal/execution/UnitOfWork;Lorg/gradle/internal/execution/steps/InputChangesContext;)Lorg/gradle/internal/execution/steps/Result; (90 bytes) @ 0x0000017887df6e6c [0x0000017887df68e0+0x000000000000058c]
J 34384 c1 org.gradle.internal.execution.steps.BroadcastChangingOutputsStep.execute(Lorg/gradle/internal/execution/UnitOfWork;Lorg/gradle/internal/execution/steps/Context;)Lorg/gradle/internal/execution/steps/Result; (10 bytes) @ 0x00000178889da7cc [0x00000178889da740+0x000000000000008c]
J 35027 c1 org.gradle.internal.execution.steps.NoInputChangesStep.execute(Lorg/gradle/internal/execution/UnitOfWork;Lorg/gradle/internal/execution/steps/IncrementalChangesContext;)Lorg/gradle/internal/execution/steps/Result; (20 bytes) @ 0x000001788b1bdc84 [0x000001788b1bd280+0x0000000000000a04]
J 34425 c1 org.gradle.internal.execution.steps.NoInputChangesStep.execute(Lorg/gradle/internal/execution/UnitOfWork;Lorg/gradle/internal/execution/steps/Context;)Lorg/gradle/internal/execution/steps/Result; (10 bytes) @ 0x000001788a6790b4 [0x000001788a678f40+0x0000000000000174]
J 34381 c1 org.gradle.internal.execution.steps.CaptureOutputsAfterExecutionStep.execute(Lorg/gradle/internal/execution/UnitOfWork;Lorg/gradle/internal/execution/steps/WorkspaceContext;)Lorg/gradle/internal/execution/steps/AfterExecutionResult; (54 bytes) @ 0x000001788a5c634c [0x000001788a5c62c0+0x000000000000008c]
J 34380 c1 org.gradle.internal.execution.steps.CaptureOutputsAfterExecutionStep.execute(Lorg/gradle/internal/execution/UnitOfWork;Lorg/gradle/internal/execution/steps/Context;)Lorg/gradle/internal/execution/steps/Result; (10 bytes) @ 0x000001788869964c [0x00000178886995c0+0x000000000000008c]
J 35134 c1 org.gradle.internal.execution.steps.BuildCacheStep$$Lambda$1640+0x000001789cfdf3c8.apply(Ljava/lang/Object;)Ljava/lang/Object; (20 bytes) @ 0x000001788b20aa6c [0x000001788b20a7e0+0x000000000000028c]
J 35113 c1 org.gradle.internal.execution.steps.BuildCacheStep.execute(Lorg/gradle/internal/execution/UnitOfWork;Lorg/gradle/internal/execution/steps/IncrementalChangesContext;)Lorg/gradle/internal/execution/steps/AfterExecutionResult; (27 bytes) @ 0x000001788b1f92fc [0x000001788b1f8920+0x00000000000009dc]
J 34495 c1 org.gradle.internal.execution.steps.BuildCacheStep.execute(Lorg/gradle/internal/execution/UnitOfWork;Lorg/gradle/internal/execution/steps/Context;)Lorg/gradle/internal/execution/steps/Result; (10 bytes) @ 0x00000178896dd634 [0x00000178896dd4c0+0x0000000000000174]
J 34421 c1 org.gradle.internal.execution.steps.NeverUpToDateStep.execute(Lorg/gradle/internal/execution/UnitOfWork;Lorg/gradle/internal/execution/steps/CachingContext;)Lorg/gradle/internal/execution/steps/UpToDateResult; (38 bytes) @ 0x00000178893f3bd4 [0x00000178893f3380+0x0000000000000854]
J 34424 c1 org.gradle.internal.execution.steps.NeverUpToDateStep.execute(Lorg/gradle/internal/execution/UnitOfWork;Lorg/gradle/internal/execution/steps/Context;)Lorg/gradle/internal/execution/steps/Result; (10 bytes) @ 0x000001788a2fb234 [0x000001788a2fb0c0+0x0000000000000174]
J 35140 c1 org.gradle.internal.execution.steps.legacy.MarkSnapshottingInputsFinishedStep.execute(Lorg/gradle/internal/execution/UnitOfWork;Lorg/gradle/internal/execution/steps/Context;)Lorg/gradle/internal/execution/steps/Result; (10 bytes) @ 0x000001788b20f41c [0x000001788b20f060+0x00000000000003bc]
J 34496 c1 org.gradle.internal.execution.steps.ResolveCachingStateStep.execute(Lorg/gradle/internal/execution/UnitOfWork;Lorg/gradle/internal/execution/steps/ValidationFinishedContext;)Lorg/gradle/internal/execution/steps/CachingResult; (124 bytes) @ 0x000001788aab78b4 [0x000001788aab5800+0x00000000000020b4]
J 35138 c1 org.gradle.internal.execution.steps.ResolveCachingStateStep.execute(Lorg/gradle/internal/execution/UnitOfWork;Lorg/gradle/internal/execution/steps/Context;)Lorg/gradle/internal/execution/steps/Result; (10 bytes) @ 0x000001788b20cfb4 [0x000001788b20ce40+0x0000000000000174]
J 28973 c1 org.gradle.internal.execution.steps.ValidateStep.execute(Lorg/gradle/internal/execution/UnitOfWork;Lorg/gradle/internal/execution/steps/BeforeExecutionContext;)Lorg/gradle/internal/execution/steps/Result; (255 bytes) @ 0x000001788a77254c [0x000001788a76e800+0x0000000000003d4c]
J 28972 c1 org.gradle.internal.execution.steps.ValidateStep.execute(Lorg/gradle/internal/execution/UnitOfWork;Lorg/gradle/internal/execution/steps/Context;)Lorg/gradle/internal/execution/steps/Result; (10 bytes) @ 0x000001788a76deb4 [0x000001788a76dd40+0x0000000000000174]
J 34357 c1 org.gradle.internal.execution.steps.AbstractCaptureStateBeforeExecutionStep.execute(Lorg/gradle/internal/execution/UnitOfWork;Lorg/gradle/internal/execution/steps/PreviousExecutionContext;)Lorg/gradle/internal/execution/steps/CachingResult; (41 bytes) @ 0x00000178894dc7ec [0x00000178894dc500+0x00000000000002ec]
J 34356 c1 org.gradle.internal.execution.steps.AbstractCaptureStateBeforeExecutionStep.execute(Lorg/gradle/internal/execution/UnitOfWork;Lorg/gradle/internal/execution/steps/Context;)Lorg/gradle/internal/execution/steps/Result; (10 bytes) @ 0x000001788a3277cc [0x000001788a327740+0x000000000000008c]
J 34490 c1 org.gradle.internal.execution.steps.AbstractSkipEmptyWorkStep.execute(Lorg/gradle/internal/execution/UnitOfWork;Lorg/gradle/internal/execution/steps/WorkspaceContext;)Lorg/gradle/internal/execution/steps/CachingResult; (87 bytes) @ 0x000001788afc1ffc [0x000001788afc06c0+0x000000000000193c]
J 34489 c1 org.gradle.internal.execution.steps.AbstractSkipEmptyWorkStep.execute(Lorg/gradle/internal/execution/UnitOfWork;Lorg/gradle/internal/execution/steps/Context;)Lorg/gradle/internal/execution/steps/Result; (10 bytes) @ 0x000001788963f324 [0x000001788963f140+0x00000000000001e4]
J 34488 c1 org.gradle.internal.execution.steps.legacy.MarkSnapshottingInputsStartedStep.execute(Lorg/gradle/internal/execution/UnitOfWork;Lorg/gradle/internal/execution/steps/Context;)Lorg/gradle/internal/execution/steps/Result; (37 bytes) @ 0x0000017888fb62b4 [0x0000017888fb60e0+0x00000000000001d4]
J 35345 c1 org.gradle.internal.execution.steps.AssignImmutableWorkspaceStep.lambda$executeInTemporaryWorkspace$1(Lorg/gradle/internal/execution/steps/IdentityContext;Lorg/gradle/internal/execution/UnitOfWork;Lorg/gradle/internal/execution/workspace/ImmutableWorkspaceProvider$ImmutableWorkspace;Ljava/io/File;)Lorg/gradle/internal/execution/steps/WorkspaceResult; (163 bytes) @ 0x000001788b25bdcc [0x000001788b25a820+0x00000000000015ac]
J 35024 c1 org.gradle.internal.execution.steps.AssignImmutableWorkspaceStep$$Lambda$858+0x000001789c68b030.executeInTemporaryWorkspace(Ljava/io/File;)Ljava/lang/Object; (21 bytes) @ 0x000001788b1bbf4c [0x000001788b1bbec0+0x000000000000008c]
J 35344 c1 org.gradle.internal.execution.workspace.impl.CacheBasedImmutableWorkspaceProvider$1.withTemporaryWorkspace(Lorg/gradle/internal/execution/workspace/ImmutableWorkspaceProvider$ImmutableWorkspace$TemporaryWorkspaceAction;)Ljava/lang/Object; (53 bytes) @ 0x000001788b259c1c [0x000001788b259620+0x00000000000005fc]
J 35023 c1 org.gradle.internal.execution.steps.AssignImmutableWorkspaceStep.executeInTemporaryWorkspace(Lorg/gradle/internal/execution/UnitOfWork;Lorg/gradle/internal/execution/steps/IdentityContext;Lorg/gradle/internal/execution/workspace/ImmutableWorkspaceProvider$ImmutableWorkspace;)Lorg/gradle/internal/execution/steps/WorkspaceResult; (19 bytes) @ 0x000001788b1bb64c [0x000001788b1bb140+0x000000000000050c]
J 28969 c1 org.gradle.internal.execution.steps.AssignImmutableWorkspaceStep$$Lambda$857+0x000001789c68ac18.get()Ljava/lang/Object; (20 bytes) @ 0x000001788a76ce84 [0x000001788a76cdc0+0x00000000000000c4]
J 34402 c1 org.gradle.internal.execution.steps.AssignImmutableWorkspaceStep.execute(Lorg/gradle/internal/execution/UnitOfWork;Lorg/gradle/internal/execution/steps/IdentityContext;)Lorg/gradle/internal/execution/steps/WorkspaceResult; (60 bytes) @ 0x000001788832f54c [0x000001788832eb20+0x0000000000000a2c]
J 28966 c1 org.gradle.internal.execution.steps.AssignImmutableWorkspaceStep.execute(Lorg/gradle/internal/execution/UnitOfWork;Lorg/gradle/internal/execution/steps/Context;)Lorg/gradle/internal/execution/steps/Result; (10 bytes) @ 0x000001788a76bfb4 [0x000001788a76be40+0x0000000000000174]
J 34485 c1 org.gradle.internal.execution.steps.ChoosePipelineStep.execute(Lorg/gradle/internal/execution/UnitOfWork;Lorg/gradle/internal/execution/steps/IdentityContext;)Lorg/gradle/internal/execution/steps/Result; (71 bytes) @ 0x000001788afe200c [0x000001788afe1720+0x00000000000008ec]
J 34487 c1 org.gradle.internal.execution.steps.ChoosePipelineStep.execute(Lorg/gradle/internal/execution/UnitOfWork;Lorg/gradle/internal/execution/steps/Context;)Lorg/gradle/internal/execution/steps/Result; (10 bytes) @ 0x000001788adb5eb4 [0x000001788adb5d40+0x0000000000000174]
J 35170 c1 org.gradle.internal.execution.steps.ExecuteWorkBuildOperationFiringStep.lambda$execute$0(Lorg/gradle/internal/execution/UnitOfWork;Lorg/gradle/internal/execution/steps/IdentityContext;Lorg/gradle/internal/operations/BuildOperationContext;)Lorg/gradle/internal/execution/steps/CachingResult; (78 bytes) @ 0x000001788b214f74 [0x000001788b214e60+0x0000000000000114]
J 34523 c1 org.gradle.internal.execution.steps.ExecuteWorkBuildOperationFiringStep$$Lambda$2390+0x000001789d710fc8.apply(Ljava/lang/Object;)Ljava/lang/Object; (20 bytes) @ 0x00000178895c2cdc [0x00000178895c2b40+0x000000000000019c]
J 19005 c1 org.gradle.internal.execution.steps.BuildOperationStep$1.call(Lorg/gradle/internal/operations/BuildOperationContext;)Ljava/lang/Object; (11 bytes) @ 0x00000178889e9044 [0x00000178889e8f40+0x0000000000000104]
J 18268 c1 org.gradle.internal.operations.DefaultBuildOperationRunner$CallableBuildOperationWorker.execute(Lorg/gradle/internal/operations/BuildOperation;Lorg/gradle/internal/operations/BuildOperationContext;)V (10 bytes) @ 0x0000017889714e4c [0x0000017889714be0+0x000000000000026c]
J 32477 c2 org.gradle.internal.operations.DefaultBuildOperationRunner.execute(Lorg/gradle/internal/operations/BuildOperation;Lorg/gradle/internal/operations/BuildOperationWorker;Lorg/gradle/internal/operations/BuildOperationState;)V (23 bytes) @ 0x00000178908002f0 [0x00000178907fe720+0x0000000000001bd0]
J 18266 c1 org.gradle.internal.operations.DefaultBuildOperationRunner.call(Lorg/gradle/internal/operations/CallableBuildOperation;)Ljava/lang/Object; (24 bytes) @ 0x00000178897138f4 [0x0000017889713420+0x00000000000004d4]
J 19004 c1 org.gradle.internal.execution.steps.BuildOperationStep.operation(Ljava/util/function/Function;Lorg/gradle/internal/operations/BuildOperationDescriptor$Builder;)Ljava/lang/Object; (20 bytes) @ 0x00000178889e96c4 [0x00000178889e93e0+0x00000000000002e4]
J 34515 c1 org.gradle.internal.execution.steps.ExecuteWorkBuildOperationFiringStep.lambda$execute$1(Lorg/gradle/internal/execution/UnitOfWork;Lorg/gradle/internal/execution/steps/IdentityContext;Ljava/lang/String;)Lorg/gradle/internal/execution/steps/CachingResult; (41 bytes) @ 0x00000178894f881c [0x00000178894f7da0+0x0000000000000a7c]
J 34522 c1 org.gradle.internal.execution.steps.ExecuteWorkBuildOperationFiringStep$$Lambda$1634+0x000001789cfde028.apply(Ljava/lang/Object;)Ljava/lang/Object; (20 bytes) @ 0x0000017888e1833c [0x0000017888e181c0+0x000000000000017c]
J 34484 c1 org.gradle.internal.execution.steps.ExecuteWorkBuildOperationFiringStep.execute(Lorg/gradle/internal/execution/UnitOfWork;Lorg/gradle/internal/execution/steps/Context;)Lorg/gradle/internal/execution/steps/Result; (10 bytes) @ 0x0000017888d65be4 [0x0000017888d652c0+0x0000000000000924]
J 34459 c1 org.gradle.internal.execution.steps.IdentityCacheStep$$Lambda$856+0x000001789c68a148.get()Ljava/lang/Object; (16 bytes) @ 0x000001788869aa34 [0x000001788869a880+0x00000000000001b4]
J 21461 c1 org.gradle.cache.Cache$$Lambda$77+0x000001789c0f2ae8.apply(Ljava/lang/Object;)Ljava/lang/Object; (9 bytes) @ 0x0000017889a90b7c [0x0000017889a90a40+0x000000000000013c]
J 38150 c1 java.util.concurrent.ConcurrentHashMap.computeIfAbsent(Ljava/lang/Object;Ljava/util/function/Function;)Ljava/lang/Object; java.base@17.0.18 (576 bytes) @ 0x000001788b81d38c [0x000001788b81c4a0+0x0000000000000eec]
J 32479 c2 org.gradle.cache.Cache.get(Ljava/lang/Object;Ljava/util/function/Supplier;)Ljava/lang/Object; (14 bytes) @ 0x00000178907f9d58 [0x00000178907f8da0+0x0000000000000fb8]
J 29070 c1 org.gradle.internal.execution.steps.IdentityCacheStep.lambda$executeDeferred$1(Lorg/gradle/cache/Cache;Lorg/gradle/internal/execution/UnitOfWork$Identity;Lorg/gradle/internal/execution/UnitOfWork;Lorg/gradle/internal/execution/steps/IdentityContext;)Lorg/gradle/internal/Try; (20 bytes) @ 0x000001788a7b169c [0x000001788a7b1120+0x000000000000057c]
J 29069 c1 org.gradle.internal.execution.steps.IdentityCacheStep$$Lambda$849+0x000001789c6891d0.get()Ljava/lang/Object; (24 bytes) @ 0x000001788a7b0d4c [0x000001788a7b0cc0+0x000000000000008c]
J 29067 c1 org.gradle.internal.Deferrable$3.completeAndGet()Ljava/lang/Object; (46 bytes) @ 0x000001788a7afeec [0x000001788a7afd40+0x00000000000001ac]
J 19341 c1 org.gradle.internal.Deferrable$1.completeAndGet()Ljava/lang/Object; (18 bytes) @ 0x000001788961730c [0x0000017889617200+0x000000000000010c]
J 19341 c1 org.gradle.internal.Deferrable$1.completeAndGet()Ljava/lang/Object; (18 bytes) @ 0x000001788961730c [0x0000017889617200+0x000000000000010c]
j  org.gradle.internal.Deferrable.lambda$flatMap$0(Ljava/util/function/Function;)Ljava/lang/Object;+15
j  org.gradle.internal.Deferrable$$Lambda$3085+0x000001789dad6d60.get()Ljava/lang/Object;+8
J 29067 c1 org.gradle.internal.Deferrable$3.completeAndGet()Ljava/lang/Object; (46 bytes) @ 0x000001788a7afeec [0x000001788a7afd40+0x00000000000001ac]
J 31236 c1 org.gradle.api.internal.artifacts.transform.TransformingAsyncArtifactListener$TransformedArtifact.finalizeValue()Lorg/gradle/internal/Try; (168 bytes) @ 0x000001788aa63b5c [0x000001788aa632a0+0x00000000000008bc]
J 29066 c1 org.gradle.api.internal.artifacts.transform.TransformingAsyncArtifactListener$TransformedArtifact.run(Lorg/gradle/internal/operations/BuildOperationContext;)V (6 bytes) @ 0x000001788a7afa34 [0x000001788a7af9c0+0x0000000000000074]
J 28963 c1 org.gradle.internal.operations.DefaultBuildOperationExecutor$$Lambda$824+0x000001789c671190.execute(Lorg/gradle/internal/operations/BuildOperation;Lorg/gradle/internal/operations/BuildOperationContext;)V (11 bytes) @ 0x000001788a76b054 [0x000001788a76ae40+0x0000000000000214]
J 32477 c2 org.gradle.internal.operations.DefaultBuildOperationRunner.execute(Lorg/gradle/internal/operations/BuildOperation;Lorg/gradle/internal/operations/BuildOperationWorker;Lorg/gradle/internal/operations/BuildOperationState;)V (23 bytes) @ 0x00000178908002f0 [0x00000178907fe720+0x0000000000001bd0]
J 28962 c1 org.gradle.internal.operations.DefaultBuildOperationQueue$WorkerRunnable.runOperation(Lorg/gradle/internal/operations/BuildOperation;)V (26 bytes) @ 0x000001788a76a7d4 [0x000001788a76a600+0x00000000000001d4]
j  org.gradle.internal.operations.DefaultBuildOperationQueue$WorkerRunnable.doRunBatch(Lorg/gradle/internal/operations/BuildOperation;)I+28
j  org.gradle.internal.operations.DefaultBuildOperationQueue$WorkerRunnable.lambda$runBatch$0(Lorg/gradle/internal/operations/BuildOperation;)Ljava/lang/Integer;+2
j  org.gradle.internal.operations.DefaultBuildOperationQueue$WorkerRunnable$$Lambda$855+0x000001789c689f28.create()Ljava/lang/Object;+8
j  org.gradle.internal.resources.AbstractResourceLockRegistry.whileDisallowingLockChanges(Lorg/gradle/internal/Factory;)Ljava/lang/Object;+17
j  org.gradle.internal.work.DefaultWorkerLeaseService.whileDisallowingProjectLockChanges(Lorg/gradle/internal/Factory;)Ljava/lang/Object;+14
j  org.gradle.internal.operations.DefaultBuildOperationQueue$WorkerRunnable.lambda$runBatch$1(Lorg/gradle/internal/operations/BuildOperation;)Ljava/lang/Integer;+33
j  org.gradle.internal.operations.DefaultBuildOperationQueue$WorkerRunnable$$Lambda$854+0x000001789c689d08.create()Ljava/lang/Object;+8
j  org.gradle.internal.work.DefaultWorkerLeaseService.withLocks(Ljava/util/Collection;Lorg/gradle/internal/Factory;)Ljava/lang/Object;+28
j  org.gradle.internal.work.DefaultWorkerLeaseService.runAsWorkerThread(Lorg/gradle/internal/Factory;)Ljava/lang/Object;+33
J 34976 c1 org.gradle.internal.operations.DefaultBuildOperationQueue$WorkerRunnable.run()V (48 bytes) @ 0x000001788ae6ab94 [0x000001788ae6a640+0x0000000000000554]
J 26592 c2 org.gradle.internal.concurrent.ExecutorPolicy$CatchAndRecordFailures.onExecute(Ljava/lang/Runnable;)V (29 bytes) @ 0x0000017890435e08 [0x0000017890435dc0+0x0000000000000048]
J 22754 c1 org.gradle.internal.concurrent.AbstractManagedExecutor$1.run()V (57 bytes) @ 0x0000017889d7ad3c [0x0000017889d7ab80+0x00000000000001bc]
j  java.util.concurrent.ThreadPoolExecutor.runWorker(Ljava/util/concurrent/ThreadPoolExecutor$Worker;)V+92 java.base@17.0.18
j  java.util.concurrent.ThreadPoolExecutor$Worker.run()V+5 java.base@17.0.18
j  java.lang.Thread.run()V+11 java.base@17.0.18
v  ~StubRoutines::call_stub

siginfo: EXCEPTION_ACCESS_VIOLATION (0xc0000005), reading address 0x00000178bd02bf0c


Registers:
RAX=0x0000000000000000, RBX=0x0000000000000001, RCX=0x0000000096603099, RDX=0x0000000096603099
RSP=0x000000202dbfdd58, RBP=0x00000178bd02bf04, RSI=0x00000178fa6ef720, RDI=0x00000178fa6ef720
R8 =0x0000000096603099, R9 =0x00000178bd02bf04, R10=0x0000000096603099, R11=0x0000000000000001
R12=0x00000178fadcbbf8, R13=0x0000000000000005, R14=0x0000000000000040, R15=0x0000000096603099
RIP=0x00007ffc06dacad6, EFLAGS=0x0000000000010202

XMM[0]=0x000000c102c1e000 0x0000000093af8abb
XMM[1]=0x966058d896605858 0x96605820966057e8
XMM[2]=0x96605b2896605af8 0x96605ab096605a80
XMM[3]=0x96605ca896605c78 0x96605c4896605c18
XMM[4]=0x96605e6896605e20 0x96605db096605d98
XMM[5]=0x96605fa896605f40 0x96605f2096605eb0
XMM[6]=0x0000000000000000 0x0000000000000000
XMM[7]=0x0000000000000000 0x0000000000000000
XMM[8]=0x0000000000000000 0x0000000000000000
XMM[9]=0x0000000000000000 0x0000000000000000
XMM[10]=0x0000000000000000 0x0000000000000000
XMM[11]=0x0000000000000000 0x0000000000000000
XMM[12]=0x0000000000000000 0x0000000000000000
XMM[13]=0x0000000000000000 0x0000000000000000
XMM[14]=0x0000000000000000 0x0000000000000000
XMM[15]=0x0000000000000000 0x0000000000000000
  MXCSR=0x00001fa0


Register to memory mapping:

RIP=0x00007ffc06dacad6 jvm.dll
RAX=0x0 is NULL
RBX=0x0000000000000001 is an unknown value
RCX=0x0000000096603099 is pointing into object: com.android.tools.r8.dex.code.P2 
{0x0000000096603098} - klass: 'com/android/tools/r8/dex/code/P2'
 - ---- fields (total size 2 words):
 - public 'b' 'I' @12  34 (22)
RDX=0x0000000096603099 is pointing into object: com.android.tools.r8.dex.code.P2 
{0x0000000096603098} - klass: 'com/android/tools/r8/dex/code/P2'
 - ---- fields (total size 2 words):
 - public 'b' 'I' @12  34 (22)
RSP=0x000000202dbfdd58 points into unknown readable memory: 0x00007ffc070aad7a | 7a ad 0a 07 fc 7f 00 00
RBP=0x00000178bd02bf04 is an unknown value
RSI=0x00000178fa6ef720 points into unknown readable memory: 0x00007ffc076fe998 | 98 e9 6f 07 fc 7f 00 00
RDI=0x00000178fa6ef720 points into unknown readable memory: 0x00007ffc076fe998 | 98 e9 6f 07 fc 7f 00 00
R8 =0x0000000096603099 is pointing into object: com.android.tools.r8.dex.code.P2 
{0x0000000096603098} - klass: 'com/android/tools/r8/dex/code/P2'
 - ---- fields (total size 2 words):
 - public 'b' 'I' @12  34 (22)
R9 =0x00000178bd02bf04 is an unknown value
R10=0x0000000096603099 is pointing into object: com.android.tools.r8.dex.code.P2 
{0x0000000096603098} - klass: 'com/android/tools/r8/dex/code/P2'
 - ---- fields (total size 2 words):
 - public 'b' 'I' @12  34 (22)
R11=0x0000000000000001 is an unknown value
R12=0x00000178fadcbbf8 points into unknown readable memory: 0x00007ffc077003f8 | f8 03 70 07 fc 7f 00 00
R13=0x0000000000000005 is an unknown value
R14=0x0000000000000040 is an unknown value
R15=0x0000000096603099 is pointing into object: com.android.tools.r8.dex.code.P2 
{0x0000000096603098} - klass: 'com/android/tools/r8/dex/code/P2'
 - ---- fields (total size 2 words):
 - public 'b' 'I' @12  34 (22)


Top of Stack: (sp=0x000000202dbfdd58)
0x000000202dbfdd58:   00007ffc070aad7a 0000000000000001
0x000000202dbfdd68:   0000000000000001 000001789dbf04b8
0x000000202dbfdd78:   00007ffc070a9638 0000000000000001
0x000000202dbfdd88:   00007ffc00000000 0000000000000002
0x000000202dbfdd98:   00000178e62dcae0 00000178fa6ef8a0
0x000000202dbfdda8:   00000178fadcbbf8 0000000000000000
0x000000202dbfddb8:   0000000000000040 0000000000000005
0x000000202dbfddc8:   00000178fa6ef720 0000000093af8b1c
0x000000202dbfddd8:   000000000000a2e9 0000000093af8b1d
0x000000202dbfdde8:   00007ffc070abe72 0000000092900000
0x000000202dbfddf8:   0000000000000001 0000000000000000
0x000000202dbfde08:   b800000000000000 0000000000000002
0x000000202dbfde18:   000000202dbfe0b0 00000020327f9608
0x000000202dbfde28:   0000017900d674b0 0000000000000005
0x000000202dbfde38:   00007ffc070a8bde 000001788b961ea0
0x000000202dbfde48:   00000178fa6ef720 0000000000000002
0x000000202dbfde58:   000000202dbfe0b0 000000009eae63f6
0x000000202dbfde68:   000000d240ca99ba 0000017900d674b0
0x000000202dbfde78:   0000000000000005 00000178fadcbbf8
0x000000202dbfde88:   00007ffc070baf91 00000178e0150000
0x000000202dbfde98:   00007ffc07070001 0000000000000000
0x000000202dbfdea8:   0000000000000001 0000000000000000
0x000000202dbfdeb8:   00007ffc07411e7d 00000020327f9608
0x000000202dbfdec8:   0000017900d674b0 000001788b961590
0x000000202dbfded8:   00000178fadcbca0 00000178e761f188
0x000000202dbfdee8:   0000000000000000 000000202ccfe900
0x000000202dbfdef8:   0000ffff0000a567 00000178fadcbca0
0x000000202dbfdf08:   000000202ccfe900 00000000000003d8
0x000000202dbfdf18:   00000178e015b478 00000178fadcbbf8
0x000000202dbfdf28:   000000202dbfe0b0 000000202dbfe090
0x000000202dbfdf38:   00007ffc0706d155 000000202dbfe080
0x000000202dbfdf48:   000000202dbfe080 00000178fadcbbf8 

Instructions: (pc=0x00007ffc06dacad6)
0x00007ffc06dac9d6:   cc cc cc cc cc cc cc cc cc cc 4c 8b 01 4c 8b c9
0x00007ffc06dac9e6:   48 8b 0d 23 f2 b6 00 ba 64 60 08 00 e9 59 f1 ff
0x00007ffc06dac9f6:   ff cc cc cc cc cc cc cc cc cc 8b 05 02 39 b1 00
0x00007ffc06daca06:   c3 cc cc cc cc cc cc cc cc cc 0f b6 05 1e fb b7
0x00007ffc06daca16:   00 48 8b d1 84 c0 74 16 44 8b 41 08 8b 0d e0 38
0x00007ffc06daca26:   b1 00 49 d3 e0 4c 03 05 ce 38 b1 00 eb 04 4c 8b
0x00007ffc06daca36:   41 08 45 8b 48 08 45 85 c9 7e 0e 41 f6 c1 01 75
0x00007ffc06daca46:   53 41 c1 f9 03 41 8b c1 c3 79 49 84 c0 41 b8 0c
0x00007ffc06daca56:   00 00 00 8b 05 e5 47 b1 00 b9 10 00 00 00 41 0f
0x00007ffc06daca66:   45 c8 ff c8 48 98 48 63 14 11 41 8b c9 83 e1 3f
0x00007ffc06daca76:   48 d3 e2 41 8b c9 48 c1 f9 10 44 0f b6 c1 48 8d
0x00007ffc06daca86:   0c 10 48 f7 d0 4c 03 c1 48 c1 e8 03 49 c1 e8 03
0x00007ffc06daca96:   41 23 c0 c3 49 8b 00 49 8b c8 48 ff a0 00 01 00
0x00007ffc06dacaa6:   00 cc cc cc cc cc cc cc cc cc 8b 44 24 30 45 03
0x00007ffc06dacab6:   c9 44 2b 4c 24 28 83 c0 0b 44 03 ca 45 03 c8 41
0x00007ffc06dacac6:   03 c1 c3 cc cc cc cc cc cc cc 4c 8b ca 48 8b d1
0x00007ffc06dacad6:   45 8b 41 08 45 85 c0 7e 0e 41 f6 c0 01 75 56 41
0x00007ffc06dacae6:   c1 f8 03 41 8b c0 c3 79 4c 80 3d 3f fa b7 00 00
0x00007ffc06dacaf6:   b8 0c 00 00 00 b9 10 00 00 00 0f 45 c8 8b 05 3b
0x00007ffc06dacb06:   47 b1 00 ff c8 48 98 48 63 14 11 41 8b c8 83 e1
0x00007ffc06dacb16:   3f 48 d3 e2 41 8b c8 48 c1 f9 10 44 0f b6 c1 48
0x00007ffc06dacb26:   8d 0c 10 48 f7 d0 4c 03 c1 48 c1 e8 03 49 c1 e8
0x00007ffc06dacb36:   03 41 23 c0 c3 49 8b 01 49 8b c9 48 ff a0 00 01
0x00007ffc06dacb46:   00 00 cc cc cc cc cc cc cc cc 48 8b 41 08 0f b7
0x00007ffc06dacb56:   48 2a 0f b7 40 28 83 c0 48 03 c1 c3 cc cc cc cc
0x00007ffc06dacb66:   cc cc cc cc cc cc cc cc cc cc 48 89 5c 24 08 57
0x00007ffc06dacb76:   48 83 ec 20 0f b6 05 6f e6 bb 00 48 8b fa 48 8b
0x00007ffc06dacb86:   d9 84 c0 74 4f 48 85 15 56 de bb 00 74 38 48 8b
0x00007ffc06dacb96:   ca e8 04 f1 85 00 48 8b d0 48 85 db 74 25 48 85
0x00007ffc06dacba6:   c0 74 20 48 8b c7 f0 48 0f b1 13 74 16 48 85 05
0x00007ffc06dacbb6:   2e de bb 00 74 0d 48 8b c8 f0 48 0f b1 13 48 3b
0x00007ffc06dacbc6:   c1 75 ea 48 8b fa 48 8b c7 48 8b 5c 24 30 48 83 


Stack slot to memory mapping:
stack at sp + 0 slots: 0x00007ffc070aad7a jvm.dll
stack at sp + 1 slots: 0x0000000000000001 is an unknown value
stack at sp + 2 slots: 0x0000000000000001 is an unknown value
stack at sp + 3 slots: 0x000001789dbf04b8 is a pointer to class: 
com.android.tools.r8.dex.code.P2 {0x000001789dbf04c0}
 - instance size:     2
 - klass size:        151
 - access:            public 
 - state:             fully_initialized
 - name:              'com/android/tools/r8/dex/code/P2'
 - super:             'com/android/tools/r8/dex/code/E0'
 - sub:               'com/android/tools/r8/dex/code/x0'   'com/android/tools/r8/dex/code/b4'   
 - arrays:            NULL
 - methods:           Array<T>(0x0000017904024270)
 - method ordering:   Array<T>(0x000001789b90a640)
 - default_methods:   Array<T>(0x00000179040267e0)
 - default vtable indices:   Array<T>(0x0000017904026850)
 - local interfaces:  Array<T>(0x000001789b5ccbb0)
 - trans. interfaces: Array<T>(0x00000178f9ff53a0)
 - constants:         constant pool [54] {0x0000017904023a68} for 'com/android/tools/r8/dex/code/P2' cache=0x0000017904187c40
 - class loader data:  loader data: 0x00000178e7483a90 for instance a 'org/gradle/internal/classloader/VisitableURLClassLoader$InstrumentingVisitableURLClassLoader'{0x00000000857e8e30}
 - source file:       'R8_8.4.22_2b932325cd6d46598bfa7e41c62a9eb3b5edfa12a8eb8a250504b6603707a619'
 - class annotations:       Array<T>(0x0000000000000000)
 - class type annotations:  Array<T>(0x0000000000000000)
 - field annotations:       Array<T>(0x0000000000000000)
 - field type annotations:  Array<T>(0x0000000000000000)
 - inner classes:     Array<T>(0x000001789b5ccb40)
 - nest members:     Array<T>(0x000001789b5ccb40)
 - permitted subclasses:     Array<T>(0x000001789b5ccb40)
 - java mirror:       a 'java/lang/Class'{0x000000009389fab0} = 'com/android/tools/r8/dex/code/P2'
 - vtable length      56  (start addr: 0x000001789dbf0680)
 - itable length      38 (start addr: 0x000001789dbf0840)
 - ---- static fields (0 words):
 - ---- non-static fields (1 words):
 - public 'b' 'I' @12 
 - non-static oop maps: 
stack at sp + 4 slots: 0x00007ffc070a9638 jvm.dll
stack at sp + 5 slots: 0x0000000000000001 is an unknown value
stack at sp + 6 slots: 0x00007ffc00000000 is an unknown value
stack at sp + 7 slots: 0x0000000000000002 is an unknown value


---------------  P R O C E S S  ---------------

Threads class SMR info:
_java_thread_list=0x0000017900fa8110, length=88, elements={
0x00000178fb1fe870, 0x000001789af4fd00, 0x000001789af50a90, 0x000001789af64e70,
0x000001789af68760, 0x000001789af69030, 0x000001789af69d10, 0x000001789af6afd0,
0x000001789af6b990, 0x000001789af87d90, 0x00000178e01abd60, 0x00000178e01ac780,
0x00000178e01acc90, 0x00000178e01ad1a0, 0x00000178e01a99f0, 0x00000178e280dcb0,
0x00000178e2813ce0, 0x00000178e280e6d0, 0x00000178e280ebe0, 0x00000178e2814c10,
0x00000178e2812390, 0x00000178e2811970, 0x00000178e28128a0, 0x00000178e280d7a0,
0x00000178e28132c0, 0x00000178e7ec7230, 0x00000178e27d4160, 0x00000178e6246830,
0x00000178e6247250, 0x00000178e0779ac0, 0x00000178e0778680, 0x00000178e077a4e0,
0x00000178e0777c60, 0x00000178e077e1a0, 0x00000178e077a9f0, 0x00000178e077c850,
0x00000178e07795b0, 0x00000178e077cd60, 0x00000178e0778170, 0x00000178e077f5e0,
0x00000178e077b920, 0x00000178e077dc90, 0x00000178e2810020, 0x00000178e280f600,
0x00000178e2811e80, 0x00000178e280e1c0, 0x00000178e2812db0, 0x00000178e280fb10,
0x00000178e280f0f0, 0x00000178e2810f50, 0x00000178e7ec3a80, 0x00000178e7ec9ab0,
0x00000178e7ec49b0, 0x00000178e7ec8670, 0x00000178e7ec5df0, 0x00000178e7ec53d0,
0x00000178e7ec6d20, 0x00000178e7ec6300, 0x00000178e27d2810, 0x00000178e27d55a0,
0x00000178e27d2d20, 0x00000178e51f5b30, 0x00000178e51f6a60, 0x00000178e51f7ea0,
0x00000178e01a9f00, 0x00000178e01aa410, 0x00000178e01aae30, 0x00000178e01ab340,
0x00000178e27d3230, 0x00000178e548b9f0, 0x00000178e548d340, 0x00000178e548f6b0,
0x00000178e548d850, 0x00000178e548e780, 0x00000178e548ce30, 0x00000178e548e270,
0x00000178e5491510, 0x00000178e548fbc0, 0x00000178e548a0a0, 0x00000178e548afd0,
0x00000178e548bf00, 0x00000178e54900d0, 0x00000178e548c410, 0x00000178e548c920,
0x00000178e548ec90, 0x00000178e548f1a0, 0x00000178e54905e0, 0x00000178fa22bf90
}

Java Threads: ( => current thread )
  0x00000178fb1fe870 JavaThread "main" [_thread_blocked, id=6140, stack(0x000000202c600000,0x000000202c700000)]
  0x000001789af4fd00 JavaThread "Reference Handler" daemon [_thread_blocked, id=12592, stack(0x000000202cd00000,0x000000202ce00000)]
  0x000001789af50a90 JavaThread "Finalizer" daemon [_thread_blocked, id=8948, stack(0x000000202ce00000,0x000000202cf00000)]
  0x000001789af64e70 JavaThread "Signal Dispatcher" daemon [_thread_blocked, id=6648, stack(0x000000202cf00000,0x000000202d000000)]
  0x000001789af68760 JavaThread "Attach Listener" daemon [_thread_blocked, id=4996, stack(0x000000202d000000,0x000000202d100000)]
  0x000001789af69030 JavaThread "Service Thread" daemon [_thread_blocked, id=4472, stack(0x000000202d100000,0x000000202d200000)]
  0x000001789af69d10 JavaThread "Monitor Deflation Thread" daemon [_thread_blocked, id=12928, stack(0x000000202d200000,0x000000202d300000)]
  0x000001789af6afd0 JavaThread "C2 CompilerThread0" daemon [_thread_in_native, id=1056, stack(0x000000202d300000,0x000000202d400000)]
  0x000001789af6b990 JavaThread "C1 CompilerThread0" daemon [_thread_blocked, id=7180, stack(0x000000202d400000,0x000000202d500000)]
  0x000001789af87d90 JavaThread "Sweeper thread" daemon [_thread_blocked, id=3972, stack(0x000000202d500000,0x000000202d600000)]
  0x00000178e01abd60 JavaThread "Common-Cleaner" daemon [_thread_blocked, id=5528, stack(0x000000202d600000,0x000000202d700000)]
  0x00000178e01ac780 JavaThread "Notification Thread" daemon [_thread_blocked, id=3556, stack(0x000000202d700000,0x000000202d800000)]
  0x00000178e01acc90 JavaThread "Daemon health stats" [_thread_blocked, id=6136, stack(0x000000202dd00000,0x000000202de00000)]
  0x00000178e01ad1a0 JavaThread "Incoming local TCP Connector on port 52195" [_thread_in_native, id=7588, stack(0x000000202de00000,0x000000202df00000)]
  0x00000178e01a99f0 JavaThread "Daemon periodic checks" [_thread_blocked, id=8532, stack(0x000000202df00000,0x000000202e000000)]
  0x00000178e280dcb0 JavaThread "Cache worker for journal cache (C:\Users\PC\.gradle\caches\journal-1)" [_thread_blocked, id=3200, stack(0x000000202e700000,0x000000202e800000)]
  0x00000178e2813ce0 JavaThread "File lock request listener" [_thread_in_native, id=5900, stack(0x000000202e800000,0x000000202e900000)]
  0x00000178e280e6d0 JavaThread "Cache worker for file hash cache (C:\Users\PC\.gradle\caches\8.6\fileHashes)" [_thread_blocked, id=9460, stack(0x000000202e900000,0x000000202ea00000)]
  0x00000178e280ebe0 JavaThread "File watcher server" daemon [_thread_blocked, id=11980, stack(0x000000202ea00000,0x000000202eb00000)]
  0x00000178e2814c10 JavaThread "File watcher consumer" daemon [_thread_blocked, id=13192, stack(0x000000202eb00000,0x000000202ec00000)]
  0x00000178e2812390 JavaThread "jar transforms" [_thread_blocked, id=6556, stack(0x000000202d900000,0x000000202da00000)]
  0x00000178e2811970 JavaThread "jar transforms Thread 2" [_thread_blocked, id=10592, stack(0x000000202ec00000,0x000000202ed00000)]
  0x00000178e28128a0 JavaThread "jar transforms Thread 3" [_thread_blocked, id=6236, stack(0x000000202ed00000,0x000000202ee00000)]
  0x00000178e280d7a0 JavaThread "jar transforms Thread 4" [_thread_blocked, id=10928, stack(0x000000202ee00000,0x000000202ef00000)]
  0x00000178e28132c0 JavaThread "Cache worker for file content cache (C:\Users\PC\.gradle\caches\8.6\fileContent)" [_thread_blocked, id=4144, stack(0x000000202f500000,0x000000202f600000)]
  0x00000178e7ec7230 JavaThread "Memory manager" [_thread_blocked, id=10244, stack(0x000000202c400000,0x000000202c500000)]
  0x00000178e27d4160 JavaThread "pool-3-thread-1" [_thread_blocked, id=10784, stack(0x0000002030200000,0x0000002030300000)]
  0x00000178e6246830 JavaThread "Daemon Thread 2" [_thread_blocked, id=10868, stack(0x000000202c300000,0x000000202c400000)]
  0x00000178e6247250 JavaThread "Handler for socket connection from /127.0.0.1:52195 to /127.0.0.1:52221" [_thread_in_native, id=12436, stack(0x000000202c500000,0x000000202c600000)]
  0x00000178e0779ac0 JavaThread "Cancel handler" [_thread_blocked, id=2516, stack(0x000000202e000000,0x000000202e100000)]
  0x00000178e0778680 JavaThread "Daemon worker Thread 2" [_thread_blocked, id=4384, stack(0x000000202e100000,0x000000202e200000)]
  0x00000178e077a4e0 JavaThread "Asynchronous log dispatcher for DefaultDaemonConnection: socket connection from /127.0.0.1:52195 to /127.0.0.1:52221" [_thread_blocked, id=5344, stack(0x000000202e200000,0x000000202e300000)]
  0x00000178e0777c60 JavaThread "Stdin handler" [_thread_blocked, id=8008, stack(0x000000202e300000,0x000000202e400000)]
  0x00000178e077e1a0 JavaThread "Daemon client event forwarder" [_thread_blocked, id=2496, stack(0x000000202e400000,0x000000202e500000)]
  0x00000178e077a9f0 JavaThread "Cache worker for checksums cache (C:\Users\PC\AndroidStudioProjects\neuroapp\.gradle\8.6\checksums)" [_thread_blocked, id=4608, stack(0x000000202e500000,0x000000202e600000)]
  0x00000178e077c850 JavaThread "Cache worker for file hash cache (C:\Users\PC\AndroidStudioProjects\neuroapp\.gradle\8.6\fileHashes)" [_thread_blocked, id=8560, stack(0x000000202e600000,0x000000202e700000)]
  0x00000178e07795b0 JavaThread "Cache worker for cache directory md-supplier (C:\Users\PC\.gradle\caches\8.6\md-supplier)" [_thread_blocked, id=2904, stack(0x000000202f000000,0x000000202f100000)]
  0x00000178e077cd60 JavaThread "Cache worker for cache directory md-rule (C:\Users\PC\.gradle\caches\8.6\md-rule)" [_thread_blocked, id=13308, stack(0x000000202f100000,0x000000202f200000)]
  0x00000178e0778170 JavaThread "Cache worker for Build Output Cleanup Cache (C:\Users\PC\AndroidStudioProjects\neuroapp\.gradle\buildOutputCleanup)" [_thread_blocked, id=5888, stack(0x000000202f400000,0x000000202f500000)]
  0x00000178e077f5e0 JavaThread "Unconstrained build operations" [_thread_blocked, id=3016, stack(0x000000202f600000,0x000000202f700000)]
  0x00000178e077b920 JavaThread "Unconstrained build operations Thread 2" [_thread_blocked, id=9132, stack(0x000000202f700000,0x000000202f800000)]
  0x00000178e077dc90 JavaThread "Unconstrained build operations Thread 3" [_thread_blocked, id=1624, stack(0x000000202f800000,0x000000202f900000)]
  0x00000178e2810020 JavaThread "build event listener" [_thread_blocked, id=7028, stack(0x000000202f900000,0x000000202fa00000)]
  0x00000178e280f600 JavaThread "build event listener" [_thread_blocked, id=4676, stack(0x000000202fa00000,0x000000202fb00000)]
  0x00000178e2811e80 JavaThread "pool-7-thread-1" [_thread_blocked, id=13288, stack(0x000000202fd00000,0x000000202fe00000)]
  0x00000178e280e1c0 JavaThread "build event listener" [_thread_blocked, id=5848, stack(0x000000202fe00000,0x000000202ff00000)]
  0x00000178e2812db0 JavaThread "included builds" [_thread_blocked, id=6784, stack(0x000000202ff00000,0x0000002030000000)]
  0x00000178e280fb10 JavaThread "Execution worker" [_thread_blocked, id=11764, stack(0x0000002030000000,0x0000002030100000)]
  0x00000178e280f0f0 JavaThread "Execution worker Thread 2" [_thread_blocked, id=9068, stack(0x0000002030100000,0x0000002030200000)]
  0x00000178e2810f50 JavaThread "Execution worker Thread 3" [_thread_blocked, id=2944, stack(0x0000002030300000,0x0000002030400000)]
  0x00000178e7ec3a80 JavaThread "Cache worker for execution history cache (C:\Users\PC\AndroidStudioProjects\neuroapp\.gradle\8.6\executionHistory)" [_thread_blocked, id=4468, stack(0x0000002030400000,0x0000002030500000)]
  0x00000178e7ec9ab0 JavaThread "Unconstrained build operations Thread 4" [_thread_blocked, id=5428, stack(0x0000002030500000,0x0000002030600000)]
  0x00000178e7ec49b0 JavaThread "Unconstrained build operations Thread 5" [_thread_blocked, id=12640, stack(0x0000002030600000,0x0000002030700000)]
  0x00000178e7ec8670 JavaThread "Unconstrained build operations Thread 6" [_thread_blocked, id=10504, stack(0x0000002030700000,0x0000002030800000)]
  0x00000178e7ec5df0 JavaThread "WorkerExecutor Queue" [_thread_blocked, id=11392, stack(0x0000002030800000,0x0000002030900000)]
  0x00000178e7ec53d0 JavaThread "Unconstrained build operations Thread 7" [_thread_blocked, id=8460, stack(0x0000002030900000,0x0000002030a00000)]
  0x00000178e7ec6d20 JavaThread "Unconstrained build operations Thread 8" [_thread_blocked, id=12672, stack(0x0000002030a00000,0x0000002030b00000)]
  0x00000178e7ec6300 JavaThread "Unconstrained build operations Thread 9" [_thread_blocked, id=4348, stack(0x0000002030b00000,0x0000002030c00000)]
  0x00000178e27d2810 JavaThread "WorkerExecutor Queue Thread 2" [_thread_blocked, id=1088, stack(0x000000202f300000,0x000000202f400000)]
  0x00000178e27d55a0 JavaThread "WorkerExecutor Queue Thread 3" [_thread_blocked, id=12912, stack(0x0000002030c00000,0x0000002030d00000)]
  0x00000178e27d2d20 JavaThread "WorkerExecutor Queue Thread 4" [_thread_blocked, id=9268, stack(0x0000002030d00000,0x0000002030e00000)]
  0x00000178e51f5b30 JavaThread "Unconstrained build operations Thread 10" [_thread_blocked, id=2808, stack(0x0000002030f00000,0x0000002031000000)]
  0x00000178e51f6a60 JavaThread "Unconstrained build operations Thread 11" [_thread_blocked, id=9356, stack(0x0000002031000000,0x0000002031100000)]
  0x00000178e51f7ea0 JavaThread "Unconstrained build operations Thread 12" [_thread_blocked, id=12328, stack(0x0000002031100000,0x0000002031200000)]
  0x00000178e01a9f00 JavaThread "Unconstrained build operations Thread 13" [_thread_blocked, id=12136, stack(0x0000002031200000,0x0000002031300000)]
  0x00000178e01aa410 JavaThread "Unconstrained build operations Thread 14" [_thread_blocked, id=11172, stack(0x0000002031300000,0x0000002031400000)]
  0x00000178e01aae30 JavaThread "Unconstrained build operations Thread 15" [_thread_blocked, id=10216, stack(0x0000002031400000,0x0000002031500000)]
  0x00000178e01ab340 JavaThread "Unconstrained build operations Thread 16" [_thread_blocked, id=400, stack(0x0000002031500000,0x0000002031600000)]
  0x00000178e27d3230 JavaThread "Unconstrained build operations Thread 17" [_thread_blocked, id=7508, stack(0x0000002031600000,0x0000002031700000)]
  0x00000178e548b9f0 JavaThread "Unconstrained build operations Thread 18" [_thread_blocked, id=5436, stack(0x0000002031700000,0x0000002031800000)]
  0x00000178e548d340 JavaThread "Unconstrained build operations Thread 19" [_thread_blocked, id=9108, stack(0x0000002031800000,0x0000002031900000)]
  0x00000178e548f6b0 JavaThread "Unconstrained build operations Thread 20" [_thread_blocked, id=2164, stack(0x0000002031900000,0x0000002031a00000)]
  0x00000178e548d850 JavaThread "Unconstrained build operations Thread 21" [_thread_blocked, id=1688, stack(0x0000002031a00000,0x0000002031b00000)]
  0x00000178e548e780 JavaThread "Unconstrained build operations Thread 22" [_thread_blocked, id=10404, stack(0x0000002031b00000,0x0000002031c00000)]
  0x00000178e548ce30 JavaThread "Unconstrained build operations Thread 23" [_thread_blocked, id=10128, stack(0x0000002030e00000,0x0000002030f00000)]
  0x00000178e548e270 JavaThread "Unconstrained build operations Thread 24" [_thread_blocked, id=8108, stack(0x0000002031c00000,0x0000002031d00000)]
  0x00000178e5491510 JavaThread "Unconstrained build operations Thread 25" [_thread_blocked, id=12084, stack(0x0000002031d00000,0x0000002031e00000)]
  0x00000178e548fbc0 JavaThread "Unconstrained build operations Thread 26" [_thread_blocked, id=9944, stack(0x0000002031e00000,0x0000002031f00000)]
  0x00000178e548a0a0 JavaThread "pool-8-thread-1" [_thread_blocked, id=8180, stack(0x0000002032000000,0x0000002032100000)]
  0x00000178e548afd0 JavaThread "stderr" [_thread_in_native, id=2424, stack(0x0000002031f00000,0x0000002032000000)]
  0x00000178e548bf00 JavaThread "stdout" [_thread_in_native, id=4272, stack(0x0000002032100000,0x0000002032200000)]
  0x00000178e54900d0 JavaThread "Unconstrained build operations Thread 27" [_thread_blocked, id=11612, stack(0x0000002032300000,0x0000002032400000)]
  0x00000178e548c410 JavaThread "Unconstrained build operations Thread 28" [_thread_blocked, id=8612, stack(0x0000002032400000,0x0000002032500000)]
  0x00000178e548c920 JavaThread "Unconstrained build operations Thread 29" [_thread_blocked, id=8700, stack(0x0000002032500000,0x0000002032600000)]
  0x00000178e548ec90 JavaThread "Unconstrained build operations Thread 30" [_thread_blocked, id=7444, stack(0x0000002032600000,0x0000002032700000)]
  0x00000178e548f1a0 JavaThread "Unconstrained build operations Thread 31" [_thread_blocked, id=452, stack(0x0000002032700000,0x0000002032800000)]
  0x00000178e54905e0 JavaThread "Unconstrained build operations Thread 32" [_thread_blocked, id=12720, stack(0x0000002032800000,0x0000002032900000)]
  0x00000178fa22bf90 JavaThread "C2 CompilerThread1" daemon [_thread_in_native, id=4840, stack(0x0000002032200000,0x0000002032300000)]

Other Threads:
  0x000001789af4c760 VMThread "VM Thread" [stack: 0x000000202cc00000,0x000000202cd00000] [id=11800]
  0x00000178fb30e1a0 WatcherThread [stack: 0x000000202d800000,0x000000202d900000] [id=4328]
  0x00000178fb3682c0 GCTaskThread "GC Thread#0" [stack: 0x000000202c700000,0x000000202c800000] [id=10204]
  0x00000178e086a190 GCTaskThread "GC Thread#1" [stack: 0x000000202da00000,0x000000202db00000] [id=7224]
=>0x00000178e086a450 GCTaskThread "GC Thread#2" [stack: 0x000000202db00000,0x000000202dc00000] [id=13016]
  0x00000178e0f6d5c0 GCTaskThread "GC Thread#3" [stack: 0x000000202dc00000,0x000000202dd00000] [id=9536]
  0x00000178fb379120 ConcurrentGCThread "G1 Main Marker" [stack: 0x000000202c800000,0x000000202c900000] [id=5024]
  0x00000178fb37a1f0 ConcurrentGCThread "G1 Conc#0" [stack: 0x000000202c900000,0x000000202ca00000] [id=11700]
  0x00000178fb3ce5f0 ConcurrentGCThread "G1 Refine#0" [stack: 0x000000202ca00000,0x000000202cb00000] [id=11420]
  0x00000178e24b1510 ConcurrentGCThread "G1 Refine#1" [stack: 0x000000202f200000,0x000000202f300000] [id=11164]
  0x000001789ae004a0 ConcurrentGCThread "G1 Service" [stack: 0x000000202cb00000,0x000000202cc00000] [id=6232]

Threads with active compile tasks:
C2 CompilerThread0  266344 40135 %     4       com.android.tools.r8.ir.regalloc.b::c @ 2458 (4466 bytes)
C2 CompilerThread1  266344 38641       4       com.android.tools.r8.ir.regalloc.b::b (1530 bytes)

VM state: at safepoint (normal execution)

VM Mutex/Monitor currently owned by a thread:  ([mutex/lock_event])
[0x00000178fb3082b0] Threads_lock - owner thread: 0x000001789af4c760
[0x00000178fb3098a0] Heap_lock - owner thread: 0x00000178e548ec90

Heap address: 0x0000000080000000, size: 2048 MB, Compressed Oops mode: 32-bit

CDS archive(s) mapped at: [0x000001789b000000-0x000001789bbb0000-0x000001789bbb0000), size 12255232, SharedBaseAddress: 0x000001789b000000, ArchiveRelocationMode: 1.
Compressed class space mapped at: 0x000001789c000000-0x00000178dc000000, reserved size: 1073741824
Narrow klass base: 0x000001789b000000, Narrow klass shift: 0, Narrow klass range: 0x100000000

GC Precious Log:
 CPUs: 4 total, 4 available
 Memory: 8142M
 Large Page Support: Disabled
 NUMA Support: Disabled
 Compressed Oops: Enabled (32-bit)
 Heap Region Size: 1M
 Heap Min Capacity: 8M
 Heap Initial Capacity: 128M
 Heap Max Capacity: 2G
 Pre-touch: Disabled
 Parallel Workers: 4
 Concurrent Workers: 1
 Concurrent Refinement Workers: 4
 Periodic GC: Disabled

Heap:
 garbage-first heap   total 544768K, used 462790K [0x0000000080000000, 0x0000000100000000)
  region size 1024K, 242 young (247808K), 29 survivors (29696K)
 Metaspace       used 231119K, committed 232576K, reserved 1310720K
  class space    used 28783K, committed 29440K, reserved 1048576K

Heap Regions: E=young(eden), S=young(survivor), O=old, HS=humongous(starts), HC=humongous(continues), CS=collection set, F=free, OA=open archive, CA=closed archive, TAMS=top-at-mark-start (previous, next)
|   0|0x0000000080000000, 0x0000000080100000, 0x0000000080100000|100%| O|  |TAMS 0x0000000080100000, 0x0000000080000000| Untracked 
|   1|0x0000000080100000, 0x0000000080200000, 0x0000000080200000|100%| O|  |TAMS 0x0000000080200000, 0x0000000080100000| Untracked 
|   2|0x0000000080200000, 0x0000000080300000, 0x0000000080300000|100%|HS|  |TAMS 0x0000000080300000, 0x0000000080200000| Complete 
|   3|0x0000000080300000, 0x0000000080400000, 0x0000000080400000|100%|HC|  |TAMS 0x0000000080400000, 0x0000000080300000| Complete 
|   4|0x0000000080400000, 0x0000000080500000, 0x0000000080500000|100%|HC|  |TAMS 0x0000000080500000, 0x0000000080400000| Complete 
|   5|0x0000000080500000, 0x0000000080600000, 0x0000000080600000|100%|HC|  |TAMS 0x0000000080600000, 0x0000000080500000| Complete 
|   6|0x0000000080600000, 0x0000000080700000, 0x0000000080700000|100%| O|  |TAMS 0x0000000080700000, 0x0000000080600000| Untracked 
|   7|0x0000000080700000, 0x0000000080800000, 0x0000000080800000|100%| O|  |TAMS 0x0000000080800000, 0x0000000080700000| Untracked 
|   8|0x0000000080800000, 0x0000000080900000, 0x0000000080900000|100%| O|  |TAMS 0x0000000080900000, 0x0000000080800000| Untracked 
|   9|0x0000000080900000, 0x0000000080a00000, 0x0000000080a00000|100%| O|  |TAMS 0x0000000080a00000, 0x0000000080900000| Untracked 
|  10|0x0000000080a00000, 0x0000000080b00000, 0x0000000080b00000|100%| O|  |TAMS 0x0000000080b00000, 0x0000000080a00000| Untracked 
|  11|0x0000000080b00000, 0x0000000080c00000, 0x0000000080c00000|100%| O|  |TAMS 0x0000000080c00000, 0x0000000080b00000| Untracked 
|  12|0x0000000080c00000, 0x0000000080d00000, 0x0000000080d00000|100%| O|  |TAMS 0x0000000080d00000, 0x0000000080c00000| Untracked 
|  13|0x0000000080d00000, 0x0000000080e00000, 0x0000000080e00000|100%| O|  |TAMS 0x0000000080e00000, 0x0000000080d00000| Untracked 
|  14|0x0000000080e00000, 0x0000000080f00000, 0x0000000080f00000|100%| O|  |TAMS 0x0000000080f00000, 0x0000000080e00000| Untracked 
|  15|0x0000000080f00000, 0x0000000081000000, 0x0000000081000000|100%| O|  |TAMS 0x0000000081000000, 0x0000000080f00000| Untracked 
|  16|0x0000000081000000, 0x0000000081100000, 0x0000000081100000|100%| O|  |TAMS 0x0000000081100000, 0x0000000081000000| Untracked 
|  17|0x0000000081100000, 0x00000000811ffff8, 0x0000000081200000| 99%| O|  |TAMS 0x00000000811ffff8, 0x0000000081100000| Untracked 
|  18|0x0000000081200000, 0x0000000081300000, 0x0000000081300000|100%| O|  |TAMS 0x0000000081300000, 0x0000000081200000| Untracked 
|  19|0x0000000081300000, 0x0000000081400000, 0x0000000081400000|100%| O|  |TAMS 0x0000000081400000, 0x0000000081300000| Untracked 
|  20|0x0000000081400000, 0x0000000081500000, 0x0000000081500000|100%|HS|  |TAMS 0x0000000081500000, 0x0000000081400000| Complete 
|  21|0x0000000081500000, 0x0000000081600000, 0x0000000081600000|100%|HC|  |TAMS 0x0000000081600000, 0x0000000081500000| Complete 
|  22|0x0000000081600000, 0x0000000081700000, 0x0000000081700000|100%|HC|  |TAMS 0x0000000081700000, 0x0000000081600000| Complete 
|  23|0x0000000081700000, 0x0000000081800000, 0x0000000081800000|100%|HC|  |TAMS 0x0000000081800000, 0x0000000081700000| Complete 
|  24|0x0000000081800000, 0x0000000081900000, 0x0000000081900000|100%|HC|  |TAMS 0x0000000081900000, 0x0000000081800000| Complete 
|  25|0x0000000081900000, 0x0000000081a00000, 0x0000000081a00000|100%|HC|  |TAMS 0x0000000081a00000, 0x0000000081900000| Complete 
|  26|0x0000000081a00000, 0x0000000081b00000, 0x0000000081b00000|100%|HS|  |TAMS 0x0000000081b00000, 0x0000000081a00000| Complete 
|  27|0x0000000081b00000, 0x0000000081c00000, 0x0000000081c00000|100%|HC|  |TAMS 0x0000000081c00000, 0x0000000081b00000| Complete 
|  28|0x0000000081c00000, 0x0000000081d00000, 0x0000000081d00000|100%|HS|  |TAMS 0x0000000081d00000, 0x0000000081c00000| Complete 
|  29|0x0000000081d00000, 0x0000000081e00000, 0x0000000081e00000|100%|HS|  |TAMS 0x0000000081e00000, 0x0000000081d00000| Complete 
|  30|0x0000000081e00000, 0x0000000081f00000, 0x0000000081f00000|100%|HC|  |TAMS 0x0000000081f00000, 0x0000000081e00000| Complete 
|  31|0x0000000081f00000, 0x0000000082000000, 0x0000000082000000|100%|HC|  |TAMS 0x0000000082000000, 0x0000000081f00000| Complete 
|  32|0x0000000082000000, 0x0000000082100000, 0x0000000082100000|100%|HC|  |TAMS 0x0000000082100000, 0x0000000082000000| Complete 
|  33|0x0000000082100000, 0x0000000082200000, 0x0000000082200000|100%|HC|  |TAMS 0x0000000082200000, 0x0000000082100000| Complete 
|  34|0x0000000082200000, 0x0000000082300000, 0x0000000082300000|100%|HC|  |TAMS 0x0000000082300000, 0x0000000082200000| Complete 
|  35|0x0000000082300000, 0x0000000082400000, 0x0000000082400000|100%|HS|  |TAMS 0x0000000082400000, 0x0000000082300000| Complete 
|  36|0x0000000082400000, 0x0000000082500000, 0x0000000082500000|100%|HC|  |TAMS 0x0000000082500000, 0x0000000082400000| Complete 
|  37|0x0000000082500000, 0x0000000082600000, 0x0000000082600000|100%|HS|  |TAMS 0x0000000082600000, 0x0000000082500000| Complete 
|  38|0x0000000082600000, 0x0000000082700000, 0x0000000082700000|100%| O|  |TAMS 0x0000000082700000, 0x0000000082600000| Untracked 
|  39|0x0000000082700000, 0x0000000082800000, 0x0000000082800000|100%| O|  |TAMS 0x0000000082800000, 0x0000000082700000| Untracked 
|  40|0x0000000082800000, 0x0000000082900000, 0x0000000082900000|100%| O|  |TAMS 0x0000000082900000, 0x0000000082800000| Untracked 
|  41|0x0000000082900000, 0x0000000082a00000, 0x0000000082a00000|100%| O|  |TAMS 0x0000000082a00000, 0x0000000082900000| Untracked 
|  42|0x0000000082a00000, 0x0000000082b00000, 0x0000000082b00000|100%| O|  |TAMS 0x0000000082b00000, 0x0000000082a00000| Untracked 
|  43|0x0000000082b00000, 0x0000000082c00000, 0x0000000082c00000|100%| O|  |TAMS 0x0000000082c00000, 0x0000000082b00000| Untracked 
|  44|0x0000000082c00000, 0x0000000082d00000, 0x0000000082d00000|100%| O|  |TAMS 0x0000000082d00000, 0x0000000082c00000| Untracked 
|  45|0x0000000082d00000, 0x0000000082e00000, 0x0000000082e00000|100%| O|  |TAMS 0x0000000082e00000, 0x0000000082d00000| Untracked 
|  46|0x0000000082e00000, 0x0000000082f00000, 0x0000000082f00000|100%| O|  |TAMS 0x0000000082f00000, 0x0000000082e00000| Untracked 
|  47|0x0000000082f00000, 0x0000000083000000, 0x0000000083000000|100%| O|  |TAMS 0x0000000083000000, 0x0000000082f00000| Untracked 
|  48|0x0000000083000000, 0x0000000083100000, 0x0000000083100000|100%| O|  |TAMS 0x0000000083100000, 0x0000000083000000| Untracked 
|  49|0x0000000083100000, 0x0000000083200000, 0x0000000083200000|100%| O|  |TAMS 0x0000000083200000, 0x0000000083100000| Untracked 
|  50|0x0000000083200000, 0x0000000083300000, 0x0000000083300000|100%| O|  |TAMS 0x0000000083300000, 0x0000000083200000| Untracked 
|  51|0x0000000083300000, 0x0000000083400000, 0x0000000083400000|100%| O|  |TAMS 0x0000000083400000, 0x0000000083300000| Untracked 
|  52|0x0000000083400000, 0x0000000083500000, 0x0000000083500000|100%| O|  |TAMS 0x0000000083500000, 0x0000000083400000| Untracked 
|  53|0x0000000083500000, 0x0000000083600000, 0x0000000083600000|100%| O|  |TAMS 0x0000000083600000, 0x0000000083500000| Untracked 
|  54|0x0000000083600000, 0x0000000083700000, 0x0000000083700000|100%| O|  |TAMS 0x0000000083700000, 0x0000000083600000| Untracked 
|  55|0x0000000083700000, 0x0000000083800000, 0x0000000083800000|100%| O|  |TAMS 0x0000000083800000, 0x0000000083700000| Untracked 
|  56|0x0000000083800000, 0x0000000083900000, 0x0000000083900000|100%| O|  |TAMS 0x0000000083900000, 0x0000000083800000| Untracked 
|  57|0x0000000083900000, 0x0000000083a00000, 0x0000000083a00000|100%| O|  |TAMS 0x0000000083a00000, 0x0000000083900000| Untracked 
|  58|0x0000000083a00000, 0x0000000083b00000, 0x0000000083b00000|100%| O|  |TAMS 0x0000000083b00000, 0x0000000083a00000| Untracked 
|  59|0x0000000083b00000, 0x0000000083c00000, 0x0000000083c00000|100%|HS|  |TAMS 0x0000000083c00000, 0x0000000083b00000| Complete 
|  60|0x0000000083c00000, 0x0000000083d00000, 0x0000000083d00000|100%|HC|  |TAMS 0x0000000083d00000, 0x0000000083c00000| Complete 
|  61|0x0000000083d00000, 0x0000000083e00000, 0x0000000083e00000|100%| O|  |TAMS 0x0000000083e00000, 0x0000000083d00000| Untracked 
|  62|0x0000000083e00000, 0x0000000083f00000, 0x0000000083f00000|100%| O|  |TAMS 0x0000000083f00000, 0x0000000083e00000| Untracked 
|  63|0x0000000083f00000, 0x0000000084000000, 0x0000000084000000|100%| O|  |TAMS 0x0000000084000000, 0x0000000083f00000| Untracked 
|  64|0x0000000084000000, 0x0000000084100000, 0x0000000084100000|100%| O|  |TAMS 0x0000000084100000, 0x0000000084000000| Untracked 
|  65|0x0000000084100000, 0x0000000084200000, 0x0000000084200000|100%| O|  |TAMS 0x0000000084200000, 0x0000000084100000| Untracked 
|  66|0x0000000084200000, 0x0000000084300000, 0x0000000084300000|100%| O|  |TAMS 0x0000000084200000, 0x0000000084200000| Untracked 
|  67|0x0000000084300000, 0x0000000084400000, 0x0000000084400000|100%| O|  |TAMS 0x0000000084400000, 0x0000000084300000| Untracked 
|  68|0x0000000084400000, 0x0000000084500000, 0x0000000084500000|100%| O|  |TAMS 0x0000000084500000, 0x0000000084400000| Untracked 
|  69|0x0000000084500000, 0x0000000084600000, 0x0000000084600000|100%| O|  |TAMS 0x0000000084500000, 0x0000000084500000| Untracked 
|  70|0x0000000084600000, 0x0000000084700000, 0x0000000084700000|100%| O|  |TAMS 0x0000000084600000, 0x0000000084600000| Untracked 
|  71|0x0000000084700000, 0x0000000084800000, 0x0000000084800000|100%| O|  |TAMS 0x0000000084700000, 0x0000000084700000| Untracked 
|  72|0x0000000084800000, 0x0000000084900000, 0x0000000084900000|100%| O|  |TAMS 0x0000000084900000, 0x0000000084800000| Untracked 
|  73|0x0000000084900000, 0x0000000084a00000, 0x0000000084a00000|100%| O|  |TAMS 0x0000000084a00000, 0x0000000084900000| Untracked 
|  74|0x0000000084a00000, 0x0000000084b00000, 0x0000000084b00000|100%| O|  |TAMS 0x0000000084b00000, 0x0000000084a00000| Untracked 
|  75|0x0000000084b00000, 0x0000000084c00000, 0x0000000084c00000|100%| O|  |TAMS 0x0000000084c00000, 0x0000000084b00000| Untracked 
|  76|0x0000000084c00000, 0x0000000084d00000, 0x0000000084d00000|100%| O|  |TAMS 0x0000000084c00000, 0x0000000084c00000| Untracked 
|  77|0x0000000084d00000, 0x0000000084e00000, 0x0000000084e00000|100%| O|  |TAMS 0x0000000084e00000, 0x0000000084d00000| Untracked 
|  78|0x0000000084e00000, 0x0000000084f00000, 0x0000000084f00000|100%| O|  |TAMS 0x0000000084f00000, 0x0000000084e00000| Untracked 
|  79|0x0000000084f00000, 0x0000000085000000, 0x0000000085000000|100%| O|  |TAMS 0x0000000085000000, 0x0000000084f00000| Untracked 
|  80|0x0000000085000000, 0x0000000085100000, 0x0000000085100000|100%| O|  |TAMS 0x0000000085100000, 0x0000000085000000| Untracked 
|  81|0x0000000085100000, 0x0000000085200000, 0x0000000085200000|100%| O|  |TAMS 0x0000000085200000, 0x0000000085100000| Untracked 
|  82|0x0000000085200000, 0x0000000085300000, 0x0000000085300000|100%| O|  |TAMS 0x0000000085300000, 0x0000000085200000| Untracked 
|  83|0x0000000085300000, 0x0000000085400000, 0x0000000085400000|100%| O|  |TAMS 0x0000000085400000, 0x0000000085300000| Untracked 
|  84|0x0000000085400000, 0x0000000085500000, 0x0000000085500000|100%| O|  |TAMS 0x0000000085500000, 0x0000000085400000| Untracked 
|  85|0x0000000085500000, 0x0000000085600000, 0x0000000085600000|100%| O|  |TAMS 0x0000000085600000, 0x0000000085500000| Untracked 
|  86|0x0000000085600000, 0x0000000085700000, 0x0000000085700000|100%| O|  |TAMS 0x0000000085700000, 0x0000000085600000| Untracked 
|  87|0x0000000085700000, 0x0000000085800000, 0x0000000085800000|100%| O|  |TAMS 0x0000000085800000, 0x0000000085700000| Untracked 
|  88|0x0000000085800000, 0x0000000085900000, 0x0000000085900000|100%| O|  |TAMS 0x0000000085900000, 0x0000000085800000| Untracked 
|  89|0x0000000085900000, 0x0000000085a00000, 0x0000000085a00000|100%| O|  |TAMS 0x0000000085a00000, 0x0000000085900000| Untracked 
|  90|0x0000000085a00000, 0x0000000085b00000, 0x0000000085b00000|100%| O|  |TAMS 0x0000000085b00000, 0x0000000085a00000| Untracked 
|  91|0x0000000085b00000, 0x0000000085c00000, 0x0000000085c00000|100%| O|  |TAMS 0x0000000085c00000, 0x0000000085b00000| Untracked 
|  92|0x0000000085c00000, 0x0000000085d00000, 0x0000000085d00000|100%| O|  |TAMS 0x0000000085d00000, 0x0000000085c00000| Untracked 
|  93|0x0000000085d00000, 0x0000000085e00000, 0x0000000085e00000|100%| O|  |TAMS 0x0000000085e00000, 0x0000000085d00000| Untracked 
|  94|0x0000000085e00000, 0x0000000085f00000, 0x0000000085f00000|100%| O|  |TAMS 0x0000000085f00000, 0x0000000085e00000| Untracked 
|  95|0x0000000085f00000, 0x0000000086000000, 0x0000000086000000|100%| O|  |TAMS 0x0000000086000000, 0x0000000085f00000| Untracked 
|  96|0x0000000086000000, 0x0000000086100000, 0x0000000086100000|100%|HS|  |TAMS 0x0000000086100000, 0x0000000086000000| Complete 
|  97|0x0000000086100000, 0x0000000086200000, 0x0000000086200000|100%|HC|  |TAMS 0x0000000086200000, 0x0000000086100000| Complete 
|  98|0x0000000086200000, 0x0000000086300000, 0x0000000086300000|100%|HS|  |TAMS 0x0000000086300000, 0x0000000086200000| Complete 
|  99|0x0000000086300000, 0x0000000086400000, 0x0000000086400000|100%|HS|  |TAMS 0x0000000086400000, 0x0000000086300000| Complete 
| 100|0x0000000086400000, 0x0000000086500000, 0x0000000086500000|100%|HS|  |TAMS 0x0000000086500000, 0x0000000086400000| Complete 
| 101|0x0000000086500000, 0x0000000086600000, 0x0000000086600000|100%|HC|  |TAMS 0x0000000086600000, 0x0000000086500000| Complete 
| 102|0x0000000086600000, 0x0000000086700000, 0x0000000086700000|100%|HC|  |TAMS 0x0000000086700000, 0x0000000086600000| Complete 
| 103|0x0000000086700000, 0x0000000086800000, 0x0000000086800000|100%|HC|  |TAMS 0x0000000086800000, 0x0000000086700000| Complete 
| 104|0x0000000086800000, 0x0000000086900000, 0x0000000086900000|100%|HS|  |TAMS 0x0000000086900000, 0x0000000086800000| Complete 
| 105|0x0000000086900000, 0x0000000086a00000, 0x0000000086a00000|100%|HS|  |TAMS 0x0000000086a00000, 0x0000000086900000| Complete 
| 106|0x0000000086a00000, 0x0000000086b00000, 0x0000000086b00000|100%|HS|  |TAMS 0x0000000086b00000, 0x0000000086a00000| Complete 
| 107|0x0000000086b00000, 0x0000000086c00000, 0x0000000086c00000|100%|HC|  |TAMS 0x0000000086c00000, 0x0000000086b00000| Complete 
| 108|0x0000000086c00000, 0x0000000086d00000, 0x0000000086d00000|100%|HS|  |TAMS 0x0000000086d00000, 0x0000000086c00000| Complete 
| 109|0x0000000086d00000, 0x0000000086e00000, 0x0000000086e00000|100%|HS|  |TAMS 0x0000000086e00000, 0x0000000086d00000| Complete 
| 110|0x0000000086e00000, 0x0000000086f00000, 0x0000000086f00000|100%|HS|  |TAMS 0x0000000086f00000, 0x0000000086e00000| Complete 
| 111|0x0000000086f00000, 0x0000000087000000, 0x0000000087000000|100%|HC|  |TAMS 0x0000000087000000, 0x0000000086f00000| Complete 
| 112|0x0000000087000000, 0x0000000087100000, 0x0000000087100000|100%|HC|  |TAMS 0x0000000087100000, 0x0000000087000000| Complete 
| 113|0x0000000087100000, 0x0000000087200000, 0x0000000087200000|100%|HC|  |TAMS 0x0000000087200000, 0x0000000087100000| Complete 
| 114|0x0000000087200000, 0x0000000087300000, 0x0000000087300000|100%| O|  |TAMS 0x0000000087300000, 0x0000000087200000| Untracked 
| 115|0x0000000087300000, 0x0000000087400000, 0x0000000087400000|100%| O|  |TAMS 0x0000000087400000, 0x0000000087300000| Untracked 
| 116|0x0000000087400000, 0x0000000087500000, 0x0000000087500000|100%| O|  |TAMS 0x0000000087500000, 0x0000000087400000| Untracked 
| 117|0x0000000087500000, 0x0000000087600000, 0x0000000087600000|100%| O|  |TAMS 0x0000000087600000, 0x0000000087500000| Untracked 
| 118|0x0000000087600000, 0x0000000087700000, 0x0000000087700000|100%| O|  |TAMS 0x0000000087700000, 0x0000000087600000| Untracked 
| 119|0x0000000087700000, 0x0000000087800000, 0x0000000087800000|100%| O|  |TAMS 0x0000000087800000, 0x0000000087700000| Untracked 
| 120|0x0000000087800000, 0x0000000087900000, 0x0000000087900000|100%| O|  |TAMS 0x0000000087900000, 0x0000000087800000| Untracked 
| 121|0x0000000087900000, 0x0000000087a00000, 0x0000000087a00000|100%| O|  |TAMS 0x0000000087a00000, 0x0000000087900000| Untracked 
| 122|0x0000000087a00000, 0x0000000087b00000, 0x0000000087b00000|100%| O|  |TAMS 0x0000000087b00000, 0x0000000087a00000| Untracked 
| 123|0x0000000087b00000, 0x0000000087c00000, 0x0000000087c00000|100%| O|  |TAMS 0x0000000087c00000, 0x0000000087b00000| Untracked 
| 124|0x0000000087c00000, 0x0000000087d00000, 0x0000000087d00000|100%| O|  |TAMS 0x0000000087d00000, 0x0000000087c00000| Untracked 
| 125|0x0000000087d00000, 0x0000000087e00000, 0x0000000087e00000|100%| O|  |TAMS 0x0000000087e00000, 0x0000000087d00000| Untracked 
| 126|0x0000000087e00000, 0x0000000087f00000, 0x0000000087f00000|100%| O|  |TAMS 0x0000000087f00000, 0x0000000087e00000| Untracked 
| 127|0x0000000087f00000, 0x0000000088000000, 0x0000000088000000|100%| O|  |TAMS 0x0000000088000000, 0x0000000087f00000| Untracked 
| 128|0x0000000088000000, 0x0000000088100000, 0x0000000088100000|100%| O|  |TAMS 0x0000000088100000, 0x0000000088000000| Untracked 
| 129|0x0000000088100000, 0x0000000088200000, 0x0000000088200000|100%| O|  |TAMS 0x0000000088200000, 0x0000000088100000| Untracked 
| 130|0x0000000088200000, 0x0000000088300000, 0x0000000088300000|100%| O|  |TAMS 0x0000000088300000, 0x0000000088200000| Untracked 
| 131|0x0000000088300000, 0x0000000088400000, 0x0000000088400000|100%| O|  |TAMS 0x0000000088400000, 0x0000000088300000| Untracked 
| 132|0x0000000088400000, 0x0000000088500000, 0x0000000088500000|100%| O|  |TAMS 0x0000000088500000, 0x0000000088400000| Untracked 
| 133|0x0000000088500000, 0x0000000088600000, 0x0000000088600000|100%| O|  |TAMS 0x0000000088600000, 0x0000000088500000| Untracked 
| 134|0x0000000088600000, 0x0000000088700000, 0x0000000088700000|100%| O|  |TAMS 0x0000000088700000, 0x0000000088600000| Untracked 
| 135|0x0000000088700000, 0x0000000088800000, 0x0000000088800000|100%| O|  |TAMS 0x0000000088800000, 0x0000000088700000| Untracked 
| 136|0x0000000088800000, 0x0000000088900000, 0x0000000088900000|100%| O|  |TAMS 0x0000000088800000, 0x0000000088800000| Untracked 
| 137|0x0000000088900000, 0x0000000088a00000, 0x0000000088a00000|100%| O|  |TAMS 0x0000000088900000, 0x0000000088900000| Untracked 
| 138|0x0000000088a00000, 0x0000000088b00000, 0x0000000088b00000|100%| O|  |TAMS 0x0000000088b00000, 0x0000000088a00000| Untracked 
| 139|0x0000000088b00000, 0x0000000088c00000, 0x0000000088c00000|100%| O|  |TAMS 0x0000000088b00000, 0x0000000088b00000| Untracked 
| 140|0x0000000088c00000, 0x0000000088d00000, 0x0000000088d00000|100%| O|  |TAMS 0x0000000088d00000, 0x0000000088c00000| Untracked 
| 141|0x0000000088d00000, 0x0000000088e00000, 0x0000000088e00000|100%| O|  |TAMS 0x0000000088e00000, 0x0000000088d00000| Untracked 
| 142|0x0000000088e00000, 0x0000000088f00000, 0x0000000088f00000|100%| O|  |TAMS 0x0000000088f00000, 0x0000000088e00000| Untracked 
| 143|0x0000000088f00000, 0x0000000089000000, 0x0000000089000000|100%| O|  |TAMS 0x0000000089000000, 0x0000000088f00000| Untracked 
| 144|0x0000000089000000, 0x0000000089100000, 0x0000000089100000|100%|HS|  |TAMS 0x0000000089100000, 0x0000000089000000| Complete 
| 145|0x0000000089100000, 0x0000000089200000, 0x0000000089200000|100%| O|  |TAMS 0x0000000089200000, 0x0000000089100000| Untracked 
| 146|0x0000000089200000, 0x0000000089300000, 0x0000000089300000|100%| O|  |TAMS 0x0000000089300000, 0x0000000089200000| Untracked 
| 147|0x0000000089300000, 0x0000000089400000, 0x0000000089400000|100%| O|  |TAMS 0x0000000089400000, 0x0000000089300000| Untracked 
| 148|0x0000000089400000, 0x0000000089500000, 0x0000000089500000|100%| O|  |TAMS 0x0000000089500000, 0x0000000089400000| Untracked 
| 149|0x0000000089500000, 0x0000000089600000, 0x0000000089600000|100%| O|  |TAMS 0x0000000089600000, 0x0000000089500000| Untracked 
| 150|0x0000000089600000, 0x0000000089700000, 0x0000000089700000|100%| O|  |TAMS 0x0000000089700000, 0x0000000089600000| Untracked 
| 151|0x0000000089700000, 0x0000000089800000, 0x0000000089800000|100%| O|  |TAMS 0x0000000089800000, 0x0000000089700000| Untracked 
| 152|0x0000000089800000, 0x0000000089900000, 0x0000000089900000|100%| O|  |TAMS 0x0000000089900000, 0x0000000089800000| Untracked 
| 153|0x0000000089900000, 0x0000000089a00000, 0x0000000089a00000|100%| O|  |TAMS 0x0000000089a00000, 0x0000000089900000| Untracked 
| 154|0x0000000089a00000, 0x0000000089b00000, 0x0000000089b00000|100%| O|  |TAMS 0x0000000089b00000, 0x0000000089a00000| Untracked 
| 155|0x0000000089b00000, 0x0000000089c00000, 0x0000000089c00000|100%| O|  |TAMS 0x0000000089c00000, 0x0000000089b00000| Untracked 
| 156|0x0000000089c00000, 0x0000000089d00000, 0x0000000089d00000|100%| O|  |TAMS 0x0000000089d00000, 0x0000000089c00000| Untracked 
| 157|0x0000000089d00000, 0x0000000089e00000, 0x0000000089e00000|100%| O|  |TAMS 0x0000000089e00000, 0x0000000089d00000| Untracked 
| 158|0x0000000089e00000, 0x0000000089f00000, 0x0000000089f00000|100%| O|  |TAMS 0x0000000089f00000, 0x0000000089e00000| Untracked 
| 159|0x0000000089f00000, 0x000000008a000000, 0x000000008a000000|100%| O|  |TAMS 0x000000008a000000, 0x0000000089f00000| Untracked 
| 160|0x000000008a000000, 0x000000008a100000, 0x000000008a100000|100%| O|  |TAMS 0x000000008a100000, 0x000000008a000000| Untracked 
| 161|0x000000008a100000, 0x000000008a200000, 0x000000008a200000|100%| O|  |TAMS 0x000000008a200000, 0x000000008a100000| Untracked 
| 162|0x000000008a200000, 0x000000008a300000, 0x000000008a300000|100%| O|  |TAMS 0x000000008a300000, 0x000000008a200000| Untracked 
| 163|0x000000008a300000, 0x000000008a400000, 0x000000008a400000|100%| O|  |TAMS 0x000000008a400000, 0x000000008a300000| Untracked 
| 164|0x000000008a400000, 0x000000008a500000, 0x000000008a500000|100%| O|  |TAMS 0x000000008a500000, 0x000000008a400000| Untracked 
| 165|0x000000008a500000, 0x000000008a600000, 0x000000008a600000|100%| O|  |TAMS 0x000000008a600000, 0x000000008a500000| Untracked 
| 166|0x000000008a600000, 0x000000008a700000, 0x000000008a700000|100%| O|  |TAMS 0x000000008a700000, 0x000000008a600000| Untracked 
| 167|0x000000008a700000, 0x000000008a800000, 0x000000008a800000|100%| O|  |TAMS 0x000000008a800000, 0x000000008a700000| Untracked 
| 168|0x000000008a800000, 0x000000008a900000, 0x000000008a900000|100%| O|  |TAMS 0x000000008a900000, 0x000000008a800000| Untracked 
| 169|0x000000008a900000, 0x000000008aa00000, 0x000000008aa00000|100%| O|  |TAMS 0x000000008aa00000, 0x000000008a900000| Untracked 
| 170|0x000000008aa00000, 0x000000008ab00000, 0x000000008ab00000|100%| O|  |TAMS 0x000000008ab00000, 0x000000008aa00000| Untracked 
| 171|0x000000008ab00000, 0x000000008ac00000, 0x000000008ac00000|100%| O|  |TAMS 0x000000008ac00000, 0x000000008ab00000| Untracked 
| 172|0x000000008ac00000, 0x000000008ad00000, 0x000000008ad00000|100%| O|  |TAMS 0x000000008ad00000, 0x000000008ac00000| Untracked 
| 173|0x000000008ad00000, 0x000000008ae00000, 0x000000008ae00000|100%| O|  |TAMS 0x000000008ae00000, 0x000000008ad00000| Untracked 
| 174|0x000000008ae00000, 0x000000008af00000, 0x000000008af00000|100%| O|  |TAMS 0x000000008af00000, 0x000000008ae00000| Untracked 
| 175|0x000000008af00000, 0x000000008b000000, 0x000000008b000000|100%| O|  |TAMS 0x000000008b000000, 0x000000008af00000| Untracked 
| 176|0x000000008b000000, 0x000000008b100000, 0x000000008b100000|100%| O|  |TAMS 0x000000008b100000, 0x000000008b000000| Untracked 
| 177|0x000000008b100000, 0x000000008b200000, 0x000000008b200000|100%| O|  |TAMS 0x000000008b200000, 0x000000008b100000| Untracked 
| 178|0x000000008b200000, 0x000000008b300000, 0x000000008b300000|100%| O|  |TAMS 0x000000008b300000, 0x000000008b200000| Untracked 
| 179|0x000000008b300000, 0x000000008b400000, 0x000000008b400000|100%| O|  |TAMS 0x000000008b400000, 0x000000008b300000| Untracked 
| 180|0x000000008b400000, 0x000000008b500000, 0x000000008b500000|100%| O|  |TAMS 0x000000008b500000, 0x000000008b400000| Untracked 
| 181|0x000000008b500000, 0x000000008b600000, 0x000000008b600000|100%| O|  |TAMS 0x000000008b600000, 0x000000008b500000| Untracked 
| 182|0x000000008b600000, 0x000000008b700000, 0x000000008b700000|100%| O|  |TAMS 0x000000008b700000, 0x000000008b600000| Untracked 
| 183|0x000000008b700000, 0x000000008b800000, 0x000000008b800000|100%| O|  |TAMS 0x000000008b800000, 0x000000008b700000| Untracked 
| 184|0x000000008b800000, 0x000000008b900000, 0x000000008b900000|100%|HS|  |TAMS 0x000000008b900000, 0x000000008b800000| Complete 
| 185|0x000000008b900000, 0x000000008ba00000, 0x000000008ba00000|100%|HC|  |TAMS 0x000000008ba00000, 0x000000008b900000| Complete 
| 186|0x000000008ba00000, 0x000000008bb00000, 0x000000008bb00000|100%| O|  |TAMS 0x000000008bb00000, 0x000000008ba00000| Untracked 
| 187|0x000000008bb00000, 0x000000008bc00000, 0x000000008bc00000|100%| O|  |TAMS 0x000000008bc00000, 0x000000008bb00000| Untracked 
| 188|0x000000008bc00000, 0x000000008bd00000, 0x000000008bd00000|100%| O|  |TAMS 0x000000008bd00000, 0x000000008bc00000| Untracked 
| 189|0x000000008bd00000, 0x000000008be00000, 0x000000008be00000|100%| O|  |TAMS 0x000000008be00000, 0x000000008bd00000| Untracked 
| 190|0x000000008be00000, 0x000000008bf00000, 0x000000008bf00000|100%| O|  |TAMS 0x000000008bf00000, 0x000000008be00000| Untracked 
| 191|0x000000008bf00000, 0x000000008c000000, 0x000000008c000000|100%| O|  |TAMS 0x000000008c000000, 0x000000008bf00000| Untracked 
| 192|0x000000008c000000, 0x000000008c100000, 0x000000008c100000|100%| O|  |TAMS 0x000000008c008600, 0x000000008c000000| Untracked 
| 193|0x000000008c100000, 0x000000008c200000, 0x000000008c200000|100%| O|  |TAMS 0x000000008c100000, 0x000000008c100000| Untracked 
| 194|0x000000008c200000, 0x000000008c300000, 0x000000008c300000|100%| O|  |TAMS 0x000000008c200000, 0x000000008c200000| Untracked 
| 195|0x000000008c300000, 0x000000008c400000, 0x000000008c400000|100%| O|  |TAMS 0x000000008c300000, 0x000000008c300000| Untracked 
| 196|0x000000008c400000, 0x000000008c500000, 0x000000008c500000|100%| O|  |TAMS 0x000000008c400000, 0x000000008c400000| Untracked 
| 197|0x000000008c500000, 0x000000008c600000, 0x000000008c600000|100%| O|  |TAMS 0x000000008c500000, 0x000000008c500000| Untracked 
| 198|0x000000008c600000, 0x000000008c700000, 0x000000008c700000|100%| O|  |TAMS 0x000000008c600000, 0x000000008c600000| Untracked 
| 199|0x000000008c700000, 0x000000008c800000, 0x000000008c800000|100%| O|  |TAMS 0x000000008c700000, 0x000000008c700000| Untracked 
| 200|0x000000008c800000, 0x000000008c900000, 0x000000008c900000|100%| O|  |TAMS 0x000000008c800000, 0x000000008c800000| Untracked 
| 201|0x000000008c900000, 0x000000008ca00000, 0x000000008ca00000|100%| O|  |TAMS 0x000000008c900000, 0x000000008c900000| Untracked 
| 202|0x000000008ca00000, 0x000000008cb00000, 0x000000008cb00000|100%| O|  |TAMS 0x000000008ca00000, 0x000000008ca00000| Untracked 
| 203|0x000000008cb00000, 0x000000008cc00000, 0x000000008cc00000|100%| O|  |TAMS 0x000000008cb00000, 0x000000008cb00000| Untracked 
| 204|0x000000008cc00000, 0x000000008cd00000, 0x000000008cd00000|100%| O|  |TAMS 0x000000008cc00000, 0x000000008cc00000| Untracked 
| 205|0x000000008cd00000, 0x000000008ce00000, 0x000000008ce00000|100%| O|  |TAMS 0x000000008cd00000, 0x000000008cd00000| Untracked 
| 206|0x000000008ce00000, 0x000000008cf00000, 0x000000008cf00000|100%| O|  |TAMS 0x000000008ce00000, 0x000000008ce00000| Untracked 
| 207|0x000000008cf00000, 0x000000008d000000, 0x000000008d000000|100%| O|  |TAMS 0x000000008cf00000, 0x000000008cf00000| Untracked 
| 208|0x000000008d000000, 0x000000008d100000, 0x000000008d100000|100%| O|  |TAMS 0x000000008d000000, 0x000000008d000000| Untracked 
| 209|0x000000008d100000, 0x000000008d200000, 0x000000008d200000|100%| O|  |TAMS 0x000000008d100000, 0x000000008d100000| Untracked 
| 210|0x000000008d200000, 0x000000008d300000, 0x000000008d300000|100%| O|  |TAMS 0x000000008d200000, 0x000000008d200000| Untracked 
| 211|0x000000008d300000, 0x000000008d400000, 0x000000008d400000|100%| O|  |TAMS 0x000000008d300000, 0x000000008d300000| Untracked 
| 212|0x000000008d400000, 0x000000008d500000, 0x000000008d500000|100%| O|  |TAMS 0x000000008d400000, 0x000000008d400000| Untracked 
| 213|0x000000008d500000, 0x000000008d600000, 0x000000008d600000|100%| O|  |TAMS 0x000000008d500000, 0x000000008d500000| Untracked 
| 214|0x000000008d600000, 0x000000008d700000, 0x000000008d700000|100%| O|  |TAMS 0x000000008d600000, 0x000000008d600000| Untracked 
| 215|0x000000008d700000, 0x000000008d800000, 0x000000008d800000|100%| O|  |TAMS 0x000000008d700000, 0x000000008d700000| Untracked 
| 216|0x000000008d800000, 0x000000008d900000, 0x000000008d900000|100%| O|  |TAMS 0x000000008d800000, 0x000000008d800000| Untracked 
| 217|0x000000008d900000, 0x000000008da00000, 0x000000008da00000|100%| O|  |TAMS 0x000000008d900000, 0x000000008d900000| Untracked 
| 218|0x000000008da00000, 0x000000008db00000, 0x000000008db00000|100%| O|  |TAMS 0x000000008da00000, 0x000000008da00000| Untracked 
| 219|0x000000008db00000, 0x000000008dc00000, 0x000000008dc00000|100%| O|  |TAMS 0x000000008db00000, 0x000000008db00000| Untracked 
| 220|0x000000008dc00000, 0x000000008dd00000, 0x000000008dd00000|100%| O|  |TAMS 0x000000008dc00000, 0x000000008dc00000| Untracked 
| 221|0x000000008dd00000, 0x000000008de00000, 0x000000008de00000|100%| O|  |TAMS 0x000000008dd00000, 0x000000008dd00000| Untracked 
| 222|0x000000008de00000, 0x000000008df00000, 0x000000008df00000|100%| O|  |TAMS 0x000000008de00000, 0x000000008de00000| Untracked 
| 223|0x000000008df00000, 0x000000008df71c00, 0x000000008e000000| 44%| O|  |TAMS 0x000000008df00000, 0x000000008df00000| Untracked 
| 224|0x000000008e000000, 0x000000008e000000, 0x000000008e100000|  0%| F|  |TAMS 0x000000008e000000, 0x000000008e000000| Untracked 
| 225|0x000000008e100000, 0x000000008e100000, 0x000000008e200000|  0%| F|  |TAMS 0x000000008e100000, 0x000000008e100000| Untracked 
| 226|0x000000008e200000, 0x000000008e200000, 0x000000008e300000|  0%| F|  |TAMS 0x000000008e200000, 0x000000008e200000| Untracked 
| 227|0x000000008e300000, 0x000000008e300000, 0x000000008e400000|  0%| F|  |TAMS 0x000000008e300000, 0x000000008e300000| Untracked 
| 228|0x000000008e400000, 0x000000008e400000, 0x000000008e500000|  0%| F|  |TAMS 0x000000008e400000, 0x000000008e400000| Untracked 
| 229|0x000000008e500000, 0x000000008e500000, 0x000000008e600000|  0%| F|  |TAMS 0x000000008e500000, 0x000000008e500000| Untracked 
| 230|0x000000008e600000, 0x000000008e600000, 0x000000008e700000|  0%| F|  |TAMS 0x000000008e600000, 0x000000008e600000| Untracked 
| 231|0x000000008e700000, 0x000000008e700000, 0x000000008e800000|  0%| F|  |TAMS 0x000000008e700000, 0x000000008e700000| Untracked 
| 232|0x000000008e800000, 0x000000008e800000, 0x000000008e900000|  0%| F|  |TAMS 0x000000008e800000, 0x000000008e800000| Untracked 
| 233|0x000000008e900000, 0x000000008e900000, 0x000000008ea00000|  0%| F|  |TAMS 0x000000008e900000, 0x000000008e900000| Untracked 
| 234|0x000000008ea00000, 0x000000008ea00000, 0x000000008eb00000|  0%| F|  |TAMS 0x000000008ea00000, 0x000000008ea00000| Untracked 
| 235|0x000000008eb00000, 0x000000008eb00000, 0x000000008ec00000|  0%| F|  |TAMS 0x000000008eb00000, 0x000000008eb00000| Untracked 
| 236|0x000000008ec00000, 0x000000008ec00000, 0x000000008ed00000|  0%| F|  |TAMS 0x000000008ec00000, 0x000000008ec00000| Untracked 
| 237|0x000000008ed00000, 0x000000008ed00000, 0x000000008ee00000|  0%| F|  |TAMS 0x000000008ed00000, 0x000000008ed00000| Untracked 
| 238|0x000000008ee00000, 0x000000008ee00000, 0x000000008ef00000|  0%| F|  |TAMS 0x000000008ee00000, 0x000000008ee00000| Untracked 
| 239|0x000000008ef00000, 0x000000008ef00000, 0x000000008f000000|  0%| F|  |TAMS 0x000000008ef00000, 0x000000008ef00000| Untracked 
| 240|0x000000008f000000, 0x000000008f000000, 0x000000008f100000|  0%| F|  |TAMS 0x000000008f000000, 0x000000008f000000| Untracked 
| 241|0x000000008f100000, 0x000000008f100000, 0x000000008f200000|  0%| F|  |TAMS 0x000000008f100000, 0x000000008f100000| Untracked 
| 242|0x000000008f200000, 0x000000008f200000, 0x000000008f300000|  0%| F|  |TAMS 0x000000008f200000, 0x000000008f200000| Untracked 
| 243|0x000000008f300000, 0x000000008f300000, 0x000000008f400000|  0%| F|  |TAMS 0x000000008f300000, 0x000000008f300000| Untracked 
| 244|0x000000008f400000, 0x000000008f400000, 0x000000008f500000|  0%| F|  |TAMS 0x000000008f400000, 0x000000008f400000| Untracked 
| 245|0x000000008f500000, 0x000000008f500000, 0x000000008f600000|  0%| F|  |TAMS 0x000000008f500000, 0x000000008f500000| Untracked 
| 246|0x000000008f600000, 0x000000008f600000, 0x000000008f700000|  0%| F|  |TAMS 0x000000008f600000, 0x000000008f600000| Untracked 
| 247|0x000000008f700000, 0x000000008f700000, 0x000000008f800000|  0%| F|  |TAMS 0x000000008f700000, 0x000000008f700000| Untracked 
| 248|0x000000008f800000, 0x000000008f800000, 0x000000008f900000|  0%| F|  |TAMS 0x000000008f800000, 0x000000008f800000| Untracked 
| 249|0x000000008f900000, 0x000000008f900000, 0x000000008fa00000|  0%| F|  |TAMS 0x000000008f900000, 0x000000008f900000| Untracked 
| 250|0x000000008fa00000, 0x000000008fa00000, 0x000000008fb00000|  0%| F|  |TAMS 0x000000008fa00000, 0x000000008fa00000| Untracked 
| 251|0x000000008fb00000, 0x000000008fb00000, 0x000000008fc00000|  0%| F|  |TAMS 0x000000008fb00000, 0x000000008fb00000| Untracked 
| 252|0x000000008fc00000, 0x000000008fc00000, 0x000000008fd00000|  0%| F|  |TAMS 0x000000008fc00000, 0x000000008fc00000| Untracked 
| 253|0x000000008fd00000, 0x000000008fd00000, 0x000000008fe00000|  0%| F|  |TAMS 0x000000008fd00000, 0x000000008fd00000| Untracked 
| 254|0x000000008fe00000, 0x000000008fe00000, 0x000000008ff00000|  0%| F|  |TAMS 0x000000008fe00000, 0x000000008fe00000| Untracked 
| 255|0x000000008ff00000, 0x000000008ff00000, 0x0000000090000000|  0%| F|  |TAMS 0x000000008ff00000, 0x000000008ff00000| Untracked 
| 256|0x0000000090000000, 0x0000000090000000, 0x0000000090100000|  0%| F|  |TAMS 0x0000000090000000, 0x0000000090000000| Untracked 
| 257|0x0000000090100000, 0x0000000090100000, 0x0000000090200000|  0%| F|  |TAMS 0x0000000090100000, 0x0000000090100000| Untracked 
| 258|0x0000000090200000, 0x0000000090200000, 0x0000000090300000|  0%| F|  |TAMS 0x0000000090200000, 0x0000000090200000| Untracked 
| 259|0x0000000090300000, 0x0000000090300000, 0x0000000090400000|  0%| F|  |TAMS 0x0000000090300000, 0x0000000090300000| Untracked 
| 260|0x0000000090400000, 0x0000000090400000, 0x0000000090500000|  0%| F|  |TAMS 0x0000000090400000, 0x0000000090400000| Untracked 
| 261|0x0000000090500000, 0x0000000090500000, 0x0000000090600000|  0%| F|  |TAMS 0x0000000090500000, 0x0000000090500000| Untracked 
| 262|0x0000000090600000, 0x0000000090600000, 0x0000000090700000|  0%| F|  |TAMS 0x0000000090600000, 0x0000000090600000| Untracked 
| 263|0x0000000090700000, 0x0000000090700000, 0x0000000090800000|  0%| F|  |TAMS 0x0000000090700000, 0x0000000090700000| Untracked 
| 264|0x0000000090800000, 0x0000000090800000, 0x0000000090900000|  0%| F|  |TAMS 0x0000000090800000, 0x0000000090800000| Untracked 
| 265|0x0000000090900000, 0x0000000090900000, 0x0000000090a00000|  0%| F|  |TAMS 0x0000000090900000, 0x0000000090900000| Untracked 
| 266|0x0000000090a00000, 0x0000000090a00000, 0x0000000090b00000|  0%| F|  |TAMS 0x0000000090a00000, 0x0000000090a00000| Untracked 
| 267|0x0000000090b00000, 0x0000000090b00000, 0x0000000090c00000|  0%| F|  |TAMS 0x0000000090b00000, 0x0000000090b00000| Untracked 
| 268|0x0000000090c00000, 0x0000000090c00000, 0x0000000090d00000|  0%| F|  |TAMS 0x0000000090c00000, 0x0000000090c00000| Untracked 
| 269|0x0000000090d00000, 0x0000000090d00000, 0x0000000090e00000|  0%| F|  |TAMS 0x0000000090d00000, 0x0000000090d00000| Untracked 
| 270|0x0000000090e00000, 0x0000000090e00000, 0x0000000090f00000|  0%| F|  |TAMS 0x0000000090e00000, 0x0000000090e00000| Untracked 
| 271|0x0000000090f00000, 0x0000000090f00000, 0x0000000091000000|  0%| F|  |TAMS 0x0000000090f00000, 0x0000000090f00000| Untracked 
| 272|0x0000000091000000, 0x0000000091000000, 0x0000000091100000|  0%| F|  |TAMS 0x0000000091000000, 0x0000000091000000| Untracked 
| 273|0x0000000091100000, 0x0000000091100000, 0x0000000091200000|  0%| F|  |TAMS 0x0000000091100000, 0x0000000091100000| Untracked 
| 274|0x0000000091200000, 0x0000000091300000, 0x0000000091300000|100%| S|  |TAMS 0x0000000091200000, 0x0000000091200000| Complete 
| 275|0x0000000091300000, 0x0000000091400000, 0x0000000091400000|100%| S|  |TAMS 0x0000000091300000, 0x0000000091300000| Complete 
| 276|0x0000000091400000, 0x0000000091500000, 0x0000000091500000|100%| S|  |TAMS 0x0000000091400000, 0x0000000091400000| Complete 
| 277|0x0000000091500000, 0x0000000091600000, 0x0000000091600000|100%| S|  |TAMS 0x0000000091500000, 0x0000000091500000| Complete 
| 278|0x0000000091600000, 0x0000000091700000, 0x0000000091700000|100%| S|  |TAMS 0x0000000091600000, 0x0000000091600000| Complete 
| 279|0x0000000091700000, 0x0000000091800000, 0x0000000091800000|100%| S|  |TAMS 0x0000000091700000, 0x0000000091700000| Complete 
| 280|0x0000000091800000, 0x0000000091900000, 0x0000000091900000|100%| S|  |TAMS 0x0000000091800000, 0x0000000091800000| Complete 
| 281|0x0000000091900000, 0x0000000091a00000, 0x0000000091a00000|100%| S|  |TAMS 0x0000000091900000, 0x0000000091900000| Complete 
| 282|0x0000000091a00000, 0x0000000091b00000, 0x0000000091b00000|100%| S|  |TAMS 0x0000000091a00000, 0x0000000091a00000| Complete 
| 283|0x0000000091b00000, 0x0000000091c00000, 0x0000000091c00000|100%| S|  |TAMS 0x0000000091b00000, 0x0000000091b00000| Complete 
| 284|0x0000000091c00000, 0x0000000091d00000, 0x0000000091d00000|100%| S|  |TAMS 0x0000000091c00000, 0x0000000091c00000| Complete 
| 285|0x0000000091d00000, 0x0000000091e00000, 0x0000000091e00000|100%| S|  |TAMS 0x0000000091d00000, 0x0000000091d00000| Complete 
| 286|0x0000000091e00000, 0x0000000091f00000, 0x0000000091f00000|100%| S|  |TAMS 0x0000000091e00000, 0x0000000091e00000| Complete 
| 287|0x0000000091f00000, 0x0000000092000000, 0x0000000092000000|100%| S|  |TAMS 0x0000000091f00000, 0x0000000091f00000| Complete 
| 288|0x0000000092000000, 0x0000000092080000, 0x0000000092100000| 50%| E|CS|TAMS 0x0000000092000000, 0x0000000092000000| Complete 
| 289|0x0000000092100000, 0x0000000092200000, 0x0000000092200000|100%| E|CS|TAMS 0x0000000092100000, 0x0000000092100000| Complete 
| 290|0x0000000092200000, 0x0000000092300000, 0x0000000092300000|100%| E|CS|TAMS 0x0000000092200000, 0x0000000092200000| Complete 
| 291|0x0000000092300000, 0x0000000092400000, 0x0000000092400000|100%| E|CS|TAMS 0x0000000092300000, 0x0000000092300000| Complete 
| 292|0x0000000092400000, 0x0000000092500000, 0x0000000092500000|100%| E|CS|TAMS 0x0000000092400000, 0x0000000092400000| Complete 
| 293|0x0000000092500000, 0x0000000092600000, 0x0000000092600000|100%| E|CS|TAMS 0x0000000092500000, 0x0000000092500000| Complete 
| 294|0x0000000092600000, 0x0000000092700000, 0x0000000092700000|100%| E|CS|TAMS 0x0000000092600000, 0x0000000092600000| Complete 
| 295|0x0000000092700000, 0x0000000092800000, 0x0000000092800000|100%| E|CS|TAMS 0x0000000092700000, 0x0000000092700000| Complete 
| 296|0x0000000092800000, 0x0000000092900000, 0x0000000092900000|100%| E|CS|TAMS 0x0000000092800000, 0x0000000092800000| Complete 
| 297|0x0000000092900000, 0x0000000092a00000, 0x0000000092a00000|100%| E|CS|TAMS 0x0000000092900000, 0x0000000092900000| Complete 
| 298|0x0000000092a00000, 0x0000000092b00000, 0x0000000092b00000|100%| E|CS|TAMS 0x0000000092a00000, 0x0000000092a00000| Complete 
| 299|0x0000000092b00000, 0x0000000092c00000, 0x0000000092c00000|100%| E|CS|TAMS 0x0000000092b00000, 0x0000000092b00000| Complete 
| 300|0x0000000092c00000, 0x0000000092d00000, 0x0000000092d00000|100%| E|CS|TAMS 0x0000000092c00000, 0x0000000092c00000| Complete 
| 301|0x0000000092d00000, 0x0000000092e00000, 0x0000000092e00000|100%| S|  |TAMS 0x0000000092d00000, 0x0000000092d00000| Complete 
| 302|0x0000000092e00000, 0x0000000092f00000, 0x0000000092f00000|100%| S|  |TAMS 0x0000000092e00000, 0x0000000092e00000| Complete 
| 303|0x0000000092f00000, 0x0000000093000000, 0x0000000093000000|100%| S|  |TAMS 0x0000000092f00000, 0x0000000092f00000| Complete 
| 304|0x0000000093000000, 0x0000000093100000, 0x0000000093100000|100%| S|  |TAMS 0x0000000093000000, 0x0000000093000000| Complete 
| 305|0x0000000093100000, 0x0000000093200000, 0x0000000093200000|100%| S|  |TAMS 0x0000000093100000, 0x0000000093100000| Complete 
| 306|0x0000000093200000, 0x0000000093300000, 0x0000000093300000|100%| S|  |TAMS 0x0000000093200000, 0x0000000093200000| Complete 
| 307|0x0000000093300000, 0x0000000093400000, 0x0000000093400000|100%| S|  |TAMS 0x0000000093300000, 0x0000000093300000| Complete 
| 308|0x0000000093400000, 0x0000000093500000, 0x0000000093500000|100%| S|  |TAMS 0x0000000093400000, 0x0000000093400000| Complete 
| 309|0x0000000093500000, 0x0000000093600000, 0x0000000093600000|100%| S|  |TAMS 0x0000000093500000, 0x0000000093500000| Complete 
| 310|0x0000000093600000, 0x0000000093700000, 0x0000000093700000|100%| S|  |TAMS 0x0000000093600000, 0x0000000093600000| Complete 
| 311|0x0000000093700000, 0x0000000093800000, 0x0000000093800000|100%| S|  |TAMS 0x0000000093700000, 0x0000000093700000| Complete 
| 312|0x0000000093800000, 0x0000000093900000, 0x0000000093900000|100%| S|  |TAMS 0x0000000093800000, 0x0000000093800000| Complete 
| 313|0x0000000093900000, 0x0000000093a00000, 0x0000000093a00000|100%| S|  |TAMS 0x0000000093900000, 0x0000000093900000| Complete 
| 314|0x0000000093a00000, 0x0000000093b00000, 0x0000000093b00000|100%| S|  |TAMS 0x0000000093a00000, 0x0000000093a00000| Complete 
| 315|0x0000000093b00000, 0x0000000093c00000, 0x0000000093c00000|100%| S|  |TAMS 0x0000000093b00000, 0x0000000093b00000| Complete 
| 316|0x0000000093c00000, 0x0000000093d00000, 0x0000000093d00000|100%| E|CS|TAMS 0x0000000093c00000, 0x0000000093c00000| Complete 
| 317|0x0000000093d00000, 0x0000000093e00000, 0x0000000093e00000|100%| E|CS|TAMS 0x0000000093d00000, 0x0000000093d00000| Complete 
| 318|0x0000000093e00000, 0x0000000093f00000, 0x0000000093f00000|100%| E|CS|TAMS 0x0000000093e00000, 0x0000000093e00000| Complete 
| 319|0x0000000093f00000, 0x0000000094000000, 0x0000000094000000|100%| E|CS|TAMS 0x0000000093f00000, 0x0000000093f00000| Complete 
| 320|0x0000000094000000, 0x0000000094100000, 0x0000000094100000|100%| E|CS|TAMS 0x0000000094000000, 0x0000000094000000| Complete 
| 321|0x0000000094100000, 0x0000000094200000, 0x0000000094200000|100%| E|CS|TAMS 0x0000000094100000, 0x0000000094100000| Complete 
| 322|0x0000000094200000, 0x0000000094300000, 0x0000000094300000|100%| E|CS|TAMS 0x0000000094200000, 0x0000000094200000| Complete 
| 323|0x0000000094300000, 0x0000000094400000, 0x0000000094400000|100%| E|CS|TAMS 0x0000000094300000, 0x0000000094300000| Complete 
| 324|0x0000000094400000, 0x0000000094500000, 0x0000000094500000|100%| E|CS|TAMS 0x0000000094400000, 0x0000000094400000| Complete 
| 325|0x0000000094500000, 0x0000000094600000, 0x0000000094600000|100%| E|CS|TAMS 0x0000000094500000, 0x0000000094500000| Complete 
| 326|0x0000000094600000, 0x0000000094700000, 0x0000000094700000|100%| E|CS|TAMS 0x0000000094600000, 0x0000000094600000| Complete 
| 327|0x0000000094700000, 0x0000000094800000, 0x0000000094800000|100%| E|CS|TAMS 0x0000000094700000, 0x0000000094700000| Complete 
| 328|0x0000000094800000, 0x0000000094900000, 0x0000000094900000|100%| E|CS|TAMS 0x0000000094800000, 0x0000000094800000| Complete 
| 329|0x0000000094900000, 0x0000000094a00000, 0x0000000094a00000|100%| E|CS|TAMS 0x0000000094900000, 0x0000000094900000| Complete 
| 330|0x0000000094a00000, 0x0000000094b00000, 0x0000000094b00000|100%| E|CS|TAMS 0x0000000094a00000, 0x0000000094a00000| Complete 
| 331|0x0000000094b00000, 0x0000000094c00000, 0x0000000094c00000|100%| E|CS|TAMS 0x0000000094b00000, 0x0000000094b00000| Complete 
| 332|0x0000000094c00000, 0x0000000094d00000, 0x0000000094d00000|100%| E|CS|TAMS 0x0000000094c00000, 0x0000000094c00000| Complete 
| 333|0x0000000094d00000, 0x0000000094e00000, 0x0000000094e00000|100%| E|CS|TAMS 0x0000000094d00000, 0x0000000094d00000| Complete 
| 334|0x0000000094e00000, 0x0000000094f00000, 0x0000000094f00000|100%| E|CS|TAMS 0x0000000094e00000, 0x0000000094e00000| Complete 
| 335|0x0000000094f00000, 0x0000000095000000, 0x0000000095000000|100%| E|CS|TAMS 0x0000000094f00000, 0x0000000094f00000| Complete 
| 336|0x0000000095000000, 0x0000000095100000, 0x0000000095100000|100%| E|CS|TAMS 0x0000000095000000, 0x0000000095000000| Complete 
| 337|0x0000000095100000, 0x0000000095200000, 0x0000000095200000|100%| E|CS|TAMS 0x0000000095100000, 0x0000000095100000| Complete 
| 338|0x0000000095200000, 0x0000000095300000, 0x0000000095300000|100%| E|CS|TAMS 0x0000000095200000, 0x0000000095200000| Complete 
| 339|0x0000000095300000, 0x0000000095400000, 0x0000000095400000|100%| E|CS|TAMS 0x0000000095300000, 0x0000000095300000| Complete 
| 340|0x0000000095400000, 0x0000000095500000, 0x0000000095500000|100%| E|CS|TAMS 0x0000000095400000, 0x0000000095400000| Complete 
| 341|0x0000000095500000, 0x0000000095600000, 0x0000000095600000|100%| E|CS|TAMS 0x0000000095500000, 0x0000000095500000| Complete 
| 342|0x0000000095600000, 0x0000000095700000, 0x0000000095700000|100%| E|CS|TAMS 0x0000000095600000, 0x0000000095600000| Complete 
| 343|0x0000000095700000, 0x0000000095800000, 0x0000000095800000|100%| E|CS|TAMS 0x0000000095700000, 0x0000000095700000| Complete 
| 344|0x0000000095800000, 0x0000000095900000, 0x0000000095900000|100%| E|CS|TAMS 0x0000000095800000, 0x0000000095800000| Complete 
| 345|0x0000000095900000, 0x0000000095a00000, 0x0000000095a00000|100%| E|CS|TAMS 0x0000000095900000, 0x0000000095900000| Complete 
| 346|0x0000000095a00000, 0x0000000095b00000, 0x0000000095b00000|100%| E|CS|TAMS 0x0000000095a00000, 0x0000000095a00000| Complete 
| 347|0x0000000095b00000, 0x0000000095c00000, 0x0000000095c00000|100%| E|CS|TAMS 0x0000000095b00000, 0x0000000095b00000| Complete 
| 348|0x0000000095c00000, 0x0000000095d00000, 0x0000000095d00000|100%| E|CS|TAMS 0x0000000095c00000, 0x0000000095c00000| Complete 
| 349|0x0000000095d00000, 0x0000000095e00000, 0x0000000095e00000|100%| E|CS|TAMS 0x0000000095d00000, 0x0000000095d00000| Complete 
| 350|0x0000000095e00000, 0x0000000095f00000, 0x0000000095f00000|100%| E|CS|TAMS 0x0000000095e00000, 0x0000000095e00000| Complete 
| 351|0x0000000095f00000, 0x0000000096000000, 0x0000000096000000|100%| E|CS|TAMS 0x0000000095f00000, 0x0000000095f00000| Complete 
| 352|0x0000000096000000, 0x0000000096100000, 0x0000000096100000|100%| E|CS|TAMS 0x0000000096000000, 0x0000000096000000| Complete 
| 353|0x0000000096100000, 0x0000000096200000, 0x0000000096200000|100%| E|CS|TAMS 0x0000000096100000, 0x0000000096100000| Complete 
| 354|0x0000000096200000, 0x0000000096300000, 0x0000000096300000|100%| E|CS|TAMS 0x0000000096200000, 0x0000000096200000| Complete 
| 355|0x0000000096300000, 0x0000000096400000, 0x0000000096400000|100%| E|CS|TAMS 0x0000000096300000, 0x0000000096300000| Complete 
| 356|0x0000000096400000, 0x0000000096500000, 0x0000000096500000|100%| E|CS|TAMS 0x0000000096400000, 0x0000000096400000| Complete 
| 357|0x0000000096500000, 0x0000000096600000, 0x0000000096600000|100%| E|CS|TAMS 0x0000000096500000, 0x0000000096500000| Complete 
| 358|0x0000000096600000, 0x0000000096700000, 0x0000000096700000|100%| E|CS|TAMS 0x0000000096600000, 0x0000000096600000| Complete 
| 359|0x0000000096700000, 0x0000000096800000, 0x0000000096800000|100%| E|CS|TAMS 0x0000000096700000, 0x0000000096700000| Complete 
| 360|0x0000000096800000, 0x0000000096900000, 0x0000000096900000|100%| E|CS|TAMS 0x0000000096800000, 0x0000000096800000| Complete 
| 361|0x0000000096900000, 0x0000000096a00000, 0x0000000096a00000|100%| E|CS|TAMS 0x0000000096900000, 0x0000000096900000| Complete 
| 362|0x0000000096a00000, 0x0000000096b00000, 0x0000000096b00000|100%| E|CS|TAMS 0x0000000096a00000, 0x0000000096a00000| Complete 
| 363|0x0000000096b00000, 0x0000000096c00000, 0x0000000096c00000|100%| E|CS|TAMS 0x0000000096b00000, 0x0000000096b00000| Complete 
| 364|0x0000000096c00000, 0x0000000096d00000, 0x0000000096d00000|100%| E|CS|TAMS 0x0000000096c00000, 0x0000000096c00000| Complete 
| 365|0x0000000096d00000, 0x0000000096e00000, 0x0000000096e00000|100%| E|CS|TAMS 0x0000000096d00000, 0x0000000096d00000| Complete 
| 366|0x0000000096e00000, 0x0000000096f00000, 0x0000000096f00000|100%| E|CS|TAMS 0x0000000096e00000, 0x0000000096e00000| Complete 
| 367|0x0000000096f00000, 0x0000000097000000, 0x0000000097000000|100%| E|CS|TAMS 0x0000000096f00000, 0x0000000096f00000| Complete 
| 368|0x0000000097000000, 0x0000000097100000, 0x0000000097100000|100%| E|CS|TAMS 0x0000000097000000, 0x0000000097000000| Complete 
| 369|0x0000000097100000, 0x0000000097200000, 0x0000000097200000|100%| E|CS|TAMS 0x0000000097100000, 0x0000000097100000| Complete 
| 370|0x0000000097200000, 0x0000000097300000, 0x0000000097300000|100%| E|CS|TAMS 0x0000000097200000, 0x0000000097200000| Complete 
| 371|0x0000000097300000, 0x0000000097400000, 0x0000000097400000|100%| E|CS|TAMS 0x0000000097300000, 0x0000000097300000| Complete 
| 372|0x0000000097400000, 0x0000000097500000, 0x0000000097500000|100%| E|CS|TAMS 0x0000000097400000, 0x0000000097400000| Complete 
| 373|0x0000000097500000, 0x0000000097600000, 0x0000000097600000|100%| E|CS|TAMS 0x0000000097500000, 0x0000000097500000| Complete 
| 374|0x0000000097600000, 0x0000000097700000, 0x0000000097700000|100%| E|CS|TAMS 0x0000000097600000, 0x0000000097600000| Complete 
| 375|0x0000000097700000, 0x0000000097800000, 0x0000000097800000|100%| E|CS|TAMS 0x0000000097700000, 0x0000000097700000| Complete 
| 376|0x0000000097800000, 0x0000000097900000, 0x0000000097900000|100%| E|CS|TAMS 0x0000000097800000, 0x0000000097800000| Complete 
| 377|0x0000000097900000, 0x0000000097a00000, 0x0000000097a00000|100%| E|CS|TAMS 0x0000000097900000, 0x0000000097900000| Complete 
| 378|0x0000000097a00000, 0x0000000097b00000, 0x0000000097b00000|100%| E|CS|TAMS 0x0000000097a00000, 0x0000000097a00000| Complete 
| 379|0x0000000097b00000, 0x0000000097c00000, 0x0000000097c00000|100%| E|CS|TAMS 0x0000000097b00000, 0x0000000097b00000| Complete 
| 380|0x0000000097c00000, 0x0000000097d00000, 0x0000000097d00000|100%| E|CS|TAMS 0x0000000097c00000, 0x0000000097c00000| Complete 
| 381|0x0000000097d00000, 0x0000000097e00000, 0x0000000097e00000|100%| E|CS|TAMS 0x0000000097d00000, 0x0000000097d00000| Complete 
| 382|0x0000000097e00000, 0x0000000097f00000, 0x0000000097f00000|100%| E|CS|TAMS 0x0000000097e00000, 0x0000000097e00000| Complete 
| 383|0x0000000097f00000, 0x0000000098000000, 0x0000000098000000|100%| E|CS|TAMS 0x0000000097f00000, 0x0000000097f00000| Complete 
| 384|0x0000000098000000, 0x0000000098100000, 0x0000000098100000|100%| E|CS|TAMS 0x0000000098000000, 0x0000000098000000| Complete 
| 385|0x0000000098100000, 0x0000000098200000, 0x0000000098200000|100%| E|CS|TAMS 0x0000000098100000, 0x0000000098100000| Complete 
| 386|0x0000000098200000, 0x0000000098300000, 0x0000000098300000|100%| E|CS|TAMS 0x0000000098200000, 0x0000000098200000| Complete 
| 387|0x0000000098300000, 0x0000000098400000, 0x0000000098400000|100%| E|CS|TAMS 0x0000000098300000, 0x0000000098300000| Complete 
| 388|0x0000000098400000, 0x0000000098500000, 0x0000000098500000|100%| E|CS|TAMS 0x0000000098400000, 0x0000000098400000| Complete 
| 389|0x0000000098500000, 0x0000000098600000, 0x0000000098600000|100%| E|CS|TAMS 0x0000000098500000, 0x0000000098500000| Complete 
| 390|0x0000000098600000, 0x0000000098700000, 0x0000000098700000|100%| E|CS|TAMS 0x0000000098600000, 0x0000000098600000| Complete 
| 391|0x0000000098700000, 0x0000000098800000, 0x0000000098800000|100%| E|CS|TAMS 0x0000000098700000, 0x0000000098700000| Complete 
| 392|0x0000000098800000, 0x0000000098900000, 0x0000000098900000|100%| E|CS|TAMS 0x0000000098800000, 0x0000000098800000| Complete 
| 393|0x0000000098900000, 0x0000000098a00000, 0x0000000098a00000|100%| E|CS|TAMS 0x0000000098900000, 0x0000000098900000| Complete 
| 394|0x0000000098a00000, 0x0000000098b00000, 0x0000000098b00000|100%| E|CS|TAMS 0x0000000098a00000, 0x0000000098a00000| Complete 
| 395|0x0000000098b00000, 0x0000000098c00000, 0x0000000098c00000|100%| E|CS|TAMS 0x0000000098b00000, 0x0000000098b00000| Complete 
| 396|0x0000000098c00000, 0x0000000098d00000, 0x0000000098d00000|100%| E|CS|TAMS 0x0000000098c00000, 0x0000000098c00000| Complete 
| 397|0x0000000098d00000, 0x0000000098e00000, 0x0000000098e00000|100%| E|CS|TAMS 0x0000000098d00000, 0x0000000098d00000| Complete 
| 398|0x0000000098e00000, 0x0000000098f00000, 0x0000000098f00000|100%| E|CS|TAMS 0x0000000098e00000, 0x0000000098e00000| Complete 
| 399|0x0000000098f00000, 0x0000000099000000, 0x0000000099000000|100%| E|CS|TAMS 0x0000000098f00000, 0x0000000098f00000| Complete 
| 400|0x0000000099000000, 0x0000000099100000, 0x0000000099100000|100%| E|CS|TAMS 0x0000000099000000, 0x0000000099000000| Complete 
| 401|0x0000000099100000, 0x0000000099200000, 0x0000000099200000|100%| E|CS|TAMS 0x0000000099100000, 0x0000000099100000| Complete 
| 402|0x0000000099200000, 0x0000000099300000, 0x0000000099300000|100%| E|CS|TAMS 0x0000000099200000, 0x0000000099200000| Complete 
| 403|0x0000000099300000, 0x0000000099400000, 0x0000000099400000|100%| E|CS|TAMS 0x0000000099300000, 0x0000000099300000| Complete 
| 404|0x0000000099400000, 0x0000000099500000, 0x0000000099500000|100%| E|CS|TAMS 0x0000000099400000, 0x0000000099400000| Complete 
| 405|0x0000000099500000, 0x0000000099600000, 0x0000000099600000|100%| E|CS|TAMS 0x0000000099500000, 0x0000000099500000| Complete 
| 406|0x0000000099600000, 0x0000000099700000, 0x0000000099700000|100%| E|CS|TAMS 0x0000000099600000, 0x0000000099600000| Complete 
| 407|0x0000000099700000, 0x0000000099800000, 0x0000000099800000|100%| E|CS|TAMS 0x0000000099700000, 0x0000000099700000| Complete 
| 408|0x0000000099800000, 0x0000000099900000, 0x0000000099900000|100%| E|CS|TAMS 0x0000000099800000, 0x0000000099800000| Complete 
| 409|0x0000000099900000, 0x0000000099a00000, 0x0000000099a00000|100%| E|CS|TAMS 0x0000000099900000, 0x0000000099900000| Complete 
| 410|0x0000000099a00000, 0x0000000099b00000, 0x0000000099b00000|100%| E|CS|TAMS 0x0000000099a00000, 0x0000000099a00000| Complete 
| 411|0x0000000099b00000, 0x0000000099c00000, 0x0000000099c00000|100%| E|CS|TAMS 0x0000000099b00000, 0x0000000099b00000| Complete 
| 412|0x0000000099c00000, 0x0000000099d00000, 0x0000000099d00000|100%| E|CS|TAMS 0x0000000099c00000, 0x0000000099c00000| Complete 
| 413|0x0000000099d00000, 0x0000000099e00000, 0x0000000099e00000|100%| E|CS|TAMS 0x0000000099d00000, 0x0000000099d00000| Complete 
| 414|0x0000000099e00000, 0x0000000099f00000, 0x0000000099f00000|100%| E|CS|TAMS 0x0000000099e00000, 0x0000000099e00000| Complete 
| 415|0x0000000099f00000, 0x000000009a000000, 0x000000009a000000|100%| E|CS|TAMS 0x0000000099f00000, 0x0000000099f00000| Complete 
| 416|0x000000009a000000, 0x000000009a100000, 0x000000009a100000|100%| E|CS|TAMS 0x000000009a000000, 0x000000009a000000| Complete 
| 417|0x000000009a100000, 0x000000009a200000, 0x000000009a200000|100%| E|CS|TAMS 0x000000009a100000, 0x000000009a100000| Complete 
| 418|0x000000009a200000, 0x000000009a300000, 0x000000009a300000|100%| E|CS|TAMS 0x000000009a200000, 0x000000009a200000| Complete 
| 419|0x000000009a300000, 0x000000009a400000, 0x000000009a400000|100%| E|CS|TAMS 0x000000009a300000, 0x000000009a300000| Complete 
| 420|0x000000009a400000, 0x000000009a500000, 0x000000009a500000|100%| E|CS|TAMS 0x000000009a400000, 0x000000009a400000| Complete 
| 421|0x000000009a500000, 0x000000009a600000, 0x000000009a600000|100%| E|CS|TAMS 0x000000009a500000, 0x000000009a500000| Complete 
| 422|0x000000009a600000, 0x000000009a700000, 0x000000009a700000|100%| E|CS|TAMS 0x000000009a600000, 0x000000009a600000| Complete 
| 423|0x000000009a700000, 0x000000009a800000, 0x000000009a800000|100%| E|CS|TAMS 0x000000009a700000, 0x000000009a700000| Complete 
| 424|0x000000009a800000, 0x000000009a900000, 0x000000009a900000|100%| E|CS|TAMS 0x000000009a800000, 0x000000009a800000| Complete 
| 425|0x000000009a900000, 0x000000009aa00000, 0x000000009aa00000|100%| E|CS|TAMS 0x000000009a900000, 0x000000009a900000| Complete 
| 426|0x000000009aa00000, 0x000000009ab00000, 0x000000009ab00000|100%| E|CS|TAMS 0x000000009aa00000, 0x000000009aa00000| Complete 
| 427|0x000000009ab00000, 0x000000009ac00000, 0x000000009ac00000|100%| E|CS|TAMS 0x000000009ab00000, 0x000000009ab00000| Complete 
| 428|0x000000009ac00000, 0x000000009ad00000, 0x000000009ad00000|100%| E|CS|TAMS 0x000000009ac00000, 0x000000009ac00000| Complete 
| 429|0x000000009ad00000, 0x000000009ae00000, 0x000000009ae00000|100%| E|CS|TAMS 0x000000009ad00000, 0x000000009ad00000| Complete 
| 430|0x000000009ae00000, 0x000000009af00000, 0x000000009af00000|100%| E|CS|TAMS 0x000000009ae00000, 0x000000009ae00000| Complete 
| 431|0x000000009af00000, 0x000000009b000000, 0x000000009b000000|100%| E|CS|TAMS 0x000000009af00000, 0x000000009af00000| Complete 
| 432|0x000000009b000000, 0x000000009b100000, 0x000000009b100000|100%| E|CS|TAMS 0x000000009b000000, 0x000000009b000000| Complete 
| 433|0x000000009b100000, 0x000000009b200000, 0x000000009b200000|100%| E|CS|TAMS 0x000000009b100000, 0x000000009b100000| Complete 
| 434|0x000000009b200000, 0x000000009b300000, 0x000000009b300000|100%| E|CS|TAMS 0x000000009b200000, 0x000000009b200000| Complete 
| 435|0x000000009b300000, 0x000000009b400000, 0x000000009b400000|100%| E|CS|TAMS 0x000000009b300000, 0x000000009b300000| Complete 
| 436|0x000000009b400000, 0x000000009b500000, 0x000000009b500000|100%| E|CS|TAMS 0x000000009b400000, 0x000000009b400000| Complete 
| 437|0x000000009b500000, 0x000000009b600000, 0x000000009b600000|100%| E|CS|TAMS 0x000000009b500000, 0x000000009b500000| Complete 
| 438|0x000000009b600000, 0x000000009b700000, 0x000000009b700000|100%| E|CS|TAMS 0x000000009b600000, 0x000000009b600000| Complete 
| 439|0x000000009b700000, 0x000000009b800000, 0x000000009b800000|100%| E|CS|TAMS 0x000000009b700000, 0x000000009b700000| Complete 
| 440|0x000000009b800000, 0x000000009b900000, 0x000000009b900000|100%| E|CS|TAMS 0x000000009b800000, 0x000000009b800000| Complete 
| 441|0x000000009b900000, 0x000000009ba00000, 0x000000009ba00000|100%| E|CS|TAMS 0x000000009b900000, 0x000000009b900000| Complete 
| 442|0x000000009ba00000, 0x000000009bb00000, 0x000000009bb00000|100%| E|CS|TAMS 0x000000009ba00000, 0x000000009ba00000| Complete 
| 443|0x000000009bb00000, 0x000000009bc00000, 0x000000009bc00000|100%| E|CS|TAMS 0x000000009bb00000, 0x000000009bb00000| Complete 
| 444|0x000000009bc00000, 0x000000009bd00000, 0x000000009bd00000|100%| E|CS|TAMS 0x000000009bc00000, 0x000000009bc00000| Complete 
| 445|0x000000009bd00000, 0x000000009be00000, 0x000000009be00000|100%| E|CS|TAMS 0x000000009bd00000, 0x000000009bd00000| Complete 
| 446|0x000000009be00000, 0x000000009bf00000, 0x000000009bf00000|100%| E|CS|TAMS 0x000000009be00000, 0x000000009be00000| Complete 
| 447|0x000000009bf00000, 0x000000009c000000, 0x000000009c000000|100%| E|CS|TAMS 0x000000009bf00000, 0x000000009bf00000| Complete 
| 448|0x000000009c000000, 0x000000009c100000, 0x000000009c100000|100%| E|CS|TAMS 0x000000009c000000, 0x000000009c000000| Complete 
| 449|0x000000009c100000, 0x000000009c200000, 0x000000009c200000|100%| E|CS|TAMS 0x000000009c100000, 0x000000009c100000| Complete 
| 450|0x000000009c200000, 0x000000009c300000, 0x000000009c300000|100%| E|CS|TAMS 0x000000009c200000, 0x000000009c200000| Complete 
| 451|0x000000009c300000, 0x000000009c400000, 0x000000009c400000|100%| E|CS|TAMS 0x000000009c300000, 0x000000009c300000| Complete 
| 452|0x000000009c400000, 0x000000009c500000, 0x000000009c500000|100%| E|CS|TAMS 0x000000009c400000, 0x000000009c400000| Complete 
| 453|0x000000009c500000, 0x000000009c600000, 0x000000009c600000|100%| E|CS|TAMS 0x000000009c500000, 0x000000009c500000| Complete 
| 454|0x000000009c600000, 0x000000009c700000, 0x000000009c700000|100%| E|CS|TAMS 0x000000009c600000, 0x000000009c600000| Complete 
| 455|0x000000009c700000, 0x000000009c800000, 0x000000009c800000|100%| E|CS|TAMS 0x000000009c700000, 0x000000009c700000| Complete 
| 456|0x000000009c800000, 0x000000009c900000, 0x000000009c900000|100%| E|CS|TAMS 0x000000009c800000, 0x000000009c800000| Complete 
| 457|0x000000009c900000, 0x000000009ca00000, 0x000000009ca00000|100%| E|CS|TAMS 0x000000009c900000, 0x000000009c900000| Complete 
| 458|0x000000009ca00000, 0x000000009cb00000, 0x000000009cb00000|100%| E|CS|TAMS 0x000000009ca00000, 0x000000009ca00000| Complete 
| 459|0x000000009cb00000, 0x000000009cc00000, 0x000000009cc00000|100%| E|CS|TAMS 0x000000009cb00000, 0x000000009cb00000| Complete 
| 460|0x000000009cc00000, 0x000000009cd00000, 0x000000009cd00000|100%| E|CS|TAMS 0x000000009cc00000, 0x000000009cc00000| Complete 
| 461|0x000000009cd00000, 0x000000009ce00000, 0x000000009ce00000|100%| E|CS|TAMS 0x000000009cd00000, 0x000000009cd00000| Complete 
| 462|0x000000009ce00000, 0x000000009cf00000, 0x000000009cf00000|100%| E|CS|TAMS 0x000000009ce00000, 0x000000009ce00000| Complete 
| 463|0x000000009cf00000, 0x000000009d000000, 0x000000009d000000|100%| E|CS|TAMS 0x000000009cf00000, 0x000000009cf00000| Complete 
| 464|0x000000009d000000, 0x000000009d100000, 0x000000009d100000|100%| E|CS|TAMS 0x000000009d000000, 0x000000009d000000| Complete 
| 465|0x000000009d100000, 0x000000009d200000, 0x000000009d200000|100%| E|CS|TAMS 0x000000009d100000, 0x000000009d100000| Complete 
| 466|0x000000009d200000, 0x000000009d300000, 0x000000009d300000|100%| E|CS|TAMS 0x000000009d200000, 0x000000009d200000| Complete 
| 467|0x000000009d300000, 0x000000009d400000, 0x000000009d400000|100%| E|CS|TAMS 0x000000009d300000, 0x000000009d300000| Complete 
| 468|0x000000009d400000, 0x000000009d500000, 0x000000009d500000|100%| E|CS|TAMS 0x000000009d400000, 0x000000009d400000| Complete 
| 469|0x000000009d500000, 0x000000009d600000, 0x000000009d600000|100%| E|CS|TAMS 0x000000009d500000, 0x000000009d500000| Complete 
| 470|0x000000009d600000, 0x000000009d700000, 0x000000009d700000|100%| E|CS|TAMS 0x000000009d600000, 0x000000009d600000| Complete 
| 471|0x000000009d700000, 0x000000009d800000, 0x000000009d800000|100%| E|CS|TAMS 0x000000009d700000, 0x000000009d700000| Complete 
| 472|0x000000009d800000, 0x000000009d900000, 0x000000009d900000|100%| E|CS|TAMS 0x000000009d800000, 0x000000009d800000| Complete 
| 473|0x000000009d900000, 0x000000009da00000, 0x000000009da00000|100%| E|CS|TAMS 0x000000009d900000, 0x000000009d900000| Complete 
| 474|0x000000009da00000, 0x000000009db00000, 0x000000009db00000|100%| E|CS|TAMS 0x000000009da00000, 0x000000009da00000| Complete 
| 475|0x000000009db00000, 0x000000009dc00000, 0x000000009dc00000|100%| E|CS|TAMS 0x000000009db00000, 0x000000009db00000| Complete 
| 476|0x000000009dc00000, 0x000000009dd00000, 0x000000009dd00000|100%| E|CS|TAMS 0x000000009dc00000, 0x000000009dc00000| Complete 
| 477|0x000000009dd00000, 0x000000009de00000, 0x000000009de00000|100%| E|CS|TAMS 0x000000009dd00000, 0x000000009dd00000| Complete 
| 478|0x000000009de00000, 0x000000009df00000, 0x000000009df00000|100%| E|CS|TAMS 0x000000009de00000, 0x000000009de00000| Complete 
| 479|0x000000009df00000, 0x000000009e000000, 0x000000009e000000|100%| E|CS|TAMS 0x000000009df00000, 0x000000009df00000| Complete 
| 480|0x000000009e000000, 0x000000009e100000, 0x000000009e100000|100%| E|CS|TAMS 0x000000009e000000, 0x000000009e000000| Complete 
| 481|0x000000009e100000, 0x000000009e200000, 0x000000009e200000|100%| E|CS|TAMS 0x000000009e100000, 0x000000009e100000| Complete 
| 482|0x000000009e200000, 0x000000009e300000, 0x000000009e300000|100%| E|CS|TAMS 0x000000009e200000, 0x000000009e200000| Complete 
| 483|0x000000009e300000, 0x000000009e400000, 0x000000009e400000|100%| E|CS|TAMS 0x000000009e300000, 0x000000009e300000| Complete 
| 484|0x000000009e400000, 0x000000009e500000, 0x000000009e500000|100%| E|CS|TAMS 0x000000009e400000, 0x000000009e400000| Complete 
| 485|0x000000009e500000, 0x000000009e600000, 0x000000009e600000|100%| E|CS|TAMS 0x000000009e500000, 0x000000009e500000| Complete 
| 486|0x000000009e600000, 0x000000009e700000, 0x000000009e700000|100%| E|CS|TAMS 0x000000009e600000, 0x000000009e600000| Complete 
| 487|0x000000009e700000, 0x000000009e800000, 0x000000009e800000|100%| E|CS|TAMS 0x000000009e700000, 0x000000009e700000| Complete 
| 488|0x000000009e800000, 0x000000009e900000, 0x000000009e900000|100%| E|CS|TAMS 0x000000009e800000, 0x000000009e800000| Complete 
| 489|0x000000009e900000, 0x000000009ea00000, 0x000000009ea00000|100%| E|CS|TAMS 0x000000009e900000, 0x000000009e900000| Complete 
| 490|0x000000009ea00000, 0x000000009eb00000, 0x000000009eb00000|100%| E|CS|TAMS 0x000000009ea00000, 0x000000009ea00000| Complete 
| 491|0x000000009eb00000, 0x000000009ec00000, 0x000000009ec00000|100%| E|CS|TAMS 0x000000009eb00000, 0x000000009eb00000| Complete 
| 492|0x000000009ec00000, 0x000000009ed00000, 0x000000009ed00000|100%| E|CS|TAMS 0x000000009ec00000, 0x000000009ec00000| Complete 
| 493|0x000000009ed00000, 0x000000009ee00000, 0x000000009ee00000|100%| E|CS|TAMS 0x000000009ed00000, 0x000000009ed00000| Complete 
| 494|0x000000009ee00000, 0x000000009ef00000, 0x000000009ef00000|100%| E|CS|TAMS 0x000000009ee00000, 0x000000009ee00000| Complete 
| 495|0x000000009ef00000, 0x000000009f000000, 0x000000009f000000|100%| E|CS|TAMS 0x000000009ef00000, 0x000000009ef00000| Complete 
| 496|0x000000009f000000, 0x000000009f100000, 0x000000009f100000|100%| E|CS|TAMS 0x000000009f000000, 0x000000009f000000| Complete 
| 497|0x000000009f100000, 0x000000009f200000, 0x000000009f200000|100%| E|CS|TAMS 0x000000009f100000, 0x000000009f100000| Complete 
| 498|0x000000009f200000, 0x000000009f300000, 0x000000009f300000|100%| E|CS|TAMS 0x000000009f200000, 0x000000009f200000| Complete 
| 499|0x000000009f300000, 0x000000009f400000, 0x000000009f400000|100%| E|CS|TAMS 0x000000009f300000, 0x000000009f300000| Complete 
| 500|0x000000009f400000, 0x000000009f500000, 0x000000009f500000|100%| E|CS|TAMS 0x000000009f400000, 0x000000009f400000| Complete 
| 501|0x000000009f500000, 0x000000009f600000, 0x000000009f600000|100%| E|CS|TAMS 0x000000009f500000, 0x000000009f500000| Complete 
| 502|0x000000009f600000, 0x000000009f700000, 0x000000009f700000|100%| E|CS|TAMS 0x000000009f600000, 0x000000009f600000| Complete 
| 503|0x000000009f700000, 0x000000009f800000, 0x000000009f800000|100%| E|CS|TAMS 0x000000009f700000, 0x000000009f700000| Complete 
| 504|0x000000009f800000, 0x000000009f900000, 0x000000009f900000|100%| E|CS|TAMS 0x000000009f800000, 0x000000009f800000| Complete 
| 505|0x000000009f900000, 0x000000009fa00000, 0x000000009fa00000|100%| E|CS|TAMS 0x000000009f900000, 0x000000009f900000| Complete 
| 506|0x000000009fa00000, 0x000000009fb00000, 0x000000009fb00000|100%| E|CS|TAMS 0x000000009fa00000, 0x000000009fa00000| Complete 
| 507|0x000000009fb00000, 0x000000009fc00000, 0x000000009fc00000|100%| E|CS|TAMS 0x000000009fb00000, 0x000000009fb00000| Complete 
| 508|0x000000009fc00000, 0x000000009fd00000, 0x000000009fd00000|100%| E|CS|TAMS 0x000000009fc00000, 0x000000009fc00000| Complete 
| 509|0x000000009fd00000, 0x000000009fe00000, 0x000000009fe00000|100%| E|CS|TAMS 0x000000009fd00000, 0x000000009fd00000| Complete 
| 510|0x000000009fe00000, 0x000000009ff00000, 0x000000009ff00000|100%| E|CS|TAMS 0x000000009fe00000, 0x000000009fe00000| Complete 
| 511|0x000000009ff00000, 0x00000000a0000000, 0x00000000a0000000|100%| E|CS|TAMS 0x000000009ff00000, 0x000000009ff00000| Complete 
| 512|0x00000000a0000000, 0x00000000a0100000, 0x00000000a0100000|100%| E|CS|TAMS 0x00000000a0000000, 0x00000000a0000000| Complete 
| 513|0x00000000a0100000, 0x00000000a0200000, 0x00000000a0200000|100%| E|CS|TAMS 0x00000000a0100000, 0x00000000a0100000| Complete 
| 514|0x00000000a0200000, 0x00000000a0300000, 0x00000000a0300000|100%| E|CS|TAMS 0x00000000a0200000, 0x00000000a0200000| Complete 
| 515|0x00000000a0300000, 0x00000000a0400000, 0x00000000a0400000|100%| E|CS|TAMS 0x00000000a0300000, 0x00000000a0300000| Complete 
| 516|0x00000000a0400000, 0x00000000a0500000, 0x00000000a0500000|100%| E|CS|TAMS 0x00000000a0400000, 0x00000000a0400000| Complete 
| 517|0x00000000a0500000, 0x00000000a0600000, 0x00000000a0600000|100%| E|CS|TAMS 0x00000000a0500000, 0x00000000a0500000| Complete 
| 518|0x00000000a0600000, 0x00000000a0700000, 0x00000000a0700000|100%| E|CS|TAMS 0x00000000a0600000, 0x00000000a0600000| Complete 
| 519|0x00000000a0700000, 0x00000000a0800000, 0x00000000a0800000|100%| E|CS|TAMS 0x00000000a0700000, 0x00000000a0700000| Complete 
| 520|0x00000000a0800000, 0x00000000a0900000, 0x00000000a0900000|100%| E|CS|TAMS 0x00000000a0800000, 0x00000000a0800000| Complete 
| 521|0x00000000a0900000, 0x00000000a0a00000, 0x00000000a0a00000|100%| E|CS|TAMS 0x00000000a0900000, 0x00000000a0900000| Complete 
| 522|0x00000000a0a00000, 0x00000000a0b00000, 0x00000000a0b00000|100%| E|CS|TAMS 0x00000000a0a00000, 0x00000000a0a00000| Complete 
| 523|0x00000000a0b00000, 0x00000000a0c00000, 0x00000000a0c00000|100%| E|CS|TAMS 0x00000000a0b00000, 0x00000000a0b00000| Complete 
| 524|0x00000000a0c00000, 0x00000000a0d00000, 0x00000000a0d00000|100%| E|CS|TAMS 0x00000000a0c00000, 0x00000000a0c00000| Complete 
| 525|0x00000000a0d00000, 0x00000000a0e00000, 0x00000000a0e00000|100%| E|CS|TAMS 0x00000000a0d00000, 0x00000000a0d00000| Complete 
| 526|0x00000000a0e00000, 0x00000000a0f00000, 0x00000000a0f00000|100%| E|CS|TAMS 0x00000000a0e00000, 0x00000000a0e00000| Complete 
| 527|0x00000000a0f00000, 0x00000000a1000000, 0x00000000a1000000|100%| E|CS|TAMS 0x00000000a0f00000, 0x00000000a0f00000| Complete 
| 528|0x00000000a1000000, 0x00000000a1100000, 0x00000000a1100000|100%| E|CS|TAMS 0x00000000a1000000, 0x00000000a1000000| Complete 
|2045|0x00000000ffd00000, 0x00000000ffe00000, 0x00000000ffe00000|100%| O|  |TAMS 0x00000000ffe00000, 0x00000000ffd00000| Untracked 
|2046|0x00000000ffe00000, 0x00000000fff00000, 0x00000000fff00000|100%| O|  |TAMS 0x00000000fff00000, 0x00000000ffe00000| Untracked 
|2047|0x00000000fff00000, 0x0000000100000000, 0x0000000100000000|100%| O|  |TAMS 0x0000000100000000, 0x00000000fff00000| Untracked 

Card table byte_map: [0x00000178fd5f0000,0x00000178fd9f0000] _byte_map_base: 0x00000178fd1f0000

Marking Bits (Prev, Next): (CMBitMap*) 0x00000178fb368830, (CMBitMap*) 0x00000178fb3687f0
 Prev Bits: [0x0000017896ab0000, 0x0000017898ab0000)
 Next Bits: [0x00000178fddf0000, 0x00000178ffdf0000)

Polling page: 0x00000178fb0d0000

Metaspace:

Usage:
  Non-class:    197.59 MB used.
      Class:     28.11 MB used.
       Both:    225.70 MB used.

Virtual space:
  Non-class space:      256.00 MB reserved,     198.38 MB ( 77%) committed,  4 nodes.
      Class space:        1.00 GB reserved,      28.75 MB (  3%) committed,  1 nodes.
             Both:        1.25 GB reserved,     227.12 MB ( 18%) committed. 

Chunk freelists:
   Non-Class:  9.23 MB
       Class:  3.19 MB
        Both:  12.42 MB

MaxMetaspaceSize: unlimited
CompressedClassSpaceSize: 1.00 GB
Initial GC threshold: 21.00 MB
Current GC threshold: 316.25 MB
CDS: on
MetaspaceReclaimPolicy: balanced
 - commit_granule_bytes: 65536.
 - commit_granule_words: 8192.
 - virtual_space_node_default_size: 8388608.
 - enlarge_chunks_in_place: 1.
 - new_chunks_are_fully_committed: 0.
 - uncommit_free_chunks: 1.
 - use_allocation_guard: 0.
 - handle_deallocations: 1.


Internal statistics:

num_allocs_failed_limit: 33.
num_arena_births: 2358.
num_arena_deaths: 10.
num_vsnodes_births: 5.
num_vsnodes_deaths: 0.
num_space_committed: 3629.
num_space_uncommitted: 0.
num_chunks_returned_to_freelist: 53.
num_chunks_taken_from_freelist: 11527.
num_chunk_merges: 35.
num_chunk_splits: 8290.
num_chunks_enlarged: 6096.
num_inconsistent_stats: 0.

CodeHeap 'non-profiled nmethods': size=120000Kb used=21892Kb max_used=22144Kb free=98107Kb
 bounds [0x000001788f580000, 0x0000017890b60000, 0x0000017896ab0000]
CodeHeap 'profiled nmethods': size=120000Kb used=66111Kb max_used=67283Kb free=53889Kb
 bounds [0x0000017887ab0000, 0x000001788bc80000, 0x000001788efe0000]
CodeHeap 'non-nmethods': size=5760Kb used=2761Kb max_used=2833Kb free=2998Kb
 bounds [0x000001788efe0000, 0x000001788f2b0000, 0x000001788f580000]
 total_blobs=32599 nmethods=31267 adapters=1238
 compilation: enabled
              stopped_count=0, restarted_count=0
 full_count=0

Compilation events (20 events):
Event: 266.169 Thread 0x000001789af6b990 40336       3       com.android.tools.r8.internal.N9::<init> (86 bytes)
Event: 266.169 Thread 0x000001789af6b990 nmethod 40336 0x000001788b873c90 code [0x000001788b873e40, 0x000001788b8740f8]
Event: 266.170 Thread 0x000001789af6b990 40337       3       com.android.tools.r8.internal.cd::b (18 bytes)
Event: 266.171 Thread 0x000001789af6b990 nmethod 40337 0x000001788b9ae990 code [0x000001788b9aeb60, 0x000001788b9aefd8]
Event: 266.171 Thread 0x000001789af6b990 40338       3       com.android.tools.r8.internal.cd::c (22 bytes)
Event: 266.171 Thread 0x000001789af6b990 nmethod 40338 0x0000017889689110 code [0x00000178896892e0, 0x00000178896896f8]
Event: 266.176 Thread 0x000001789af6b990 40340       3       com.android.tools.r8.internal.N9::a (270 bytes)
Event: 266.177 Thread 0x000001789af6b990 nmethod 40340 0x000001788b090b90 code [0x000001788b090ec0, 0x000001788b091c98]
Event: 266.185 Thread 0x000001789af6b990 40341       3       com.android.tools.r8.ir.regalloc.n$$Lambda$3576/0x000001789dc3cb58::apply (8 bytes)
Event: 266.186 Thread 0x000001789af6b990 nmethod 40341 0x0000017888ed1590 code [0x0000017888ed1780, 0x0000017888ed1ae8]
Event: 266.198 Thread 0x000001789af6b990 40343       3       com.android.tools.r8.dex.code.H0::hashCode (20 bytes)
Event: 266.198 Thread 0x000001789af6b990 nmethod 40343 0x000001788a58a610 code [0x000001788a58a7c0, 0x000001788a58a9e8]
Event: 266.202 Thread 0x000001789af6b990 40344       2       com.android.tools.r8.internal.c6::g (36 bytes)
Event: 266.202 Thread 0x000001789af6b990 nmethod 40344 0x000001788ba95210 code [0x000001788ba953e0, 0x000001788ba955d8]
Event: 266.205 Thread 0x000001789af6b990 40345       3       com.android.tools.r8.dex.code.H0::<init> (71 bytes)
Event: 266.205 Thread 0x000001789af6b990 nmethod 40345 0x000001788baeda10 code [0x000001788baedbc0, 0x000001788baede18]
Event: 266.206 Thread 0x000001789af6b990 40346       3       com.android.tools.r8.internal.G5::<init> (20 bytes)
Event: 266.207 Thread 0x000001789af6b990 nmethod 40346 0x000001788a3a4a10 code [0x000001788a3a4c20, 0x000001788a3a52c8]
Event: 266.209 Thread 0x000001789af6b990 40347       3       com.android.tools.r8.internal.vL::c (50 bytes)
Event: 266.210 Thread 0x000001789af6b990 nmethod 40347 0x0000017889143410 code [0x00000178891435e0, 0x00000178891439f8]

GC Heap History (20 events):
Event: 132.314 GC heap after
{Heap after GC invocations=148 (full 0):
 garbage-first heap   total 410624K, used 197324K [0x0000000080000000, 0x0000000100000000)
  region size 1024K, 2 young (2048K), 2 survivors (2048K)
 Metaspace       used 193152K, committed 194240K, reserved 1245184K
  class space    used 24274K, committed 24832K, reserved 1048576K
}
Event: 133.606 GC heap before
{Heap before GC invocations=149 (full 0):
 garbage-first heap   total 544768K, used 352972K [0x0000000080000000, 0x0000000100000000)
  region size 1024K, 155 young (158720K), 2 survivors (2048K)
 Metaspace       used 193603K, committed 194624K, reserved 1245184K
  class space    used 24319K, committed 24832K, reserved 1048576K
}
Event: 133.613 GC heap after
{Heap after GC invocations=150 (full 0):
 garbage-first heap   total 544768K, used 198562K [0x0000000080000000, 0x0000000100000000)
  region size 1024K, 3 young (3072K), 3 survivors (3072K)
 Metaspace       used 193603K, committed 194624K, reserved 1245184K
  class space    used 24319K, committed 24832K, reserved 1048576K
}
Event: 134.036 GC heap before
{Heap before GC invocations=150 (full 0):
 garbage-first heap   total 544768K, used 222114K [0x0000000080000000, 0x0000000100000000)
  region size 1024K, 26 young (26624K), 3 survivors (3072K)
 Metaspace       used 194957K, committed 196032K, reserved 1245184K
  class space    used 24493K, committed 25024K, reserved 1048576K
}
Event: 134.054 GC heap after
{Heap after GC invocations=151 (full 0):
 garbage-first heap   total 544768K, used 196753K [0x0000000080000000, 0x0000000100000000)
  region size 1024K, 3 young (3072K), 3 survivors (3072K)
 Metaspace       used 194957K, committed 196032K, reserved 1245184K
  class space    used 24493K, committed 25024K, reserved 1048576K
}
Event: 241.066 GC heap before
{Heap before GC invocations=151 (full 0):
 garbage-first heap   total 544768K, used 462993K [0x0000000080000000, 0x0000000100000000)
  region size 1024K, 264 young (270336K), 3 survivors (3072K)
 Metaspace       used 206014K, committed 207296K, reserved 1245184K
  class space    used 25684K, committed 26304K, reserved 1048576K
}
Event: 241.099 GC heap after
{Heap after GC invocations=152 (full 0):
 garbage-first heap   total 544768K, used 214064K [0x0000000080000000, 0x0000000100000000)
  region size 1024K, 20 young (20480K), 20 survivors (20480K)
 Metaspace       used 206014K, committed 207296K, reserved 1245184K
  class space    used 25684K, committed 26304K, reserved 1048576K
}
Event: 248.940 GC heap before
{Heap before GC invocations=152 (full 0):
 garbage-first heap   total 544768K, used 461872K [0x0000000080000000, 0x0000000100000000)
  region size 1024K, 258 young (264192K), 20 survivors (20480K)
 Metaspace       used 214094K, committed 215488K, reserved 1245184K
  class space    used 26538K, committed 27200K, reserved 1048576K
}
Event: 248.997 GC heap after
{Heap after GC invocations=153 (full 0):
 garbage-first heap   total 544768K, used 229900K [0x0000000080000000, 0x0000000100000000)
  region size 1024K, 16 young (16384K), 16 survivors (16384K)
 Metaspace       used 214094K, committed 215488K, reserved 1245184K
  class space    used 26538K, committed 27200K, reserved 1048576K
}
Event: 253.035 GC heap before
{Heap before GC invocations=153 (full 0):
 garbage-first heap   total 544768K, used 454156K [0x0000000080000000, 0x0000000100000000)
  region size 1024K, 236 young (241664K), 16 survivors (16384K)
 Metaspace       used 216365K, committed 217728K, reserved 1245184K
  class space    used 26806K, committed 27456K, reserved 1048576K
}
Event: 253.058 GC heap after
{Heap after GC invocations=154 (full 0):
 garbage-first heap   total 544768K, used 233484K [0x0000000080000000, 0x0000000100000000)
  region size 1024K, 20 young (20480K), 20 survivors (20480K)
 Metaspace       used 216365K, committed 217728K, reserved 1245184K
  class space    used 26806K, committed 27456K, reserved 1048576K
}
Event: 254.679 GC heap before
{Heap before GC invocations=154 (full 0):
 garbage-first heap   total 544768K, used 457740K [0x0000000080000000, 0x0000000100000000)
  region size 1024K, 240 young (245760K), 20 survivors (20480K)
 Metaspace       used 216382K, committed 217792K, reserved 1245184K
  class space    used 26807K, committed 27456K, reserved 1048576K
}
Event: 254.701 GC heap after
{Heap after GC invocations=155 (full 0):
 garbage-first heap   total 544768K, used 233310K [0x0000000080000000, 0x0000000100000000)
  region size 1024K, 6 young (6144K), 6 survivors (6144K)
 Metaspace       used 216382K, committed 217792K, reserved 1245184K
  class space    used 26807K, committed 27456K, reserved 1048576K
}
Event: 261.490 GC heap before
{Heap before GC invocations=155 (full 0):
 garbage-first heap   total 544768K, used 462686K [0x0000000080000000, 0x0000000100000000)
  region size 1024K, 231 young (236544K), 6 survivors (6144K)
 Metaspace       used 226254K, committed 227712K, reserved 1310720K
  class space    used 28234K, committed 28928K, reserved 1048576K
}
Event: 261.516 GC heap after
{Heap after GC invocations=156 (full 0):
 garbage-first heap   total 544768K, used 244454K [0x0000000080000000, 0x0000000100000000)
  region size 1024K, 17 young (17408K), 17 survivors (17408K)
 Metaspace       used 226254K, committed 227712K, reserved 1310720K
  class space    used 28234K, committed 28928K, reserved 1048576K
}
Event: 263.682 GC heap before
{Heap before GC invocations=156 (full 0):
 garbage-first heap   total 544768K, used 459494K [0x0000000080000000, 0x0000000100000000)
  region size 1024K, 228 young (233472K), 17 survivors (17408K)
 Metaspace       used 228896K, committed 230336K, reserved 1310720K
  class space    used 28468K, committed 29120K, reserved 1048576K
}
Event: 263.702 GC heap after
{Heap after GC invocations=157 (full 0):
 garbage-first heap   total 544768K, used 245702K [0x0000000080000000, 0x0000000100000000)
  region size 1024K, 14 young (14336K), 14 survivors (14336K)
 Metaspace       used 228896K, committed 230336K, reserved 1310720K
  class space    used 28468K, committed 29120K, reserved 1048576K
}
Event: 265.141 GC heap before
{Heap before GC invocations=157 (full 0):
 garbage-first heap   total 544768K, used 463814K [0x0000000080000000, 0x0000000100000000)
  region size 1024K, 228 young (233472K), 14 survivors (14336K)
 Metaspace       used 230931K, committed 232384K, reserved 1310720K
  class space    used 28751K, committed 29440K, reserved 1048576K
}
Event: 265.162 GC heap after
{Heap after GC invocations=158 (full 0):
 garbage-first heap   total 544768K, used 244678K [0x0000000080000000, 0x0000000100000000)
  region size 1024K, 13 young (13312K), 13 survivors (13312K)
 Metaspace       used 230931K, committed 232384K, reserved 1310720K
  class space    used 28751K, committed 29440K, reserved 1048576K
}
Event: 266.222 GC heap before
{Heap before GC invocations=158 (full 0):
 garbage-first heap   total 544768K, used 462790K [0x0000000080000000, 0x0000000100000000)
  region size 1024K, 226 young (231424K), 13 survivors (13312K)
 Metaspace       used 231119K, committed 232576K, reserved 1310720K
  class space    used 28783K, committed 29440K, reserved 1048576K
}

Dll operation events (15 events):
Event: 0.011 Loaded shared library C:\Program Files\Java\jdk-17\bin\java.dll
Event: 0.028 Loaded shared library C:\Program Files\Java\jdk-17\bin\jsvml.dll
Event: 0.082 Loaded shared library C:\Program Files\Java\jdk-17\bin\zip.dll
Event: 0.085 Loaded shared library C:\Program Files\Java\jdk-17\bin\instrument.dll
Event: 0.092 Loaded shared library C:\Program Files\Java\jdk-17\bin\net.dll
Event: 0.093 Loaded shared library C:\Program Files\Java\jdk-17\bin\nio.dll
Event: 0.098 Loaded shared library C:\Program Files\Java\jdk-17\bin\zip.dll
Event: 0.312 Loaded shared library C:\Program Files\Java\jdk-17\bin\jimage.dll
Event: 0.415 Loaded shared library C:\Program Files\Java\jdk-17\bin\verify.dll
Event: 0.621 Loaded shared library C:\Users\PC\.gradle\native\c067742578af261105cb4f569cf0c3c89f3d7b1fecec35dd04571415982c5e48\windows-amd64\native-platform.dll
Event: 0.636 Loaded shared library C:\Users\PC\.gradle\native\38dada09dfb8b06ba9b0570ebf7e218e3eb74d4ef43ca46872605cf95ebc2f47\windows-amd64\native-platform-file-events.dll
Event: 1.654 Loaded shared library C:\Program Files\Java\jdk-17\bin\management.dll
Event: 1.657 Loaded shared library C:\Program Files\Java\jdk-17\bin\management_ext.dll
Event: 1.958 Loaded shared library C:\Program Files\Java\jdk-17\bin\extnet.dll
Event: 2.193 Loaded shared library C:\Program Files\Java\jdk-17\bin\sunmscapi.dll

Deoptimization events (20 events):
Event: 266.129 Thread 0x00000178e548ec90 DEOPT PACKING pc=0x000001788b0789c3 sp=0x00000020326f97b0
Event: 266.129 Thread 0x00000178e548ec90 DEOPT UNPACKING pc=0x000001788f037143 sp=0x00000020326f8c48 mode 0
Event: 266.131 Thread 0x00000178e2812db0 DEOPT PACKING pc=0x000001788b3fb3f3 sp=0x000000202fff57a0
Event: 266.131 Thread 0x00000178e2812db0 DEOPT UNPACKING pc=0x000001788f037143 sp=0x000000202fff4f10 mode 0
Event: 266.134 Thread 0x00000178e2812db0 DEOPT PACKING pc=0x000001788b3fb3f3 sp=0x000000202fff57a0
Event: 266.135 Thread 0x00000178e2812db0 DEOPT UNPACKING pc=0x000001788f037143 sp=0x000000202fff4f10 mode 0
Event: 266.154 Thread 0x00000178e548f1a0 DEOPT PACKING pc=0x000001788b0789c3 sp=0x00000020327f9390
Event: 266.154 Thread 0x00000178e548f1a0 DEOPT UNPACKING pc=0x000001788f037143 sp=0x00000020327f8828 mode 0
Event: 266.161 Thread 0x00000178e2812db0 DEOPT PACKING pc=0x000001788b3fa605 sp=0x000000202fff57a0
Event: 266.161 Thread 0x00000178e2812db0 DEOPT UNPACKING pc=0x000001788f037143 sp=0x000000202fff4f18 mode 0
Event: 266.170 Thread 0x00000178e2812db0 DEOPT PACKING pc=0x000001788b3fb3f3 sp=0x000000202fff57a0
Event: 266.170 Thread 0x00000178e2812db0 DEOPT UNPACKING pc=0x000001788f037143 sp=0x000000202fff4f10 mode 0
Event: 266.204 Thread 0x00000178e548f1a0 DEOPT PACKING pc=0x000001788b0789c3 sp=0x00000020327f9760
Event: 266.204 Thread 0x00000178e548f1a0 DEOPT UNPACKING pc=0x000001788f037143 sp=0x00000020327f8bf8 mode 0
Event: 266.205 Thread 0x00000178e548f1a0 DEOPT PACKING pc=0x000001788b0789c3 sp=0x00000020327f9760
Event: 266.205 Thread 0x00000178e548f1a0 DEOPT UNPACKING pc=0x000001788f037143 sp=0x00000020327f8bf8 mode 0
Event: 266.206 Thread 0x00000178e548f1a0 DEOPT PACKING pc=0x000001788b0789c3 sp=0x00000020327f91d0
Event: 266.206 Thread 0x00000178e548f1a0 DEOPT UNPACKING pc=0x000001788f037143 sp=0x00000020327f8668 mode 0
Event: 266.207 Thread 0x00000178e548f1a0 DEOPT PACKING pc=0x000001788b0789c3 sp=0x00000020327f91c0
Event: 266.207 Thread 0x00000178e548f1a0 DEOPT UNPACKING pc=0x000001788f037143 sp=0x00000020327f8658 mode 0

Classes loaded (20 events):
Event: 261.016 Loading class java/util/IdentityHashMap$IdentityHashMapSpliterator done
Event: 261.016 Loading class java/util/IdentityHashMap$EntrySpliterator done
Event: 261.049 Loading class java/util/SortedSet$1
Event: 261.049 Loading class java/util/SortedSet$1 done
Event: 261.055 Loading class java/util/stream/SliceOps
Event: 261.056 Loading class java/util/stream/SliceOps done
Event: 261.056 Loading class java/util/stream/SliceOps$1
Event: 261.056 Loading class java/util/stream/SliceOps$1 done
Event: 261.060 Loading class java/util/stream/SliceOps$1$1
Event: 261.061 Loading class java/util/stream/SliceOps$1$1 done
Event: 261.086 Loading class java/util/PriorityQueue
Event: 261.087 Loading class java/util/PriorityQueue done
Event: 264.270 Loading class java/nio/ShortBuffer
Event: 264.271 Loading class java/nio/ShortBuffer done
Event: 264.430 Loading class java/nio/ByteBufferAsShortBufferL
Event: 264.431 Loading class java/nio/ByteBufferAsShortBufferL done
Event: 264.499 Loading class java/util/zip/Adler32
Event: 264.534 Loading class java/util/zip/Adler32 done
Event: 264.543 Loading class java/nio/file/Files$2
Event: 264.544 Loading class java/nio/file/Files$2 done

Classes unloaded (20 events):
Event: 10.393 Thread 0x000001789af4c760 Unloading class 0x000001789c554000 '_BuildScript_$_run_closure1'
Event: 10.393 Thread 0x000001789af4c760 Unloading class 0x000001789c54c000 '_BuildScript_'
Event: 38.918 Thread 0x000001789af4c760 Unloading class 0x000001789c6c63e8 '_BuildScript_$_run_closure1$_closure3'
Event: 38.918 Thread 0x000001789af4c760 Unloading class 0x000001789c6c6000 '_BuildScript_$_run_closure1$_closure2'
Event: 38.918 Thread 0x000001789af4c760 Unloading class 0x000001789c6c5918 '_BuildScript_$_run_closure1'
Event: 38.918 Thread 0x000001789af4c760 Unloading class 0x000001789c6c53e8 '_BuildScript_'
Event: 38.918 Thread 0x000001789af4c760 Unloading class 0x000001789c6c5000 'JetGradlePlugin$_apply_closure1$_closure2$_closure3'
Event: 38.918 Thread 0x000001789af4c760 Unloading class 0x000001789c6c4948 'JetGradlePlugin$_apply_closure1$_closure2'
Event: 38.918 Thread 0x000001789af4c760 Unloading class 0x000001789c6c4560 'JetGradlePlugin$_apply_closure1'
Event: 38.918 Thread 0x000001789af4c760 Unloading class 0x000001789c6c42c8 'JetGradlePlugin'
Event: 38.918 Thread 0x000001789af4c760 Unloading class 0x000001789c6c4000 'RegistryProcessor'
Event: 38.918 Thread 0x000001789af4c760 Unloading class 0x000001789c6bc918 '_BuildScript_$_run_closure1$_closure2'
Event: 38.918 Thread 0x000001789af4c760 Unloading class 0x000001789c6bc530 '_BuildScript_$_run_closure1'
Event: 38.918 Thread 0x000001789af4c760 Unloading class 0x000001789c6bc000 '_BuildScript_'
Event: 38.918 Thread 0x000001789af4c760 Unloading class 0x000001789c6b4918 '_BuildScript_$_run_closure2'
Event: 38.918 Thread 0x000001789af4c760 Unloading class 0x000001789c6b4530 '_BuildScript_$_run_closure1'
Event: 38.918 Thread 0x000001789af4c760 Unloading class 0x000001789c6b4000 '_BuildScript_'
Event: 38.918 Thread 0x000001789af4c760 Unloading class 0x000001789c5bc918 '_BuildScript_$_run_closure1$_closure2'
Event: 38.918 Thread 0x000001789af4c760 Unloading class 0x000001789c5bc530 '_BuildScript_$_run_closure1'
Event: 38.918 Thread 0x000001789af4c760 Unloading class 0x000001789c5bc000 '_BuildScript_'

Classes redefined (0 events):
No events

Internal exceptions (20 events):
Event: 261.034 Thread 0x00000178e27d55a0 Exception <a 'sun/nio/fs/WindowsException'{0x0000000094cc1030}> (0x0000000094cc1030) 
thrown [s\src\hotspot\share\prims\jni.cpp, line 516]
Event: 261.129 Thread 0x00000178e548ec90 Exception <a 'java/lang/NoSuchMethodError'{0x000000009466b880}: 'int java.lang.invoke.DirectMethodHandle$Holder.invokeSpecial(java.lang.Object, java.lang.Object, java.lang.Object, int, java.lang.Object)'> (0x000000009466b880) 
thrown [s\src\hotspot\share\interpreter\linkResolver.cpp, line 759]
Event: 261.129 Thread 0x00000178e548f1a0 Exception <a 'java/lang/NoSuchMethodError'{0x0000000094623e60}: 'int java.lang.invoke.DirectMethodHandle$Holder.invokeSpecial(java.lang.Object, java.lang.Object, java.lang.Object, int, java.lang.Object)'> (0x0000000094623e60) 
thrown [s\src\hotspot\share\interpreter\linkResolver.cpp, line 759]
Event: 261.129 Thread 0x00000178e2812db0 Exception <a 'java/lang/NoSuchMethodError'{0x000000009464bc08}: 'int java.lang.invoke.DirectMethodHandle$Holder.invokeSpecial(java.lang.Object, java.lang.Object, java.lang.Object, int, java.lang.Object)'> (0x000000009464bc08) 
thrown [s\src\hotspot\share\interpreter\linkResolver.cpp, line 759]
Event: 261.324 Thread 0x00000178e548f1a0 Exception <a 'java/lang/NoSuchMethodError'{0x0000000093a43058}: 'int java.lang.invoke.DirectMethodHandle$Holder.invokeSpecial(java.lang.Object, java.lang.Object, java.lang.Object, java.lang.Object, java.lang.Object, java.lang.Object)'> (0x0000000093a43058) 
thrown [s\src\hotspot\share\interpreter\linkResolver.cpp, line 759]
Event: 262.058 Thread 0x00000178e54905e0 Exception <a 'java/lang/NoSuchMethodError'{0x000000009f2970c0}: 'int java.lang.invoke.DirectMethodHandle$Holder.invokeSpecial(java.lang.Object, java.lang.Object, int)'> (0x000000009f2970c0) 
thrown [s\src\hotspot\share\interpreter\linkResolver.cpp, line 759]
Event: 262.112 Thread 0x00000178e548ec90 Exception <a 'java/lang/NoSuchMethodError'{0x000000009f1f3b48}: 'java.lang.Object java.lang.invoke.DirectMethodHandle$Holder.invokeInterface(java.lang.Object, java.lang.Object, int)'> (0x000000009f1f3b48) 
thrown [s\src\hotspot\share\interpreter\linkResolver.cpp, line 759]
Event: 262.130 Thread 0x00000178e54905e0 Exception <a 'java/lang/IncompatibleClassChangeError'{0x000000009ef2d030}: Found class java.lang.Object, but interface was expected> (0x000000009ef2d030) 
thrown [s\src\hotspot\share\interpreter\linkResolver.cpp, line 826]
Event: 263.079 Thread 0x00000178e548f1a0 Exception <a 'java/lang/NoSuchMethodError'{0x00000000997a6668}: 'int java.lang.invoke.DirectMethodHandle$Holder.invokeInterface(java.lang.Object, java.lang.Object, int)'> (0x00000000997a6668) 
thrown [s\src\hotspot\share\interpreter\linkResolver.cpp, line 759]
Event: 263.744 Thread 0x00000178e2812db0 Exception <a 'java/lang/NoSuchMethodError'{0x00000000a0ae4fc8}: 'java.lang.Object java.lang.invoke.DirectMethodHandle$Holder.newInvokeSpecial(java.lang.Object, java.lang.Object, int, java.lang.Object, java.lang.Object, java.lang.Object)'> (0x00000000a0ae4fc8) 
thrown [s\src\hotspot\share\interpreter\linkResolver.cpp, line 759]
Event: 263.744 Thread 0x00000178e2812db0 Exception <a 'java/lang/NoSuchMethodError'{0x00000000a0aea2e0}: 'java.lang.Object java.lang.invoke.Invokers$Holder.linkToTargetMethod(java.lang.Object, int, java.lang.Object, java.lang.Object, java.lang.Object, java.lang.Object)'> (0x00000000a0aea2e0) 
thrown [s\src\hotspot\share\interpreter\linkResolver.cpp, line 759]
Event: 263.745 Thread 0x00000178e2812db0 Exception <a 'java/lang/NoSuchMethodError'{0x00000000a0aef308}: 'void java.lang.invoke.DirectMethodHandle$Holder.invokeSpecial(java.lang.Object, java.lang.Object, java.lang.Object, int, java.lang.Object, java.lang.Object, java.lang.Object, java.lang.Object)'> (0x00000000a0aef308) 
thrown [s\src\hotspot\share\interpreter\linkResolver.cpp, line 759]
Event: 263.755 Thread 0x00000178e2812db0 Exception <a 'java/lang/NoSuchMethodError'{0x00000000a089e838}: 'void java.lang.invoke.DirectMethodHandle$Holder.invokeStatic(java.lang.Object, java.lang.Object, java.lang.Object, java.lang.Object, java.lang.Object, java.lang.Object, java.lang.Object, java.lang.Object)'> (0x00000000a089e838) 
thrown [s\src\hotspot\share\interpreter\linkResolver.cpp, line 759]
Event: 264.146 Thread 0x00000178e2812db0 Exception <a 'java/lang/IncompatibleClassChangeError'{0x000000009d0e3500}: Found class java.lang.Object, but interface was expected> (0x000000009d0e3500) 
thrown [s\src\hotspot\share\interpreter\linkResolver.cpp, line 826]
Event: 264.594 Thread 0x00000178e2812db0 Exception <a 'sun/nio/fs/WindowsException'{0x0000000098d9bd88}> (0x0000000098d9bd88) 
thrown [s\src\hotspot\share\prims\jni.cpp, line 516]
Event: 264.612 Thread 0x00000178e548f1a0 Implicit null exception at 0x0000017890885d4f to 0x0000017890885e60
Event: 264.882 Thread 0x00000178e548f1a0 Exception <a 'sun/nio/fs/WindowsException'{0x00000000968359e8}> (0x00000000968359e8) 
thrown [s\src\hotspot\share\prims\jni.cpp, line 516]
Event: 264.883 Thread 0x00000178e54905e0 Exception <a 'sun/nio/fs/WindowsException'{0x00000000969dfeb0}> (0x00000000969dfeb0) 
thrown [s\src\hotspot\share\prims\jni.cpp, line 516]
Event: 265.021 Thread 0x00000178e548ec90 Exception <a 'sun/nio/fs/WindowsException'{0x0000000095ebd180}> (0x0000000095ebd180) 
thrown [s\src\hotspot\share\prims\jni.cpp, line 516]
Event: 266.015 Thread 0x00000178e54905e0 Exception <a 'sun/nio/fs/WindowsException'{0x00000000979332d8}> (0x00000000979332d8) 
thrown [s\src\hotspot\share\prims\jni.cpp, line 516]

VM Operations (20 events):
Event: 264.687 Executing VM operation: ICBufferFull done
Event: 264.821 Executing VM operation: ICBufferFull
Event: 264.821 Executing VM operation: ICBufferFull done
Event: 265.103 Executing VM operation: HandshakeAllThreads
Event: 265.112 Executing VM operation: HandshakeAllThreads done
Event: 265.141 Executing VM operation: G1CollectForAllocation
Event: 265.162 Executing VM operation: G1CollectForAllocation done
Event: 265.208 Executing VM operation: HandshakeAllThreads
Event: 265.209 Executing VM operation: HandshakeAllThreads done
Event: 265.281 Executing VM operation: HandshakeAllThreads
Event: 265.283 Executing VM operation: HandshakeAllThreads done
Event: 265.423 Executing VM operation: HandshakeAllThreads
Event: 265.423 Executing VM operation: HandshakeAllThreads done
Event: 265.615 Executing VM operation: ICBufferFull
Event: 265.616 Executing VM operation: ICBufferFull done
Event: 265.899 Executing VM operation: HandshakeAllThreads
Event: 265.900 Executing VM operation: HandshakeAllThreads done
Event: 266.125 Executing VM operation: ICBufferFull
Event: 266.126 Executing VM operation: ICBufferFull done
Event: 266.211 Executing VM operation: G1CollectForAllocation

Memory protections (0 events):
No events

Nmethod flushes (20 events):
Event: 265.351 Thread 0x000001789af87d90 flushing  nmethod 0x000001788bb60090
Event: 265.351 Thread 0x000001789af87d90 flushing  nmethod 0x000001788bb60790
Event: 265.351 Thread 0x000001789af87d90 flushing  nmethod 0x000001788bb60c90
Event: 265.351 Thread 0x000001789af87d90 flushing  nmethod 0x000001788bb61290
Event: 265.351 Thread 0x000001789af87d90 flushing  nmethod 0x000001788bb64110
Event: 265.351 Thread 0x000001789af87d90 flushing  nmethod 0x000001788bb64b10
Event: 265.351 Thread 0x000001789af87d90 flushing  nmethod 0x000001788bb65310
Event: 265.351 Thread 0x000001789af87d90 flushing  nmethod 0x000001788bb80510
Event: 265.351 Thread 0x000001789af87d90 flushing  nmethod 0x000001788bb8ca90
Event: 265.351 Thread 0x000001789af87d90 flushing  nmethod 0x000001788bb8cf90
Event: 265.351 Thread 0x000001789af87d90 flushing  nmethod 0x000001788bb8fe10
Event: 265.351 Thread 0x000001789af87d90 flushing  nmethod 0x000001788bb90890
Event: 265.351 Thread 0x000001789af87d90 flushing  nmethod 0x000001788bb9d990
Event: 265.351 Thread 0x000001789af87d90 flushing  nmethod 0x000001788bb9fd10
Event: 265.351 Thread 0x000001789af87d90 flushing  nmethod 0x000001788bbac210
Event: 265.351 Thread 0x000001789af87d90 flushing  nmethod 0x000001788bbafe10
Event: 265.351 Thread 0x000001789af87d90 flushing  nmethod 0x000001788bbb5910
Event: 265.351 Thread 0x000001789af87d90 flushing  nmethod 0x000001788bbb8b10
Event: 265.351 Thread 0x000001789af87d90 flushing  nmethod 0x000001788bbc7590
Event: 265.351 Thread 0x000001789af87d90 flushing  nmethod 0x000001788bbeb090

Events (20 events):
Event: 254.717 Thread 0x000001789af6b990 Thread added: 0x00000178e25eba50
Event: 255.233 Thread 0x00000178e25eba50 Thread exited: 0x00000178e25eba50
Event: 255.458 Thread 0x00000178e2810f50 Thread added: 0x00000178e548ce30
Event: 256.704 Thread 0x00000178e2810f50 Thread added: 0x00000178e548e270
Event: 256.704 Thread 0x00000178e2810f50 Thread added: 0x00000178e5491510
Event: 256.704 Thread 0x00000178e2810f50 Thread added: 0x00000178e548fbc0
Event: 256.983 Thread 0x000001789af6b990 Thread added: 0x00000178e5c00380
Event: 257.045 Thread 0x00000178e5491510 Thread added: 0x00000178e548a0a0
Event: 257.716 Thread 0x00000178e5c00380 Thread exited: 0x00000178e5c00380
Event: 258.142 Thread 0x00000178e5491510 Thread added: 0x00000178e548afd0
Event: 258.142 Thread 0x00000178e5491510 Thread added: 0x00000178e548bf00
Event: 258.488 Thread 0x000001789af6b990 Thread added: 0x00000178e5c00380
Event: 258.489 Thread 0x00000178e2810f50 Thread added: 0x00000178e54900d0
Event: 258.490 Thread 0x00000178e2810f50 Thread added: 0x00000178e548c410
Event: 258.490 Thread 0x00000178e2810f50 Thread added: 0x00000178e548c920
Event: 259.254 Thread 0x00000178e2812db0 Thread added: 0x00000178e548ec90
Event: 259.254 Thread 0x00000178e2812db0 Thread added: 0x00000178e548f1a0
Event: 259.255 Thread 0x00000178e2812db0 Thread added: 0x00000178e54905e0
Event: 260.830 Thread 0x00000178e5c00380 Thread exited: 0x00000178e5c00380
Event: 260.957 Thread 0x000001789af6b990 Thread added: 0x00000178fa22bf90


Dynamic libraries:
0x00007ff64c7d0000 - 0x00007ff64c7de000 	C:\Program Files\Java\jdk-17\bin\java.exe
0x00007ffc6ab30000 - 0x00007ffc6ad28000 	C:\WINDOWS\SYSTEM32\ntdll.dll
0x00007ffc69d60000 - 0x00007ffc69e22000 	C:\WINDOWS\System32\KERNEL32.DLL
0x00007ffc687b0000 - 0x00007ffc68aa6000 	C:\WINDOWS\System32\KERNELBASE.dll
0x00007ffc68240000 - 0x00007ffc68340000 	C:\WINDOWS\System32\ucrtbase.dll
0x00007ffc53cd0000 - 0x00007ffc53cee000 	C:\Program Files\Java\jdk-17\bin\VCRUNTIME140.dll
0x00007ffc53cf0000 - 0x00007ffc53d08000 	C:\Program Files\Java\jdk-17\bin\jli.dll
0x00007ffc6a550000 - 0x00007ffc6a6f1000 	C:\WINDOWS\System32\USER32.dll
0x00007ffc67820000 - 0x00007ffc67abb000 	C:\WINDOWS\WinSxS\amd64_microsoft.windows.common-controls_6595b64144ccf1df_6.0.19041.6456_none_60b8a6cb71f64256\COMCTL32.dll
0x00007ffc68780000 - 0x00007ffc687a2000 	C:\WINDOWS\System32\win32u.dll
0x00007ffc69080000 - 0x00007ffc6911e000 	C:\WINDOWS\System32\msvcrt.dll
0x00007ffc69440000 - 0x00007ffc6946b000 	C:\WINDOWS\System32\GDI32.dll
0x00007ffc68550000 - 0x00007ffc68669000 	C:\WINDOWS\System32\gdi32full.dll
0x00007ffc68ab0000 - 0x00007ffc68b4d000 	C:\WINDOWS\System32\msvcp_win.dll
0x00007ffc68bb0000 - 0x00007ffc68bdf000 	C:\WINDOWS\System32\IMM32.DLL
0x00007ffc626a0000 - 0x00007ffc626ac000 	C:\Program Files\Java\jdk-17\bin\vcruntime140_1.dll
0x00007ffc43ed0000 - 0x00007ffc43f5d000 	C:\Program Files\Java\jdk-17\bin\msvcp140.dll
0x00007ffc06da0000 - 0x00007ffc07a0b000 	C:\Program Files\Java\jdk-17\bin\server\jvm.dll
0x00007ffc6a480000 - 0x00007ffc6a531000 	C:\WINDOWS\System32\ADVAPI32.dll
0x00007ffc68e20000 - 0x00007ffc68ebf000 	C:\WINDOWS\System32\sechost.dll
0x00007ffc69470000 - 0x00007ffc69590000 	C:\WINDOWS\System32\RPCRT4.dll
0x00007ffc686c0000 - 0x00007ffc686e7000 	C:\WINDOWS\System32\bcrypt.dll
0x00007ffc69270000 - 0x00007ffc692db000 	C:\WINDOWS\System32\WS2_32.dll
0x00007ffc67db0000 - 0x00007ffc67dfb000 	C:\WINDOWS\SYSTEM32\POWRPROF.dll
0x00007ffc600b0000 - 0x00007ffc600d7000 	C:\WINDOWS\SYSTEM32\WINMM.dll
0x00007ffc61690000 - 0x00007ffc6169a000 	C:\WINDOWS\SYSTEM32\VERSION.dll
0x00007ffc67ac0000 - 0x00007ffc67ad2000 	C:\WINDOWS\SYSTEM32\UMPDC.dll
0x00007ffc659b0000 - 0x00007ffc659c2000 	C:\WINDOWS\SYSTEM32\kernel.appcore.dll
0x00007ffc624f0000 - 0x00007ffc624fa000 	C:\Program Files\Java\jdk-17\bin\jimage.dll
0x00007ffc67b20000 - 0x00007ffc67d21000 	C:\WINDOWS\SYSTEM32\DBGHELP.DLL
0x00007ffc67ae0000 - 0x00007ffc67b14000 	C:\WINDOWS\SYSTEM32\dbgcore.DLL
0x00007ffc686f0000 - 0x00007ffc68772000 	C:\WINDOWS\System32\bcryptPrimitives.dll
0x00007ffc5ffa0000 - 0x00007ffc5ffae000 	C:\Program Files\Java\jdk-17\bin\instrument.dll
0x00007ffc53ae0000 - 0x00007ffc53b05000 	C:\Program Files\Java\jdk-17\bin\java.dll
0x00007ffc41ca0000 - 0x00007ffc41d77000 	C:\Program Files\Java\jdk-17\bin\jsvml.dll
0x00007ffc69590000 - 0x00007ffc69d00000 	C:\WINDOWS\System32\SHELL32.dll
0x00007ffc65bb0000 - 0x00007ffc66355000 	C:\WINDOWS\SYSTEM32\windows.storage.dll
0x00007ffc6a790000 - 0x00007ffc6aae4000 	C:\WINDOWS\System32\combase.dll
0x00007ffc676f0000 - 0x00007ffc6771b000 	C:\WINDOWS\SYSTEM32\Wldp.dll
0x00007ffc68c70000 - 0x00007ffc68d3d000 	C:\WINDOWS\System32\OLEAUT32.dll
0x00007ffc692e0000 - 0x00007ffc6938d000 	C:\WINDOWS\System32\SHCORE.dll
0x00007ffc68b50000 - 0x00007ffc68bab000 	C:\WINDOWS\System32\shlwapi.dll
0x00007ffc680f0000 - 0x00007ffc68114000 	C:\WINDOWS\SYSTEM32\profapi.dll
0x00007ffc53ac0000 - 0x00007ffc53ad8000 	C:\Program Files\Java\jdk-17\bin\zip.dll
0x00007ffc53a40000 - 0x00007ffc53a5a000 	C:\Program Files\Java\jdk-17\bin\net.dll
0x00007ffc62350000 - 0x00007ffc6245a000 	C:\WINDOWS\SYSTEM32\WINHTTP.dll
0x00007ffc671b0000 - 0x00007ffc6721a000 	C:\WINDOWS\system32\mswsock.dll
0x00007ffc53820000 - 0x00007ffc53836000 	C:\Program Files\Java\jdk-17\bin\nio.dll
0x00007ffc5f680000 - 0x00007ffc5f690000 	C:\Program Files\Java\jdk-17\bin\verify.dll
0x00007ffc546e0000 - 0x00007ffc54707000 	C:\Users\PC\.gradle\native\c067742578af261105cb4f569cf0c3c89f3d7b1fecec35dd04571415982c5e48\windows-amd64\native-platform.dll
0x00007ffc09060000 - 0x00007ffc091a4000 	C:\Users\PC\.gradle\native\38dada09dfb8b06ba9b0570ebf7e218e3eb74d4ef43ca46872605cf95ebc2f47\windows-amd64\native-platform-file-events.dll
0x00007ffc5c730000 - 0x00007ffc5c73a000 	C:\Program Files\Java\jdk-17\bin\management.dll
0x00007ffc577d0000 - 0x00007ffc577dc000 	C:\Program Files\Java\jdk-17\bin\management_ext.dll
0x00007ffc69070000 - 0x00007ffc69078000 	C:\WINDOWS\System32\PSAPI.DLL
0x00007ffc67f30000 - 0x00007ffc67f48000 	C:\WINDOWS\SYSTEM32\CRYPTSP.dll
0x00007ffc66b30000 - 0x00007ffc66b68000 	C:\WINDOWS\system32\rsaenh.dll
0x00007ffc68070000 - 0x00007ffc6809e000 	C:\WINDOWS\SYSTEM32\USERENV.dll
0x00007ffc673a0000 - 0x00007ffc673ac000 	C:\WINDOWS\SYSTEM32\CRYPTBASE.dll
0x00007ffc66e90000 - 0x00007ffc66ecb000 	C:\WINDOWS\SYSTEM32\IPHLPAPI.DLL
0x00007ffc6a540000 - 0x00007ffc6a548000 	C:\WINDOWS\System32\NSI.dll
0x00007ffc619d0000 - 0x00007ffc619e7000 	C:\WINDOWS\SYSTEM32\dhcpcsvc6.DLL
0x00007ffc61c50000 - 0x00007ffc61c6d000 	C:\WINDOWS\SYSTEM32\dhcpcsvc.DLL
0x00007ffc66ed0000 - 0x00007ffc66f9a000 	C:\WINDOWS\SYSTEM32\DNSAPI.dll
0x00007ffc56e00000 - 0x00007ffc56e09000 	C:\Program Files\Java\jdk-17\bin\extnet.dll
0x00007ffc56a60000 - 0x00007ffc56a6e000 	C:\Program Files\Java\jdk-17\bin\sunmscapi.dll
0x00007ffc683f0000 - 0x00007ffc6854d000 	C:\WINDOWS\System32\CRYPT32.dll
0x00007ffc67760000 - 0x00007ffc67787000 	C:\WINDOWS\SYSTEM32\ncrypt.dll
0x00007ffc67720000 - 0x00007ffc6775b000 	C:\WINDOWS\SYSTEM32\NTASN1.dll
0x00007ffc62630000 - 0x00007ffc62637000 	C:\WINDOWS\system32\wshunix.dll
0x00007ffc67ef0000 - 0x00007ffc67f23000 	C:\WINDOWS\SYSTEM32\ntmarta.dll
0x00007ffc5c650000 - 0x00007ffc5c65a000 	C:\Windows\System32\rasadhlp.dll
0x00007ffc5d190000 - 0x00007ffc5d210000 	C:\WINDOWS\System32\fwpuclnt.dll
0x00007ffc568f0000 - 0x00007ffc56907000 	C:\WINDOWS\system32\napinsp.dll
0x00007ffc559d0000 - 0x00007ffc559eb000 	C:\WINDOWS\system32\pnrpnsp.dll
0x00007ffc4e580000 - 0x00007ffc4e59d000 	C:\WINDOWS\system32\wshbth.dll
0x00007ffc62460000 - 0x00007ffc6247d000 	C:\WINDOWS\system32\NLAapi.dll
0x00007ffc54070000 - 0x00007ffc54082000 	C:\WINDOWS\System32\winrnr.dll
0x00007ffc65020000 - 0x00007ffc650b4000 	C:\WINDOWS\system32\apphelp.dll

dbghelp: loaded successfully - version: 4.0.5 - missing functions: none
symbol engine: initialized successfully - sym options: 0x614 - pdb path: .;C:\Program Files\Java\jdk-17\bin;C:\WINDOWS\SYSTEM32;C:\WINDOWS\WinSxS\amd64_microsoft.windows.common-controls_6595b64144ccf1df_6.0.19041.6456_none_60b8a6cb71f64256;C:\Program Files\Java\jdk-17\bin\server;C:\Users\PC\.gradle\native\c067742578af261105cb4f569cf0c3c89f3d7b1fecec35dd04571415982c5e48\windows-amd64;C:\Users\PC\.gradle\native\38dada09dfb8b06ba9b0570ebf7e218e3eb74d4ef43ca46872605cf95ebc2f47\windows-amd64

VM Arguments:
jvm_args: --add-opens=java.base/java.util=ALL-UNNAMED --add-opens=java.base/java.lang=ALL-UNNAMED --add-opens=java.base/java.lang.invoke=ALL-UNNAMED --add-opens=java.prefs/java.util.prefs=ALL-UNNAMED --add-opens=java.base/java.nio.charset=ALL-UNNAMED --add-opens=java.base/java.net=ALL-UNNAMED --add-opens=java.base/java.util.concurrent.atomic=ALL-UNNAMED -Xmx2048m -Dfile.encoding=UTF-8 -Duser.country=BR -Duser.language=pt -Duser.variant -javaagent:C:\Users\PC\.gradle\wrapper\dists\gradle-8.6-all\3mbtmo166bl6vumsh5k2lkq5h\gradle-8.6\lib\agents\gradle-instrumentation-agent-8.6.jar 
java_command: org.gradle.launcher.daemon.bootstrap.GradleDaemon 8.6
java_class_path (initial): C:\Users\PC\.gradle\wrapper\dists\gradle-8.6-all\3mbtmo166bl6vumsh5k2lkq5h\gradle-8.6\lib\gradle-launcher-8.6.jar
Launcher Type: SUN_STANDARD

[Global flags]
     intx CICompilerCount                          = 3                                         {product} {ergonomic}
     uint ConcGCThreads                            = 1                                         {product} {ergonomic}
     uint G1ConcRefinementThreads                  = 4                                         {product} {ergonomic}
   size_t G1HeapRegionSize                         = 1048576                                   {product} {ergonomic}
    uintx GCDrainStackTargetSize                   = 64                                        {product} {ergonomic}
   size_t InitialHeapSize                          = 134217728                                 {product} {ergonomic}
   size_t MarkStackSize                            = 4194304                                   {product} {ergonomic}
   size_t MaxHeapSize                              = 2147483648                                {product} {command line}
   size_t MaxNewSize                               = 1287651328                                {product} {ergonomic}
   size_t MinHeapDeltaBytes                        = 1048576                                   {product} {ergonomic}
   size_t MinHeapSize                              = 8388608                                   {product} {ergonomic}
    uintx NonNMethodCodeHeapSize                   = 5832780                                {pd product} {ergonomic}
    uintx NonProfiledCodeHeapSize                  = 122912730                              {pd product} {ergonomic}
    uintx ProfiledCodeHeapSize                     = 122912730                              {pd product} {ergonomic}
    uintx ReservedCodeCacheSize                    = 251658240                              {pd product} {ergonomic}
     bool SegmentedCodeCache                       = true                                      {product} {ergonomic}
   size_t SoftMaxHeapSize                          = 2147483648                             {manageable} {ergonomic}
     bool UseCompressedClassPointers               = true                           {product lp64_product} {ergonomic}
     bool UseCompressedOops                        = true                           {product lp64_product} {ergonomic}
     bool UseG1GC                                  = true                                      {product} {ergonomic}
     bool UseLargePagesIndividualAllocation        = false                                  {pd product} {ergonomic}

Logging:
Log output configuration:
 #0: stdout all=warning uptime,level,tags
 #1: stderr all=off uptime,level,tags

Environment Variables:
PATH=C:\Program Files\Eclipse Adoptium\jdk-17.0.18.8-hotspot\bin;C:\Program Files (x86)\NVIDIA Corporation\PhysX\Common;C:\ProgramData\Oracle\Java\javapath;C:\Program Files (x86)\Common Files\Oracle\Java\javapath;C:\WINDOWS\system32;C:\WINDOWS;C:\WINDOWS\System32\Wbem;C:\WINDOWS\System32\WindowsPowerShell\v1.0\;C:\WINDOWS\System32\OpenSSH\;C:\Program Files\Git\cmd;C:\syntaxe;C:\Users\PC\AppData\Local\Programs\Python\Python310\Scripts\;C:\Users\PC\AppData\Local\Programs\Python\Python310\;C:\Users\PC\AppData\Local\Programs\Python\Python313\Scripts\;C:\Users\PC\AppData\Local\Programs\Python\Python313\;C:\Users\PC\AppData\Local\Microsoft\WindowsApps;C:\Users\PC\AppData\Local\Programs\Microsoft VS Code\bin
USERNAME=PC
OS=Windows_NT
PROCESSOR_IDENTIFIER=Intel64 Family 6 Model 60 Stepping 3, GenuineIntel
TMP=C:\Users\PC\AppData\Local\Temp
TEMP=C:\Users\PC\AppData\Local\Temp



Periodic native trim disabled


---------------  S Y S T E M  ---------------

OS:
 Windows 10 , 64 bit Build 19041 (10.0.19041.5915)
OS uptime: 0 days 3:52 hours

CPU: total 4 (initial active 4) (2 cores per cpu, 2 threads per core) family 6 model 60 stepping 3 microcode 0x27, cx8, cmov, fxsr, ht, mmx, sse, sse2, sse3, ssse3, sse4.1, sse4.2, popcnt, lzcnt, tsc, tscinvbit, avx, avx2, aes, erms, clmul, bmi1, bmi2, fma, vzeroupper, clflush
Processor Information for all 4 processors :
  Max Mhz: 3400, Current Mhz: 3400, Mhz Limit: 3400

Memory: 4k page, system-wide physical 8142M (730M free)
TotalPageFile size 14176M (AvailPageFile size 1442M)
current process WorkingSet (physical memory assigned to process): 943M, peak: 961M
current process commit charge ("private bytes"): 1137M, peak: 1141M

vm_info: OpenJDK 64-Bit Server VM (17.0.18+8) for windows-amd64 JRE (17.0.18+8), built on Jan 20 2026 22:28:22 by "admin" with MS VC++ 17.12 (VS2022)

END.
