#
# A fatal error has been detected by the Java Runtime Environment:
#
#  EXCEPTION_ACCESS_VIOLATION (0xc0000005) at pc=0x00007ffc10854a50, pid=11136, tid=4884
#
# JRE version: OpenJDK Runtime Environment (21.0.9) (build 21.0.9+-14649483-b1163.86)
# Java VM: OpenJDK 64-Bit Server VM (21.0.9+-14649483-b1163.86, mixed mode, tiered, compressed oops, compressed class ptrs, g1 gc, windows-amd64)
# Problematic frame:
# V  [jvm.dll+0x5b4a50]
#
# No core dump will be written. Minidumps are not enabled by default on client versions of Windows
#
# If you would like to submit a bug report, please visit:
#   https://youtrack.jetbrains.com/issues/JBR
#

---------------  S U M M A R Y ------------

Command Line: --add-opens=java.base/java.util=ALL-UNNAMED --add-opens=java.base/java.lang=ALL-UNNAMED --add-opens=java.base/java.lang.invoke=ALL-UNNAMED --add-opens=java.prefs/java.util.prefs=ALL-UNNAMED --add-opens=java.base/java.nio.charset=ALL-UNNAMED --add-opens=java.base/java.net=ALL-UNNAMED --add-opens=java.base/java.util.concurrent.atomic=ALL-UNNAMED -Xmx2048m -Dfile.encoding=UTF-8 -Duser.country=BR -Duser.language=pt -Duser.variant -javaagent:C:\Users\PC\.gradle\wrapper\dists\gradle-8.3-all\6en3ugtfdg5xnpx44z4qbwgas\gradle-8.3\lib\agents\gradle-instrumentation-agent-8.3.jar org.gradle.launcher.daemon.bootstrap.GradleDaemon 8.3

Host: Intel(R) Core(TM) i3-4130 CPU @ 3.40GHz, 4 cores, 7G,  Windows 10 , 64 bit Build 19041 (10.0.19041.5915)
Time: Fri Feb 13 16:50:11 2026 Hora oficial do Brasil elapsed time: 45.467993 seconds (0d 0h 0m 45s)

---------------  T H R E A D  ---------------

Current thread (0x0000015f4efb84f0):  JavaThread "Daemon worker"        [_thread_in_vm, id=4884, stack(0x0000004249200000,0x0000004249300000) (1024K)]

Stack: [0x0000004249200000,0x0000004249300000],  sp=0x00000042492f2058,  free space=968k
Native frames: (J=compiled Java code, j=interpreted, Vv=VM code, C=native code)
V  [jvm.dll+0x5b4a50]

Java frames: (J=compiled Java code, j=interpreted, Vv=VM code)
v  ~RuntimeStub::throw_class_cast_exception Runtime1 stub 0x0000015f3c7d6ff3
J 14846 c1 org.jetbrains.kotlin.load.java.lazy.LazyJavaPackageFragmentProvider.getPackageFragment(Lorg/jetbrains/kotlin/name/FqName;)Lorg/jetbrains/kotlin/load/java/lazy/descriptors/LazyJavaPackageFragment; (51 bytes) @ 0x0000015f36ba7575 [0x0000015f36ba6fa0+0x00000000000005d5]
J 15950 c1 org.jetbrains.kotlin.resolve.jvm.JavaDescriptorResolver.resolveClass(Lorg/jetbrains/kotlin/load/java/structure/JavaClass;)Lorg/jetbrains/kotlin/descriptors/ClassDescriptor; (170 bytes) @ 0x0000015f36fffcbc [0x0000015f36ffef80+0x0000000000000d3c]
J 15580 c1 org.jetbrains.kotlin.cli.jvm.compiler.TopDownAnalyzerFacadeForJVM$SourceOrBinaryModuleClassResolver.resolveClass(Lorg/jetbrains/kotlin/load/java/structure/JavaClass;)Lorg/jetbrains/kotlin/descriptors/ClassDescriptor; (68 bytes) @ 0x0000015f36e8b894 [0x0000015f36e8a760+0x0000000000001134]
J 15010 c1 org.jetbrains.kotlin.load.java.lazy.types.JavaTypeResolver.computeTypeConstructor(Lorg/jetbrains/kotlin/load/java/structure/JavaClassifierType;Lorg/jetbrains/kotlin/load/java/lazy/types/JavaTypeAttributes;)Lorg/jetbrains/kotlin/types/TypeConstructor; (212 bytes) @ 0x0000015f36c4131c [0x0000015f36c40880+0x0000000000000a9c]
J 14013 c1 org.jetbrains.kotlin.load.java.lazy.types.JavaTypeResolver.computeSimpleJavaClassifierType(Lorg/jetbrains/kotlin/load/java/structure/JavaClassifierType;Lorg/jetbrains/kotlin/load/java/lazy/types/JavaTypeAttributes;Lorg/jetbrains/kotlin/types/SimpleType;)Lorg/jetbrains/kotlin/types/SimpleType; (128 bytes) @ 0x0000015f3690ac8c [0x0000015f3690a8c0+0x00000000000003cc]
J 14687 c1 org.jetbrains.kotlin.load.java.lazy.types.JavaTypeResolver.transformJavaClassifierType(Lorg/jetbrains/kotlin/load/java/structure/JavaClassifierType;Lorg/jetbrains/kotlin/load/java/lazy/types/JavaTypeAttributes;)Lorg/jetbrains/kotlin/types/KotlinType; (156 bytes) @ 0x0000015f36b1e5b4 [0x0000015f36b1e320+0x0000000000000294]
J 14686 c1 org.jetbrains.kotlin.load.java.lazy.types.JavaTypeResolver.transformJavaType(Lorg/jetbrains/kotlin/load/java/structure/JavaType;Lorg/jetbrains/kotlin/load/java/lazy/types/JavaTypeAttributes;)Lorg/jetbrains/kotlin/types/KotlinType; (248 bytes) @ 0x0000015f36b1c194 [0x0000015f36b19180+0x0000000000003014]
j  org.jetbrains.kotlin.load.java.lazy.types.JavaTypeResolver.transformToTypeProjection(Lorg/jetbrains/kotlin/load/java/structure/JavaType;Lorg/jetbrains/kotlin/load/java/lazy/types/JavaTypeAttributes;Lorg/jetbrains/kotlin/descriptors/TypeParameterDescriptor;)Lorg/jetbrains/kotlin/types/TypeProjection;+95
J 14866 c1 org.jetbrains.kotlin.load.java.lazy.types.JavaTypeResolver.computeArguments(Lorg/jetbrains/kotlin/load/java/structure/JavaClassifierType;Lorg/jetbrains/kotlin/load/java/lazy/types/JavaTypeAttributes;Lorg/jetbrains/kotlin/types/TypeConstructor;)Ljava/util/List; (516 bytes) @ 0x0000015f36bbc944 [0x0000015f36bb9ce0+0x0000000000002c64]
J 14013 c1 org.jetbrains.kotlin.load.java.lazy.types.JavaTypeResolver.computeSimpleJavaClassifierType(Lorg/jetbrains/kotlin/load/java/structure/JavaClassifierType;Lorg/jetbrains/kotlin/load/java/lazy/types/JavaTypeAttributes;Lorg/jetbrains/kotlin/types/SimpleType;)Lorg/jetbrains/kotlin/types/SimpleType; (128 bytes) @ 0x0000015f3690b204 [0x0000015f3690a8c0+0x0000000000000944]
J 14687 c1 org.jetbrains.kotlin.load.java.lazy.types.JavaTypeResolver.transformJavaClassifierType(Lorg/jetbrains/kotlin/load/java/structure/JavaClassifierType;Lorg/jetbrains/kotlin/load/java/lazy/types/JavaTypeAttributes;)Lorg/jetbrains/kotlin/types/KotlinType; (156 bytes) @ 0x0000015f36b1e5b4 [0x0000015f36b1e320+0x0000000000000294]
J 14686 c1 org.jetbrains.kotlin.load.java.lazy.types.JavaTypeResolver.transformJavaType(Lorg/jetbrains/kotlin/load/java/structure/JavaType;Lorg/jetbrains/kotlin/load/java/lazy/types/JavaTypeAttributes;)Lorg/jetbrains/kotlin/types/KotlinType; (248 bytes) @ 0x0000015f36b1c194 [0x0000015f36b19180+0x0000000000003014]
j  org.jetbrains.kotlin.load.java.lazy.descriptors.LazyJavaScope.resolveValueParameters(Lorg/jetbrains/kotlin/load/java/lazy/LazyJavaResolverContext;Lorg/jetbrains/kotlin/descriptors/FunctionDescriptor;Ljava/util/List;)Lorg/jetbrains/kotlin/load/java/lazy/descriptors/LazyJavaScope$ResolvedValueParameters;+266
j  org.jetbrains.kotlin.load.java.lazy.descriptors.LazyJavaScope.resolveMethodToFunctionDescriptor(Lorg/jetbrains/kotlin/load/java/structure/JavaMethod;)Lorg/jetbrains/kotlin/load/java/descriptors/JavaMethodDescriptor;+259
j  org.jetbrains.kotlin.load.java.lazy.descriptors.LazyJavaScope$declaredFunctions$1.invoke(Lorg/jetbrains/kotlin/name/Name;)Ljava/util/Collection;+100
j  org.jetbrains.kotlin.load.java.lazy.descriptors.LazyJavaScope$declaredFunctions$1.invoke(Ljava/lang/Object;)Ljava/lang/Object;+5
J 14744 c2 org.jetbrains.kotlin.storage.LockBasedStorageManager$MapBasedMemoizedFunction.invoke(Ljava/lang/Object;)Ljava/lang/Object; (356 bytes) @ 0x0000015f3d67df44 [0x0000015f3d67dc20+0x0000000000000324]
J 13017 c2 org.jetbrains.kotlin.storage.LockBasedStorageManager$MapBasedMemoizedFunctionToNotNull.invoke(Ljava/lang/Object;)Ljava/lang/Object; (56 bytes) @ 0x0000015f3d5d9b64 [0x0000015f3d5d9b20+0x0000000000000044]
j  org.jetbrains.kotlin.load.java.lazy.descriptors.LazyJavaScope$declaredFunctions$1.invoke(Lorg/jetbrains/kotlin/name/Name;)Ljava/util/Collection;+27
j  org.jetbrains.kotlin.load.java.lazy.descriptors.LazyJavaScope$declaredFunctions$1.invoke(Ljava/lang/Object;)Ljava/lang/Object;+5
J 14744 c2 org.jetbrains.kotlin.storage.LockBasedStorageManager$MapBasedMemoizedFunction.invoke(Ljava/lang/Object;)Ljava/lang/Object; (356 bytes) @ 0x0000015f3d67df44 [0x0000015f3d67dc20+0x0000000000000324]
J 13017 c2 org.jetbrains.kotlin.storage.LockBasedStorageManager$MapBasedMemoizedFunctionToNotNull.invoke(Ljava/lang/Object;)Ljava/lang/Object; (56 bytes) @ 0x0000015f3d5d9b64 [0x0000015f3d5d9b20+0x0000000000000044]
j  org.jetbrains.kotlin.load.java.lazy.descriptors.LazyJavaScope$functions$1.invoke(Lorg/jetbrains/kotlin/name/Name;)Ljava/util/Collection;+18
j  org.jetbrains.kotlin.load.java.lazy.descriptors.LazyJavaScope$functions$1.invoke(Ljava/lang/Object;)Ljava/lang/Object;+5
J 14744 c2 org.jetbrains.kotlin.storage.LockBasedStorageManager$MapBasedMemoizedFunction.invoke(Ljava/lang/Object;)Ljava/lang/Object; (356 bytes) @ 0x0000015f3d67df44 [0x0000015f3d67dc20+0x0000000000000324]
J 13017 c2 org.jetbrains.kotlin.storage.LockBasedStorageManager$MapBasedMemoizedFunctionToNotNull.invoke(Ljava/lang/Object;)Ljava/lang/Object; (56 bytes) @ 0x0000015f3d5d9b64 [0x0000015f3d5d9b20+0x0000000000000044]
J 14748 c1 org.jetbrains.kotlin.load.java.lazy.descriptors.LazyJavaScope.getContributedFunctions(Lorg/jetbrains/kotlin/name/Name;Lorg/jetbrains/kotlin/incremental/components/LookupLocation;)Ljava/util/Collection; (48 bytes) @ 0x0000015f36b47c0c [0x0000015f36b47100+0x0000000000000b0c]
J 15543 c1 org.jetbrains.kotlin.load.java.lazy.descriptors.LazyJavaClassMemberScope.getContributedFunctions(Lorg/jetbrains/kotlin/name/Name;Lorg/jetbrains/kotlin/incremental/components/LookupLocation;)Ljava/util/Collection; (27 bytes) @ 0x0000015f36e6a80c [0x0000015f36e69cc0+0x0000000000000b4c]
j  org.jetbrains.kotlin.resolve.calls.tower.TowerLevelsKt.getContributedFunctionsAndIntercept(Lorg/jetbrains/kotlin/resolve/scopes/ResolutionScope;Lorg/jetbrains/kotlin/name/Name;Lorg/jetbrains/kotlin/incremental/components/LookupLocation;Lorg/jetbrains/kotlin/resolve/scopes/receivers/ReceiverValueWithSmartCastInfo;Lorg/jetbrains/kotlin/resolve/scopes/receivers/ReceiverValueWithSmartCastInfo;Lorg/jetbrains/kotlin/resolve/calls/tower/ImplicitScopeTower;)Ljava/util/Collection;+3
j  org.jetbrains.kotlin.resolve.calls.tower.TowerLevelsKt.access$getContributedFunctionsAndIntercept(Lorg/jetbrains/kotlin/resolve/scopes/ResolutionScope;Lorg/jetbrains/kotlin/name/Name;Lorg/jetbrains/kotlin/incremental/components/LookupLocation;Lorg/jetbrains/kotlin/resolve/scopes/receivers/ReceiverValueWithSmartCastInfo;Lorg/jetbrains/kotlin/resolve/scopes/receivers/ReceiverValueWithSmartCastInfo;Lorg/jetbrains/kotlin/resolve/calls/tower/ImplicitScopeTower;)Ljava/util/Collection;+8
j  org.jetbrains.kotlin.resolve.calls.tower.MemberScopeTowerLevel$getFunctions$1.invoke(Lorg/jetbrains/kotlin/resolve/scopes/ResolutionScope;Lorg/jetbrains/kotlin/types/KotlinType;)Ljava/util/Collection;+36
j  org.jetbrains.kotlin.resolve.calls.tower.MemberScopeTowerLevel$getFunctions$1.invoke(Ljava/lang/Object;Ljava/lang/Object;)Ljava/lang/Object;+9
J 14755 c1 org.jetbrains.kotlin.resolve.calls.tower.MemberScopeTowerLevel.collectMembers(Lkotlin/jvm/functions/Function2;)Ljava/util/Collection; (567 bytes) @ 0x0000015f36b4edec [0x0000015f36b4e4a0+0x000000000000094c]
j  org.jetbrains.kotlin.resolve.calls.tower.MemberScopeTowerLevel.getFunctions(Lorg/jetbrains/kotlin/name/Name;Lorg/jetbrains/kotlin/resolve/scopes/receivers/ReceiverValueWithSmartCastInfo;)Ljava/util/Collection;+21
J 16074 c1 org.jetbrains.kotlin.resolve.calls.tower.ScopeTowerProcessorsKt$createSimpleFunctionProcessor$1.invoke(Ljava/lang/Object;Ljava/lang/Object;)Ljava/lang/Object; (13 bytes) @ 0x0000015f3708ed04 [0x0000015f3708e760+0x00000000000005a4]
J 14292 c1 org.jetbrains.kotlin.resolve.calls.tower.NoExplicitReceiverScopeTowerProcessor.simpleProcess(Lorg/jetbrains/kotlin/resolve/calls/tower/TowerData;)Ljava/util/Collection; (947 bytes) @ 0x0000015f369c48dc [0x0000015f369bd840+0x000000000000709c]
J 14743 c1 org.jetbrains.kotlin.resolve.calls.tower.SimpleScopeTowerProcessor.process(Lorg/jetbrains/kotlin/resolve/calls/tower/TowerData;)Ljava/util/List; (46 bytes) @ 0x0000015f36b4154c [0x0000015f36b411c0+0x000000000000038c]
J 14587 c1 org.jetbrains.kotlin.resolve.calls.tower.PrioritizedCompositeScopeTowerProcessor.process(Lorg/jetbrains/kotlin/resolve/calls/tower/TowerData;)Ljava/util/List; (94 bytes) @ 0x0000015f36ac1b4c [0x0000015f36ac1620+0x000000000000052c]
J 14897 c1 org.jetbrains.kotlin.resolve.calls.tower.TowerResolver.processTowerData(Lorg/jetbrains/kotlin/resolve/calls/tower/ScopeTowerProcessor;Lorg/jetbrains/kotlin/resolve/calls/tower/TowerResolver$ResultCollector;ZLorg/jetbrains/kotlin/resolve/calls/tower/TowerData;)Ljava/util/Collection; (97 bytes) @ 0x0000015f36bd1264 [0x0000015f36bd0f80+0x00000000000002e4]
J 14566 c1 org.jetbrains.kotlin.resolve.calls.tower.TowerResolver.access$processTowerData(Lorg/jetbrains/kotlin/resolve/calls/tower/TowerResolver;Lorg/jetbrains/kotlin/resolve/calls/tower/ScopeTowerProcessor;Lorg/jetbrains/kotlin/resolve/calls/tower/TowerResolver$ResultCollector;ZLorg/jetbrains/kotlin/resolve/calls/tower/TowerData;)Ljava/util/Collection; (10 bytes) @ 0x0000015f36a9f724 [0x0000015f36a9f6c0+0x0000000000000064]
J 14565 c1 org.jetbrains.kotlin.resolve.calls.tower.TowerResolver$Task.process(Lorg/jetbrains/kotlin/resolve/calls/tower/TowerData;)Ljava/util/Collection; (42 bytes) @ 0x0000015f36a98b24 [0x0000015f36a98a80+0x00000000000000a4]
J 16450 c1 org.jetbrains.kotlin.resolve.calls.tower.TowerResolver$Task.processImplicitReceiver(Lorg/jetbrains/kotlin/resolve/scopes/receivers/ReceiverValueWithSmartCastInfo;Z)Ljava/util/Collection; (294 bytes) @ 0x0000015f372103d4 [0x0000015f3720f820+0x0000000000000bb4]
j  org.jetbrains.kotlin.resolve.calls.tower.TowerResolver$Task.run$processLexicalScope(Lorg/jetbrains/kotlin/resolve/calls/tower/TowerResolver$Task;Ljava/util/List;Lorg/jetbrains/kotlin/resolve/scopes/LexicalScope;Z)Ljava/util/Collection;+152
J 16448 c1 org.jetbrains.kotlin.resolve.calls.tower.TowerResolver$Task.run$processScopes(Lorg/jetbrains/kotlin/resolve/calls/tower/TowerResolver$Task;Ljava/util/List;Lkotlin/sequences/Sequence;Lkotlin/jvm/functions/Function1;)Ljava/util/Collection; (341 bytes) @ 0x0000015f37207814 [0x0000015f37206ee0+0x0000000000000934]
j  org.jetbrains.kotlin.resolve.calls.tower.TowerResolver$Task.run()Ljava/util/Collection;+202
j  org.jetbrains.kotlin.resolve.calls.tower.TowerResolver.run(Lorg/jetbrains/kotlin/resolve/calls/tower/ImplicitScopeTower;Lorg/jetbrains/kotlin/resolve/calls/tower/ScopeTowerProcessor;Lorg/jetbrains/kotlin/resolve/calls/tower/TowerResolver$ResultCollector;ZLorg/jetbrains/kotlin/name/Name;)Ljava/util/Collection;+15
J 16189 c1 org.jetbrains.kotlin.resolve.calls.tower.TowerResolver.runResolve(Lorg/jetbrains/kotlin/resolve/calls/tower/ImplicitScopeTower;Lorg/jetbrains/kotlin/resolve/calls/tower/ScopeTowerProcessor;ZLorg/jetbrains/kotlin/name/Name;)Ljava/util/Collection; (39 bytes) @ 0x0000015f37115fa4 [0x0000015f371154e0+0x0000000000000ac4]
J 16188 c1 org.jetbrains.kotlin.resolve.calls.KotlinCallResolver.resolveCall(Lorg/jetbrains/kotlin/resolve/calls/tower/ImplicitScopeTower;Lorg/jetbrains/kotlin/resolve/calls/components/KotlinResolutionCallbacks;Lorg/jetbrains/kotlin/resolve/calls/model/KotlinCall;ZLorg/jetbrains/kotlin/resolve/calls/tower/CandidateFactory;)Ljava/util/Collection; (311 bytes) @ 0x0000015f3710b9ec [0x0000015f3710a240+0x00000000000017ac]
J 16185 c1 org.jetbrains.kotlin.resolve.calls.KotlinCallResolver.resolveAndCompleteCall(Lorg/jetbrains/kotlin/resolve/calls/tower/ImplicitScopeTower;Lorg/jetbrains/kotlin/resolve/calls/components/KotlinResolutionCallbacks;Lorg/jetbrains/kotlin/resolve/calls/model/KotlinCall;Lorg/jetbrains/kotlin/types/UnwrappedType;Z)Lorg/jetbrains/kotlin/resolve/calls/model/CallResolutionResult; (75 bytes) @ 0x0000015f3710835c [0x0000015f37107ae0+0x000000000000087c]
j  org.jetbrains.kotlin.resolve.calls.tower.PSICallResolver.runResolutionAndInference(Lorg/jetbrains/kotlin/resolve/calls/context/BasicCallResolutionContext;Lorg/jetbrains/kotlin/name/Name;Lorg/jetbrains/kotlin/resolve/calls/tower/NewResolutionOldInference$ResolutionKind;Lorg/jetbrains/kotlin/resolve/calls/tasks/TracingStrategy;)Lorg/jetbrains/kotlin/resolve/calls/results/OverloadResolutionResults;+143
J 16155 c1 org.jetbrains.kotlin.resolve.calls.CallResolver.doResolveCallOrGetCachedResults(Lorg/jetbrains/kotlin/resolve/calls/context/BasicCallResolutionContext;Lorg/jetbrains/kotlin/resolve/calls/CallResolver$ResolutionTask;Lorg/jetbrains/kotlin/resolve/calls/tasks/TracingStrategy;)Lorg/jetbrains/kotlin/resolve/calls/results/OverloadResolutionResults; (379 bytes) @ 0x0000015f370eb2fc [0x0000015f370e9580+0x0000000000001d7c]
J 16184 c1 org.jetbrains.kotlin.resolve.calls.CallResolver.lambda$computeTasksAndResolveCall$0(Lorg/jetbrains/kotlin/resolve/calls/tower/NewResolutionOldInference$ResolutionKind;Lorg/jetbrains/kotlin/name/Name;Lorg/jetbrains/kotlin/resolve/calls/context/BasicCallResolutionContext;Lorg/jetbrains/kotlin/resolve/calls/tasks/TracingStrategy;)Lorg/jetbrains/kotlin/resolve/calls/results/OverloadResolutionResults; (23 bytes) @ 0x0000015f37107424 [0x0000015f37107180+0x00000000000002a4]
J 16183 c1 org.jetbrains.kotlin.resolve.calls.CallResolver$$Lambda+0x0000000100e55770.invoke()Ljava/lang/Object; (24 bytes) @ 0x0000015f37106ddc [0x0000015f37106d40+0x000000000000009c]
J 16421 c1 org.jetbrains.kotlin.util.PerformanceCounter.time(Lkotlin/jvm/functions/Function0;)Ljava/lang/Object; (216 bytes) @ 0x0000015f371ea99c [0x0000015f371e93c0+0x00000000000015dc]
J 16181 c1 org.jetbrains.kotlin.resolve.calls.CallResolver.computeTasksAndResolveCall(Lorg/jetbrains/kotlin/resolve/calls/context/BasicCallResolutionContext;Lorg/jetbrains/kotlin/name/Name;Lorg/jetbrains/kotlin/resolve/calls/tasks/TracingStrategy;Lorg/jetbrains/kotlin/resolve/calls/tower/NewResolutionOldInference$ResolutionKind;)Lorg/jetbrains/kotlin/resolve/calls/results/OverloadResolutionResults; (67 bytes) @ 0x0000015f37106074 [0x0000015f37105a80+0x00000000000005f4]
J 16180 c1 org.jetbrains.kotlin.resolve.calls.CallResolver.computeTasksAndResolveCall(Lorg/jetbrains/kotlin/resolve/calls/context/BasicCallResolutionContext;Lorg/jetbrains/kotlin/name/Name;Lorg/jetbrains/kotlin/psi/KtReferenceExpression;Lorg/jetbrains/kotlin/resolve/calls/tower/NewResolutionOldInference$ResolutionKind;)Lorg/jetbrains/kotlin/resolve/calls/results/OverloadResolutionResults; (67 bytes) @ 0x0000015f3710538c [0x0000015f37104e60+0x000000000000052c]
j  org.jetbrains.kotlin.resolve.calls.CallResolver.resolveFunctionCall(Lorg/jetbrains/kotlin/resolve/calls/context/BasicCallResolutionContext;)Lorg/jetbrains/kotlin/resolve/calls/results/OverloadResolutionResults;+125
j  org.jetbrains.kotlin.resolve.calls.CallExpressionResolver.getResolvedCallForFunction(Lorg/jetbrains/kotlin/psi/Call;Lorg/jetbrains/kotlin/resolve/calls/context/ResolutionContext;Lorg/jetbrains/kotlin/resolve/calls/context/CheckArgumentTypesMode;Lorg/jetbrains/kotlin/resolve/calls/smartcasts/DataFlowInfo;)Lkotlin/Pair;+23
j  org.jetbrains.kotlin.resolve.calls.CallExpressionResolver.getCallExpressionTypeInfoWithoutFinalTypeCheck(Lorg/jetbrains/kotlin/psi/KtCallExpression;Lorg/jetbrains/kotlin/resolve/scopes/receivers/Receiver;Lorg/jetbrains/kotlin/com/intellij/lang/ASTNode;Lorg/jetbrains/kotlin/types/expressions/ExpressionTypingContext;Lorg/jetbrains/kotlin/resolve/calls/smartcasts/DataFlowInfo;)Lorg/jetbrains/kotlin/types/expressions/KotlinTypeInfo;+57
j  org.jetbrains.kotlin.resolve.calls.CallExpressionResolver.getCallExpressionTypeInfo(Lorg/jetbrains/kotlin/psi/KtCallExpression;Lorg/jetbrains/kotlin/types/expressions/ExpressionTypingContext;)Lorg/jetbrains/kotlin/types/expressions/KotlinTypeInfo;+30
j  org.jetbrains.kotlin.types.expressions.BasicExpressionTypingVisitor.visitCallExpression(Lorg/jetbrains/kotlin/psi/KtCallExpression;Lorg/jetbrains/kotlin/types/expressions/ExpressionTypingContext;)Lorg/jetbrains/kotlin/types/expressions/KotlinTypeInfo;+20
j  org.jetbrains.kotlin.types.expressions.ExpressionTypingVisitorDispatcher.visitCallExpression(Lorg/jetbrains/kotlin/psi/KtCallExpression;Lorg/jetbrains/kotlin/types/expressions/ExpressionTypingContext;)Lorg/jetbrains/kotlin/types/expressions/KotlinTypeInfo;+15
j  org.jetbrains.kotlin.types.expressions.ExpressionTypingVisitorDispatcher$ForDeclarations.visitCallExpression(Lorg/jetbrains/kotlin/psi/KtCallExpression;Ljava/lang/Object;)Ljava/lang/Object;+6
j  org.jetbrains.kotlin.psi.KtCallExpression.accept(Lorg/jetbrains/kotlin/psi/KtVisitor;Ljava/lang/Object;)Ljava/lang/Object;+11
J 13531 c1 org.jetbrains.kotlin.types.expressions.ExpressionTypingVisitorDispatcher.lambda$getTypeInfo$0(Lorg/jetbrains/kotlin/psi/KtExpression;Lorg/jetbrains/kotlin/types/expressions/ExpressionTypingContext;Lorg/jetbrains/kotlin/psi/KtVisitor;)Lorg/jetbrains/kotlin/types/expressions/KotlinTypeInfo; (352 bytes) @ 0x0000015f3675b784 [0x0000015f3675b460+0x0000000000000324]
J 13530 c1 org.jetbrains.kotlin.types.expressions.ExpressionTypingVisitorDispatcher$$Lambda+0x0000000100e2b600.invoke()Ljava/lang/Object; (20 bytes) @ 0x0000015f3675a9dc [0x0000015f3675a940+0x000000000000009c]
J 16421 c1 org.jetbrains.kotlin.util.PerformanceCounter.time(Lkotlin/jvm/functions/Function0;)Ljava/lang/Object; (216 bytes) @ 0x0000015f371ea99c [0x0000015f371e93c0+0x00000000000015dc]
J 14414 c1 org.jetbrains.kotlin.types.expressions.ExpressionTypingVisitorDispatcher.getTypeInfo(Lorg/jetbrains/kotlin/psi/KtExpression;Lorg/jetbrains/kotlin/types/expressions/ExpressionTypingContext;Lorg/jetbrains/kotlin/psi/KtVisitor;)Lorg/jetbrains/kotlin/types/expressions/KotlinTypeInfo; (40 bytes) @ 0x0000015f36a218ac [0x0000015f36a21300+0x00000000000005ac]
J 13473 c1 org.jetbrains.kotlin.types.expressions.ExpressionTypingVisitorDispatcher.getTypeInfo(Lorg/jetbrains/kotlin/psi/KtExpression;Lorg/jetbrains/kotlin/types/expressions/ExpressionTypingContext;)Lorg/jetbrains/kotlin/types/expressions/KotlinTypeInfo; (40 bytes) @ 0x0000015f3670d564 [0x0000015f3670d460+0x0000000000000104]
j  org.jetbrains.kotlin.types.expressions.ExpressionTypingVisitorDispatcher.getTypeInfo(Lorg/jetbrains/kotlin/psi/KtExpression;Lorg/jetbrains/kotlin/types/expressions/ExpressionTypingContext;Z)Lorg/jetbrains/kotlin/types/expressions/KotlinTypeInfo;+34
j  org.jetbrains.kotlin.types.expressions.ExpressionTypingServices.checkFunctionReturnType(Lorg/jetbrains/kotlin/psi/KtDeclarationWithBody;Lorg/jetbrains/kotlin/types/expressions/ExpressionTypingContext;)V+50
j  org.jetbrains.kotlin.types.expressions.ExpressionTypingServices.checkFunctionReturnType(Lorg/jetbrains/kotlin/resolve/scopes/LexicalScope;Lorg/jetbrains/kotlin/psi/KtDeclarationWithBody;Lorg/jetbrains/kotlin/descriptors/FunctionDescriptor;Lorg/jetbrains/kotlin/resolve/calls/smartcasts/DataFlowInfo;Lorg/jetbrains/kotlin/types/KotlinType;Lorg/jetbrains/kotlin/resolve/BindingTrace;Lorg/jetbrains/kotlin/types/expressions/ExpressionTypingContext;)V+130
j  org.jetbrains.kotlin.resolve.BodyResolver.resolveFunctionBody(Lorg/jetbrains/kotlin/resolve/calls/smartcasts/DataFlowInfo;Lorg/jetbrains/kotlin/resolve/BindingTrace;Lorg/jetbrains/kotlin/psi/KtDeclarationWithBody;Lorg/jetbrains/kotlin/descriptors/FunctionDescriptor;Lorg/jetbrains/kotlin/resolve/scopes/LexicalScope;Lkotlin/jvm/functions/Function1;Lkotlin/jvm/functions/Function1;Lorg/jetbrains/kotlin/types/expressions/ExpressionTypingContext;)V+369
j  org.jetbrains.kotlin.resolve.BodyResolver.resolveFunctionBody(Lorg/jetbrains/kotlin/resolve/calls/smartcasts/DataFlowInfo;Lorg/jetbrains/kotlin/resolve/BindingTrace;Lorg/jetbrains/kotlin/psi/KtDeclarationWithBody;Lorg/jetbrains/kotlin/descriptors/FunctionDescriptor;Lorg/jetbrains/kotlin/resolve/scopes/LexicalScope;Lorg/jetbrains/kotlin/types/expressions/ExpressionTypingContext;)V+69
j  org.jetbrains.kotlin.resolve.BodyResolver.resolveFunctionBodies(Lorg/jetbrains/kotlin/resolve/BodiesResolveContext;)V+198
j  org.jetbrains.kotlin.resolve.BodyResolver.resolveBehaviorDeclarationBodies(Lorg/jetbrains/kotlin/resolve/BodiesResolveContext;)V+36
j  org.jetbrains.kotlin.resolve.BodyResolver.resolveBodies(Lorg/jetbrains/kotlin/resolve/BodiesResolveContext;)V+11
j  org.jetbrains.kotlin.resolve.LazyTopDownAnalyzer.analyzeDeclarations(Lorg/jetbrains/kotlin/resolve/TopDownAnalysisMode;Ljava/util/Collection;Lorg/jetbrains/kotlin/resolve/calls/smartcasts/DataFlowInfo;Lorg/jetbrains/kotlin/types/expressions/ExpressionTypingContext;)Lorg/jetbrains/kotlin/resolve/TopDownAnalysisContext;+319
j  org.jetbrains.kotlin.resolve.LazyTopDownAnalyzer.analyzeDeclarations$default(Lorg/jetbrains/kotlin/resolve/LazyTopDownAnalyzer;Lorg/jetbrains/kotlin/resolve/TopDownAnalysisMode;Ljava/util/Collection;Lorg/jetbrains/kotlin/resolve/calls/smartcasts/DataFlowInfo;Lorg/jetbrains/kotlin/types/expressions/ExpressionTypingContext;ILjava/lang/Object;)Lorg/jetbrains/kotlin/resolve/TopDownAnalysisContext;+31
j  org.jetbrains.kotlin.cli.jvm.compiler.TopDownAnalyzerFacadeForJVM.analyzeFilesWithJavaIntegration(Lorg/jetbrains/kotlin/com/intellij/openapi/project/Project;Ljava/util/Collection;Lorg/jetbrains/kotlin/resolve/BindingTrace;Lorg/jetbrains/kotlin/config/CompilerConfiguration;Lkotlin/jvm/functions/Function1;Lkotlin/jvm/functions/Function2;Lorg/jetbrains/kotlin/com/intellij/psi/search/GlobalSearchScope;Ljava/util/List;Ljava/util/List;Ljava/util/List;Lorg/jetbrains/kotlin/resolve/TargetEnvironment;)Lorg/jetbrains/kotlin/analyzer/AnalysisResult;+281
j  org.jetbrains.kotlin.cli.jvm.compiler.TopDownAnalyzerFacadeForJVM.analyzeFilesWithJavaIntegration$default(Lorg/jetbrains/kotlin/com/intellij/openapi/project/Project;Ljava/util/Collection;Lorg/jetbrains/kotlin/resolve/BindingTrace;Lorg/jetbrains/kotlin/config/CompilerConfiguration;Lkotlin/jvm/functions/Function1;Lkotlin/jvm/functions/Function2;Lorg/jetbrains/kotlin/com/intellij/psi/search/GlobalSearchScope;Ljava/util/List;Ljava/util/List;Ljava/util/List;Lorg/jetbrains/kotlin/resolve/TargetEnvironment;ILjava/lang/Object;)Lorg/jetbrains/kotlin/analyzer/AnalysisResult;+111
j  org.jetbrains.kotlin.cli.jvm.compiler.KotlinToJVMBytecodeCompiler$analyze$1.invoke()Lorg/jetbrains/kotlin/analyzer/AnalysisResult;+274
j  org.jetbrains.kotlin.cli.jvm.compiler.KotlinToJVMBytecodeCompiler$analyze$1.invoke()Ljava/lang/Object;+1
j  org.jetbrains.kotlin.cli.common.messages.AnalyzerWithCompilerReport.analyzeAndReport(Ljava/util/Collection;Lkotlin/jvm/functions/Function0;)V+16
j  org.jetbrains.kotlin.cli.jvm.compiler.KotlinToJVMBytecodeCompiler.analyze(Lorg/jetbrains/kotlin/cli/jvm/compiler/KotlinCoreEnvironment;)Lorg/jetbrains/kotlin/analyzer/AnalysisResult;+153
j  org.jetbrains.kotlin.cli.jvm.compiler.KotlinToJVMBytecodeCompiler.analyzeAndGenerate(Lorg/jetbrains/kotlin/cli/jvm/compiler/KotlinCoreEnvironment;)Lorg/jetbrains/kotlin/codegen/state/GenerationState;+9
j  org.jetbrains.kotlin.cli.jvm.compiler.KotlinToJVMBytecodeCompiler.compileBunchOfSources(Lorg/jetbrains/kotlin/cli/jvm/compiler/KotlinCoreEnvironment;)Z+99
j  org.gradle.kotlin.dsl.support.KotlinCompilerKt.compileToDirectory(Ljava/io/File;Lorg/gradle/api/JavaVersion;Ljava/lang/String;Ljava/lang/Iterable;Lorg/slf4j/Logger;Ljava/lang/Iterable;Lorg/gradle/kotlin/dsl/support/EmbeddedKotlinCompilerWarning;)Z+929
j  org.gradle.kotlin.dsl.codegen.ApiExtensionsJarKt.compileKotlinApiExtensionsTo(Ljava/io/File;Ljava/util/Collection;Ljava/util/Collection;Lorg/slf4j/Logger;)V+45
j  org.gradle.kotlin.dsl.codegen.ApiExtensionsJarKt.compileKotlinApiExtensionsTo$default(Ljava/io/File;Ljava/util/Collection;Ljava/util/Collection;Lorg/slf4j/Logger;ILjava/lang/Object;)V+27
j  org.gradle.kotlin.dsl.codegen.ApiExtensionsJarGenerator.compileExtensionsTo(Ljava/io/File;)V+17
j  org.gradle.kotlin.dsl.codegen.ApiExtensionsJarGenerator.generate(Ljava/io/File;)V+14
j  org.gradle.kotlin.dsl.codegen.ApiExtensionsJarKt.generateApiExtensionsJar(Lorg/gradle/api/internal/file/temp/TemporaryFileProvider;Ljava/io/File;Ljava/util/Collection;Ljava/io/File;Lkotlin/jvm/functions/Function0;)V+44
j  org.gradle.kotlin.dsl.provider.KotlinScriptClassPathProvider$gradleKotlinDslExtensions$1.invoke(Ljava/io/File;Lkotlin/jvm/functions/Function0;)V+50
j  org.gradle.kotlin.dsl.provider.KotlinScriptClassPathProvider$gradleKotlinDslExtensions$1.invoke(Ljava/lang/Object;Ljava/lang/Object;)Ljava/lang/Object;+9
j  org.gradle.kotlin.dsl.provider.KotlinScriptClassPathProvider$produceFrom$1$1$1.invoke(Ljava/io/File;)V+22
j  org.gradle.kotlin.dsl.provider.KotlinScriptClassPathProvider$produceFrom$1$1$1.invoke(Ljava/lang/Object;)Ljava/lang/Object;+5
j  org.gradle.kotlin.dsl.provider.KotlinScriptClassPathProvider.generateAtomically(Ljava/io/File;Lkotlin/jvm/functions/Function1;)V+8
j  org.gradle.kotlin.dsl.provider.KotlinScriptClassPathProvider.access$generateAtomically(Lorg/gradle/kotlin/dsl/provider/KotlinScriptClassPathProvider;Ljava/io/File;Lkotlin/jvm/functions/Function1;)V+3
j  org.gradle.kotlin.dsl.provider.KotlinScriptClassPathProvider$produceFrom$1.invoke(Ljava/io/File;)V+59
j  org.gradle.kotlin.dsl.provider.KotlinScriptClassPathProvider$produceFrom$1.invoke(Ljava/lang/Object;)Ljava/lang/Object;+5
j  org.gradle.kotlin.dsl.provider.BuildServicesKt$sam$org_gradle_api_Action$0.execute(Ljava/lang/Object;)V+5
j  org.gradle.cache.internal.DefaultGeneratedGradleJarCache$1.run()V+18
j  org.gradle.internal.Factories$1.create()Ljava/lang/Object;+4
j  org.gradle.cache.internal.DefaultCacheCoordinator.useCache(Lorg/gradle/internal/Factory;)Ljava/lang/Object;+58
j  org.gradle.cache.internal.DefaultCacheCoordinator.useCache(Ljava/lang/Runnable;)V+5
j  org.gradle.cache.internal.DefaultPersistentDirectoryStore.useCache(Ljava/lang/Runnable;)V+5
j  org.gradle.cache.internal.DefaultCacheFactory$ReferenceTrackingCache.useCache(Ljava/lang/Runnable;)V+8
j  org.gradle.cache.internal.DefaultGeneratedGradleJarCache.get(Ljava/lang/String;Lorg/gradle/api/Action;)Ljava/io/File;+20
j  org.gradle.kotlin.dsl.provider.BuildServices$versionedJarCacheFor$1.invoke(Ljava/lang/String;Lkotlin/jvm/functions/Function1;)Ljava/io/File;+28
j  org.gradle.kotlin.dsl.provider.BuildServices$versionedJarCacheFor$1.invoke(Ljava/lang/Object;Ljava/lang/Object;)Ljava/lang/Object;+9
j  org.gradle.kotlin.dsl.provider.KotlinScriptClassPathProvider.produceFrom(Ljava/lang/String;Lkotlin/jvm/functions/Function2;)Ljava/io/File;+14
j  org.gradle.kotlin.dsl.provider.KotlinScriptClassPathProvider.gradleKotlinDslExtensions()Ljava/io/File;+14
j  org.gradle.kotlin.dsl.provider.KotlinScriptClassPathProvider.access$gradleKotlinDslExtensions(Lorg/gradle/kotlin/dsl/provider/KotlinScriptClassPathProvider;)Ljava/io/File;+1
j  org.gradle.kotlin.dsl.provider.KotlinScriptClassPathProvider$gradleApiExtensions$2.invoke()Lorg/gradle/internal/classpath/ClassPath;+11
j  org.gradle.kotlin.dsl.provider.KotlinScriptClassPathProvider$gradleApiExtensions$2.invoke()Ljava/lang/Object;+1
j  kotlin.SynchronizedLazyImpl.getValue()Ljava/lang/Object;+54
j  org.gradle.kotlin.dsl.provider.KotlinScriptClassPathProvider.getGradleApiExtensions()Lorg/gradle/internal/classpath/ClassPath;+6
j  org.gradle.kotlin.dsl.provider.KotlinScriptClassPathProvider.access$getGradleApiExtensions(Lorg/gradle/kotlin/dsl/provider/KotlinScriptClassPathProvider;)Lorg/gradle/internal/classpath/ClassPath;+1
j  org.gradle.kotlin.dsl.provider.KotlinScriptClassPathProvider$gradleKotlinDsl$2.invoke()Lorg/gradle/internal/classpath/ClassPath;+11
j  org.gradle.kotlin.dsl.provider.KotlinScriptClassPathProvider$gradleKotlinDsl$2.invoke()Ljava/lang/Object;+1
j  kotlin.SynchronizedLazyImpl.getValue()Ljava/lang/Object;+54
j  org.gradle.kotlin.dsl.provider.KotlinScriptClassPathProvider.getGradleKotlinDsl$kotlin_dsl()Lorg/gradle/internal/classpath/ClassPath;+6
j  org.gradle.kotlin.dsl.provider.KotlinScriptClassPathProvider.computeCompilationClassPath(Lorg/gradle/api/internal/initialization/ClassLoaderScope;)Lorg/gradle/internal/classpath/ClassPath;+1
j  org.gradle.kotlin.dsl.provider.KotlinScriptClassPathProvider.access$computeCompilationClassPath(Lorg/gradle/kotlin/dsl/provider/KotlinScriptClassPathProvider;Lorg/gradle/api/internal/initialization/ClassLoaderScope;)Lorg/gradle/internal/classpath/ClassPath;+2
j  org.gradle.kotlin.dsl.provider.KotlinScriptClassPathProvider$compilationClassPathOf$1.apply(Lorg/gradle/api/internal/initialization/ClassLoaderScope;)Lorg/gradle/internal/classpath/ClassPath;+11
j  org.gradle.kotlin.dsl.provider.KotlinScriptClassPathProvider$compilationClassPathOf$1.apply(Ljava/lang/Object;)Ljava/lang/Object;+5
J 5757 c2 java.util.concurrent.ConcurrentHashMap.computeIfAbsent(Ljava/lang/Object;Ljava/util/function/Function;)Ljava/lang/Object; java.base@21.0.9 (576 bytes) @ 0x0000015f3cf6d15c [0x0000015f3cf6c8c0+0x000000000000089c]
j  org.gradle.kotlin.dsl.provider.KotlinScriptClassPathProvider.compilationClassPathOf(Lorg/gradle/api/internal/initialization/ClassLoaderScope;)Lorg/gradle/internal/classpath/ClassPath;+22
j  org.gradle.kotlin.dsl.provider.StandardKotlinScriptEvaluator$InterpreterHost.compilationClassPathOf(Lorg/gradle/api/internal/initialization/ClassLoaderScope;)Lorg/gradle/internal/classpath/ClassPath;+15
j  org.gradle.kotlin.dsl.execution.Interpreter.emitSpecializedProgramFor(Lorg/gradle/kotlin/dsl/support/KotlinScriptHost;Lorg/gradle/groovy/scripts/ScriptSource;Lorg/gradle/kotlin/dsl/execution/ProgramId;Lorg/gradle/api/internal/initialization/ClassLoaderScope;Lorg/gradle/api/internal/initialization/ClassLoaderScope;Lorg/gradle/kotlin/dsl/execution/ProgramKind;Lorg/gradle/kotlin/dsl/execution/ProgramTarget;)Lorg/gradle/kotlin/dsl/execution/CompiledScript;+66
j  org.gradle.kotlin.dsl.execution.Interpreter.eval(Ljava/lang/Object;Lorg/gradle/groovy/scripts/ScriptSource;Lorg/gradle/internal/hash/HashCode;Lorg/gradle/api/initialization/dsl/ScriptHandler;Lorg/gradle/api/internal/initialization/ClassLoaderScope;Lorg/gradle/api/internal/initialization/ClassLoaderScope;ZLjava/util/EnumSet;)V+199
j  org.gradle.kotlin.dsl.provider.StandardKotlinScriptEvaluator.evaluate(Ljava/lang/Object;Lorg/gradle/groovy/scripts/ScriptSource;Lorg/gradle/api/initialization/dsl/ScriptHandler;Lorg/gradle/api/internal/initialization/ClassLoaderScope;Lorg/gradle/api/internal/initialization/ClassLoaderScope;ZLjava/util/EnumSet;)V+163
j  org.gradle.kotlin.dsl.provider.KotlinScriptPluginFactory$create$1.invoke(Ljava/lang/Object;)V+41
j  org.gradle.kotlin.dsl.provider.KotlinScriptPluginFactory$create$1.invoke(Ljava/lang/Object;)Ljava/lang/Object;+2
j  org.gradle.kotlin.dsl.provider.KotlinScriptPlugin.apply(Ljava/lang/Object;)V+22
j  org.gradle.configuration.BuildOperationScriptPlugin$1.run(Lorg/gradle/internal/operations/BuildOperationContext;)V+11
j  org.gradle.internal.operations.DefaultBuildOperationRunner$1.execute(Lorg/gradle/internal/operations/RunnableBuildOperation;Lorg/gradle/internal/operations/BuildOperationContext;)V+2
j  org.gradle.internal.operations.DefaultBuildOperationRunner$1.execute(Lorg/gradle/internal/operations/BuildOperation;Lorg/gradle/internal/operations/BuildOperationContext;)V+6
j  org.gradle.internal.operations.DefaultBuildOperationRunner$2.execute(Lorg/gradle/internal/operations/BuildOperationDescriptor;Lorg/gradle/internal/operations/BuildOperationState;Lorg/gradle/internal/operations/BuildOperationState;Lorg/gradle/internal/operations/DefaultBuildOperationRunner$ReadableBuildOperationContext;Lorg/gradle/internal/operations/DefaultBuildOperationRunner$BuildOperationExecutionListener;)Lorg/gradle/internal/operations/BuildOperation;+22
j  org.gradle.internal.operations.DefaultBuildOperationRunner$2.execute(Lorg/gradle/internal/operations/BuildOperationDescriptor;Lorg/gradle/internal/operations/BuildOperationState;Lorg/gradle/internal/operations/BuildOperationState;Lorg/gradle/internal/operations/DefaultBuildOperationRunner$ReadableBuildOperationContext;Lorg/gradle/internal/operations/DefaultBuildOperationRunner$BuildOperationExecutionListener;)Ljava/lang/Object;+8
j  org.gradle.internal.operations.DefaultBuildOperationRunner.execute(Lorg/gradle/internal/operations/BuildOperationDescriptor$Builder;Lorg/gradle/internal/operations/BuildOperationState;Lorg/gradle/internal/operations/DefaultBuildOperationRunner$BuildOperationExecution;)Ljava/lang/Object;+141
j  org.gradle.internal.operations.DefaultBuildOperationRunner.execute(Lorg/gradle/internal/operations/BuildOperation;Lorg/gradle/internal/operations/BuildOperationWorker;Lorg/gradle/internal/operations/BuildOperationState;)V+18
j  org.gradle.internal.operations.DefaultBuildOperationRunner.run(Lorg/gradle/internal/operations/RunnableBuildOperation;)V+9
j  org.gradle.internal.operations.DefaultBuildOperationExecutor.run(Lorg/gradle/internal/operations/RunnableBuildOperation;)V+5
j  org.gradle.configuration.BuildOperationScriptPlugin.lambda$apply$0(Ljava/lang/Object;Lorg/gradle/configuration/internal/UserCodeApplicationId;)V+14
j  org.gradle.configuration.BuildOperationScriptPlugin$$Lambda+0x0000000100623b58.execute(Ljava/lang/Object;)V+12
j  org.gradle.configuration.internal.DefaultUserCodeApplicationContext.apply(Lorg/gradle/internal/DisplayName;Lorg/gradle/api/Action;)V+37
j  org.gradle.configuration.BuildOperationScriptPlugin.apply(Ljava/lang/Object;)V+61
j  org.gradle.initialization.ScriptEvaluatingSettingsProcessor.applySettingsScript(Lorg/gradle/groovy/scripts/TextResourceScriptSource;Lorg/gradle/api/internal/SettingsInternal;)V+32
j  org.gradle.initialization.ScriptEvaluatingSettingsProcessor.process(Lorg/gradle/api/internal/GradleInternal;Lorg/gradle/initialization/SettingsLocation;Lorg/gradle/api/internal/initialization/ClassLoaderScope;Lorg/gradle/StartParameter;)Lorg/gradle/initialization/SettingsState;+90
j  org.gradle.initialization.SettingsEvaluatedCallbackFiringSettingsProcessor.process(Lorg/gradle/api/internal/GradleInternal;Lorg/gradle/initialization/SettingsLocation;Lorg/gradle/api/internal/initialization/ClassLoaderScope;Lorg/gradle/StartParameter;)Lorg/gradle/initialization/SettingsState;+9
j  org.gradle.initialization.RootBuildCacheControllerSettingsProcessor.process(Lorg/gradle/api/internal/GradleInternal;Lorg/gradle/initialization/SettingsLocation;Lorg/gradle/api/internal/initialization/ClassLoaderScope;Lorg/gradle/StartParameter;)Lorg/gradle/initialization/SettingsState;+9
j  org.gradle.initialization.BuildOperationSettingsProcessor$2.call(Lorg/gradle/internal/operations/BuildOperationContext;)Lorg/gradle/initialization/SettingsState;+23
j  org.gradle.initialization.BuildOperationSettingsProcessor$2.call(Lorg/gradle/internal/operations/BuildOperationContext;)Ljava/lang/Object;+2
j  org.gradle.internal.operations.DefaultBuildOperationRunner$CallableBuildOperationWorker.execute(Lorg/gradle/internal/operations/CallableBuildOperation;Lorg/gradle/internal/operations/BuildOperationContext;)V+3
j  org.gradle.internal.operations.DefaultBuildOperationRunner$CallableBuildOperationWorker.execute(Lorg/gradle/internal/operations/BuildOperation;Lorg/gradle/internal/operations/BuildOperationContext;)V+6
j  org.gradle.internal.operations.DefaultBuildOperationRunner$2.execute(Lorg/gradle/internal/operations/BuildOperationDescriptor;Lorg/gradle/internal/operations/BuildOperationState;Lorg/gradle/internal/operations/BuildOperationState;Lorg/gradle/internal/operations/DefaultBuildOperationRunner$ReadableBuildOperationContext;Lorg/gradle/internal/operations/DefaultBuildOperationRunner$BuildOperationExecutionListener;)Lorg/gradle/internal/operations/BuildOperation;+22
j  org.gradle.internal.operations.DefaultBuildOperationRunner$2.execute(Lorg/gradle/internal/operations/BuildOperationDescriptor;Lorg/gradle/internal/operations/BuildOperationState;Lorg/gradle/internal/operations/BuildOperationState;Lorg/gradle/internal/operations/DefaultBuildOperationRunner$ReadableBuildOperationContext;Lorg/gradle/internal/operations/DefaultBuildOperationRunner$BuildOperationExecutionListener;)Ljava/lang/Object;+8
j  org.gradle.internal.operations.DefaultBuildOperationRunner.execute(Lorg/gradle/internal/operations/BuildOperationDescriptor$Builder;Lorg/gradle/internal/operations/BuildOperationState;Lorg/gradle/internal/operations/DefaultBuildOperationRunner$BuildOperationExecution;)Ljava/lang/Object;+141
j  org.gradle.internal.operations.DefaultBuildOperationRunner.execute(Lorg/gradle/internal/operations/BuildOperation;Lorg/gradle/internal/operations/BuildOperationWorker;Lorg/gradle/internal/operations/BuildOperationState;)V+18
j  org.gradle.internal.operations.DefaultBuildOperationRunner.call(Lorg/gradle/internal/operations/CallableBuildOperation;)Ljava/lang/Object;+16
j  org.gradle.internal.operations.DefaultBuildOperationExecutor.call(Lorg/gradle/internal/operations/CallableBuildOperation;)Ljava/lang/Object;+5
j  org.gradle.initialization.BuildOperationSettingsProcessor.process(Lorg/gradle/api/internal/GradleInternal;Lorg/gradle/initialization/SettingsLocation;Lorg/gradle/api/internal/initialization/ClassLoaderScope;Lorg/gradle/StartParameter;)Lorg/gradle/initialization/SettingsState;+17
j  org.gradle.initialization.DefaultSettingsLoader.findSettingsAndLoadIfAppropriate(Lorg/gradle/api/internal/GradleInternal;Lorg/gradle/StartParameter;Lorg/gradle/initialization/SettingsLocation;Lorg/gradle/api/internal/initialization/ClassLoaderScope;)Lorg/gradle/initialization/SettingsState;+9
j  org.gradle.initialization.DefaultSettingsLoader.findAndLoadSettings(Lorg/gradle/api/internal/GradleInternal;)Lorg/gradle/initialization/SettingsState;+33
j  org.gradle.initialization.SettingsAttachingSettingsLoader.findAndLoadSettings(Lorg/gradle/api/internal/GradleInternal;)Lorg/gradle/initialization/SettingsState;+5
j  org.gradle.internal.composite.CommandLineIncludedBuildSettingsLoader.findAndLoadSettings(Lorg/gradle/api/internal/GradleInternal;)Lorg/gradle/initialization/SettingsState;+5
j  org.gradle.internal.composite.ChildBuildRegisteringSettingsLoader.findAndLoadSettings(Lorg/gradle/api/internal/GradleInternal;)Lorg/gradle/initialization/SettingsState;+5
j  org.gradle.internal.composite.CompositeBuildSettingsLoader.findAndLoadSettings(Lorg/gradle/api/internal/GradleInternal;)Lorg/gradle/initialization/SettingsState;+5
j  org.gradle.initialization.InitScriptHandlingSettingsLoader.findAndLoadSettings(Lorg/gradle/api/internal/GradleInternal;)Lorg/gradle/initialization/SettingsState;+13
j  org.gradle.api.internal.initialization.CacheConfigurationsHandlingSettingsLoader.findAndLoadSettings(Lorg/gradle/api/internal/GradleInternal;)Lorg/gradle/initialization/SettingsState;+15
j  org.gradle.initialization.GradlePropertiesHandlingSettingsLoader.findAndLoadSettings(Lorg/gradle/api/internal/GradleInternal;)Lorg/gradle/initialization/SettingsState;+40
j  org.gradle.initialization.DefaultSettingsPreparer.prepareSettings(Lorg/gradle/api/internal/GradleInternal;)V+33
j  org.gradle.initialization.BuildOperationFiringSettingsPreparer$LoadBuild.doLoadBuild()V+11
j  org.gradle.initialization.BuildOperationFiringSettingsPreparer$LoadBuild.run(Lorg/gradle/internal/operations/BuildOperationContext;)V+1
j  org.gradle.internal.operations.DefaultBuildOperationRunner$1.execute(Lorg/gradle/internal/operations/RunnableBuildOperation;Lorg/gradle/internal/operations/BuildOperationContext;)V+2
j  org.gradle.internal.operations.DefaultBuildOperationRunner$1.execute(Lorg/gradle/internal/operations/BuildOperation;Lorg/gradle/internal/operations/BuildOperationContext;)V+6
j  org.gradle.internal.operations.DefaultBuildOperationRunner$2.execute(Lorg/gradle/internal/operations/BuildOperationDescriptor;Lorg/gradle/internal/operations/BuildOperationState;Lorg/gradle/internal/operations/BuildOperationState;Lorg/gradle/internal/operations/DefaultBuildOperationRunner$ReadableBuildOperationContext;Lorg/gradle/internal/operations/DefaultBuildOperationRunner$BuildOperationExecutionListener;)Lorg/gradle/internal/operations/BuildOperation;+22
j  org.gradle.internal.operations.DefaultBuildOperationRunner$2.execute(Lorg/gradle/internal/operations/BuildOperationDescriptor;Lorg/gradle/internal/operations/BuildOperationState;Lorg/gradle/internal/operations/BuildOperationState;Lorg/gradle/internal/operations/DefaultBuildOperationRunner$ReadableBuildOperationContext;Lorg/gradle/internal/operations/DefaultBuildOperationRunner$BuildOperationExecutionListener;)Ljava/lang/Object;+8
j  org.gradle.internal.operations.DefaultBuildOperationRunner.execute(Lorg/gradle/internal/operations/BuildOperationDescriptor$Builder;Lorg/gradle/internal/operations/BuildOperationState;Lorg/gradle/internal/operations/DefaultBuildOperationRunner$BuildOperationExecution;)Ljava/lang/Object;+141
j  org.gradle.internal.operations.DefaultBuildOperationRunner.execute(Lorg/gradle/internal/operations/BuildOperation;Lorg/gradle/internal/operations/BuildOperationWorker;Lorg/gradle/internal/operations/BuildOperationState;)V+18
j  org.gradle.internal.operations.DefaultBuildOperationRunner.run(Lorg/gradle/internal/operations/RunnableBuildOperation;)V+9
j  org.gradle.internal.operations.DefaultBuildOperationExecutor.run(Lorg/gradle/internal/operations/RunnableBuildOperation;)V+5
j  org.gradle.initialization.BuildOperationFiringSettingsPreparer.prepareSettings(Lorg/gradle/api/internal/GradleInternal;)V+31
j  org.gradle.initialization.VintageBuildModelController.lambda$prepareSettings$1()V+8
j  org.gradle.initialization.VintageBuildModelController$$Lambda+0x0000000100500720.run()V+4
j  org.gradle.internal.model.StateTransitionController.lambda$doTransition$14(Ljava/lang/Runnable;)Lorg/gradle/internal/build/ExecutionResult;+1
j  org.gradle.internal.model.StateTransitionController$$Lambda+0x0000000100500bd0.get()Ljava/lang/Object;+4
j  org.gradle.internal.model.StateTransitionController.doTransition(Lorg/gradle/internal/model/StateTransitionController$State;Lorg/gradle/internal/model/StateTransitionController$State;Ljava/util/function/Supplier;)Lorg/gradle/internal/build/ExecutionResult;+24
j  org.gradle.internal.model.StateTransitionController.doTransition(Lorg/gradle/internal/model/StateTransitionController$State;Lorg/gradle/internal/model/StateTransitionController$State;Ljava/lang/Runnable;)V+9
j  org.gradle.internal.model.StateTransitionController.lambda$transitionIfNotPreviously$11(Lorg/gradle/internal/model/StateTransitionController$State;Lorg/gradle/internal/model/StateTransitionController$State;Ljava/lang/Runnable;)V+16
j  org.gradle.internal.model.StateTransitionController$$Lambda+0x0000000100500978.run()V+16
j  org.gradle.internal.work.DefaultSynchronizer.withLock(Ljava/lang/Runnable;)V+6
j  org.gradle.internal.model.StateTransitionController.transitionIfNotPreviously(Lorg/gradle/internal/model/StateTransitionController$State;Lorg/gradle/internal/model/StateTransitionController$State;Ljava/lang/Runnable;)V+13
j  org.gradle.initialization.VintageBuildModelController.prepareSettings()V+16
j  org.gradle.initialization.VintageBuildModelController.getLoadedSettings()Lorg/gradle/api/internal/SettingsInternal;+1
j  org.gradle.internal.build.DefaultBuildLifecycleController$$Lambda+0x0000000100500270.get()Ljava/lang/Object;+4
j  org.gradle.internal.model.StateTransitionController.lambda$notInState$3(Lorg/gradle/internal/model/StateTransitionController$State;Ljava/util/function/Supplier;)Ljava/lang/Object;+11
j  org.gradle.internal.model.StateTransitionController$$Lambda+0x00000001005004c8.create()Ljava/lang/Object;+12
j  org.gradle.internal.work.DefaultSynchronizer.withLock(Lorg/gradle/internal/Factory;)Ljava/lang/Object;+6
j  org.gradle.internal.model.StateTransitionController.notInState(Lorg/gradle/internal/model/StateTransitionController$State;Ljava/util/function/Supplier;)Ljava/lang/Object;+12
j  org.gradle.internal.build.DefaultBuildLifecycleController.loadSettings()V+21
j  org.gradle.internal.build.AbstractBuildState.ensureProjectsLoaded()V+4
j  org.gradle.plugins.ide.internal.tooling.GradleBuildBuilder.create(Lorg/gradle/internal/build/BuildState;)Lorg/gradle/plugins/ide/internal/tooling/model/DefaultGradleBuild;+1
j  org.gradle.plugins.ide.internal.tooling.GradleBuildBuilder.create(Lorg/gradle/internal/build/BuildState;)Ljava/lang/Object;+2
j  org.gradle.tooling.provider.model.internal.DefaultToolingModelBuilderRegistry$BuildScopedBuilder.build(Ljava/lang/Object;)Ljava/lang/Object;+8
j  org.gradle.tooling.provider.model.internal.DefaultToolingModelBuilderRegistry$BuildOperationWrappingBuilder$1.call(Lorg/gradle/internal/operations/BuildOperationContext;)Ljava/lang/Object;+11
j  org.gradle.internal.operations.DefaultBuildOperationRunner$CallableBuildOperationWorker.execute(Lorg/gradle/internal/operations/CallableBuildOperation;Lorg/gradle/internal/operations/BuildOperationContext;)V+3
j  org.gradle.internal.operations.DefaultBuildOperationRunner$CallableBuildOperationWorker.execute(Lorg/gradle/internal/operations/BuildOperation;Lorg/gradle/internal/operations/BuildOperationContext;)V+6
j  org.gradle.internal.operations.DefaultBuildOperationRunner$2.execute(Lorg/gradle/internal/operations/BuildOperationDescriptor;Lorg/gradle/internal/operations/BuildOperationState;Lorg/gradle/internal/operations/BuildOperationState;Lorg/gradle/internal/operations/DefaultBuildOperationRunner$ReadableBuildOperationContext;Lorg/gradle/internal/operations/DefaultBuildOperationRunner$BuildOperationExecutionListener;)Lorg/gradle/internal/operations/BuildOperation;+22
j  org.gradle.internal.operations.DefaultBuildOperationRunner$2.execute(Lorg/gradle/internal/operations/BuildOperationDescriptor;Lorg/gradle/internal/operations/BuildOperationState;Lorg/gradle/internal/operations/BuildOperationState;Lorg/gradle/internal/operations/DefaultBuildOperationRunner$ReadableBuildOperationContext;Lorg/gradle/internal/operations/DefaultBuildOperationRunner$BuildOperationExecutionListener;)Ljava/lang/Object;+8
j  org.gradle.internal.operations.DefaultBuildOperationRunner.execute(Lorg/gradle/internal/operations/BuildOperationDescriptor$Builder;Lorg/gradle/internal/operations/BuildOperationState;Lorg/gradle/internal/operations/DefaultBuildOperationRunner$BuildOperationExecution;)Ljava/lang/Object;+141
j  org.gradle.internal.operations.DefaultBuildOperationRunner.execute(Lorg/gradle/internal/operations/BuildOperation;Lorg/gradle/internal/operations/BuildOperationWorker;Lorg/gradle/internal/operations/BuildOperationState;)V+18
j  org.gradle.internal.operations.DefaultBuildOperationRunner.call(Lorg/gradle/internal/operations/CallableBuildOperation;)Ljava/lang/Object;+16
j  org.gradle.internal.operations.DefaultBuildOperationExecutor.call(Lorg/gradle/internal/operations/CallableBuildOperation;)Ljava/lang/Object;+5
j  org.gradle.tooling.provider.model.internal.DefaultToolingModelBuilderRegistry$BuildOperationWrappingBuilder.build(Ljava/lang/Object;)Ljava/lang/Object;+13
j  org.gradle.internal.build.DefaultBuildToolingModelController$AbstractToolingScope.getModel(Ljava/lang/String;Ljava/util/function/Function;)Ljava/lang/Object;+11
j  org.gradle.tooling.internal.provider.runner.DefaultBuildController.getModel(Ljava/lang/Object;Lorg/gradle/tooling/internal/protocol/ModelIdentifier;Ljava/lang/Object;)Lorg/gradle/tooling/internal/protocol/BuildResult;+72
j  org.gradle.tooling.internal.consumer.connection.ParameterAwareBuildControllerAdapter.getModel(Ljava/lang/Object;Lorg/gradle/tooling/internal/protocol/ModelIdentifier;Ljava/lang/Object;)Lorg/gradle/tooling/internal/protocol/BuildResult;+7
j  org.gradle.tooling.internal.consumer.connection.UnparameterizedBuildController.getModel(Lorg/gradle/tooling/model/Model;Ljava/lang/Class;Ljava/lang/Class;Lorg/gradle/api/Action;)Ljava/lang/Object;+44
j  org.gradle.tooling.internal.consumer.connection.NestedActionAwareBuildControllerAdapter.getModel(Lorg/gradle/tooling/model/Model;Ljava/lang/Class;Ljava/lang/Class;Lorg/gradle/api/Action;)Ljava/lang/Object;+6
j  org.gradle.tooling.internal.consumer.connection.UnparameterizedBuildController.getModel(Lorg/gradle/tooling/model/Model;Ljava/lang/Class;)Ljava/lang/Object;+5
j  org.gradle.tooling.internal.consumer.connection.NestedActionAwareBuildControllerAdapter.getModel(Lorg/gradle/tooling/model/Model;Ljava/lang/Class;)Ljava/lang/Object;+3
j  org.gradle.tooling.internal.consumer.connection.UnparameterizedBuildController.getBuildModel()Lorg/gradle/tooling/model/gradle/GradleBuild;+4
j  org.gradle.tooling.internal.consumer.connection.NestedActionAwareBuildControllerAdapter.getBuildModel()Lorg/gradle/tooling/model/gradle/GradleBuild;+1
j  com.intellij.gradle.toolingExtension.impl.modelAction.GradleModelFetchAction.lambda$initAction$7(Lorg/gradle/tooling/BuildController;Lio/opentelemetry/api/trace/Span;)Lorg/gradle/tooling/model/gradle/GradleBuild;+1
j  com.intellij.gradle.toolingExtension.impl.modelAction.GradleModelFetchAction$$Lambda+0x00000001004d31b8.apply(Ljava/lang/Object;)Ljava/lang/Object;+8
j  com.intellij.gradle.toolingExtension.impl.telemetry.GradleOpenTelemetry.callWithSpan(Ljava/lang/String;Ljava/util/function/Consumer;Ljava/util/function/Function;)Ljava/lang/Object;+66
j  com.intellij.gradle.toolingExtension.impl.telemetry.GradleOpenTelemetry.callWithSpan(Ljava/lang/String;Ljava/util/function/Function;)Ljava/lang/Object;+24
j  com.intellij.gradle.toolingExtension.impl.modelAction.GradleModelFetchAction.initAction(Lorg/gradle/tooling/BuildController;Ljava/util/concurrent/ExecutorService;Lcom/intellij/gradle/toolingExtension/impl/telemetry/GradleOpenTelemetry;Lorg/gradle/util/GradleVersion;)Lcom/intellij/gradle/toolingExtension/impl/modelAction/GradleDaemonModelHolder;+45
j  com.intellij.gradle.toolingExtension.impl.modelAction.GradleModelFetchAction.lambda$doExecute$4(Lorg/gradle/tooling/BuildController;Ljava/util/concurrent/ExecutorService;Lcom/intellij/gradle/toolingExtension/impl/telemetry/GradleOpenTelemetry;Lio/opentelemetry/api/trace/Span;)Lcom/intellij/gradle/toolingExtension/impl/modelAction/GradleDaemonModelHolder;+7
j  com.intellij.gradle.toolingExtension.impl.modelAction.GradleModelFetchAction$$Lambda+0x00000001004d2848.apply(Ljava/lang/Object;)Ljava/lang/Object;+20
j  com.intellij.gradle.toolingExtension.impl.telemetry.GradleOpenTelemetry.callWithSpan(Ljava/lang/String;Ljava/util/function/Consumer;Ljava/util/function/Function;)Ljava/lang/Object;+66
j  com.intellij.gradle.toolingExtension.impl.telemetry.GradleOpenTelemetry.callWithSpan(Ljava/lang/String;Ljava/util/function/Function;)Ljava/lang/Object;+24
j  com.intellij.gradle.toolingExtension.impl.modelAction.GradleModelFetchAction.doExecute(Lorg/gradle/tooling/BuildController;Ljava/util/concurrent/ExecutorService;Lcom/intellij/gradle/toolingExtension/impl/telemetry/GradleOpenTelemetry;)Lcom/intellij/gradle/toolingExtension/impl/modelAction/GradleModelHolderState;+77
j  com.intellij.gradle.toolingExtension.impl.modelAction.GradleModelFetchAction.lambda$execute$1(Lorg/gradle/tooling/BuildController;Ljava/util/concurrent/ExecutorService;Lcom/intellij/gradle/toolingExtension/impl/telemetry/GradleOpenTelemetry;Lio/opentelemetry/api/trace/Span;)Lcom/intellij/gradle/toolingExtension/impl/modelAction/GradleModelHolderState;+4
j  com.intellij.gradle.toolingExtension.impl.modelAction.GradleModelFetchAction$$Lambda+0x00000001004d50a8.apply(Ljava/lang/Object;)Ljava/lang/Object;+20
j  com.intellij.gradle.toolingExtension.impl.telemetry.GradleOpenTelemetry.callWithSpan(Ljava/lang/String;Ljava/util/function/Consumer;Ljava/util/function/Function;)Ljava/lang/Object;+66
j  com.intellij.gradle.toolingExtension.impl.telemetry.GradleOpenTelemetry.callWithSpan(Ljava/lang/String;Ljava/util/function/Function;)Ljava/lang/Object;+24
j  com.intellij.gradle.toolingExtension.impl.modelAction.GradleModelFetchAction.lambda$execute$2(Lorg/gradle/tooling/BuildController;Ljava/util/concurrent/ExecutorService;Lcom/intellij/gradle/toolingExtension/impl/telemetry/GradleOpenTelemetry;)Lcom/intellij/gradle/toolingExtension/impl/modelAction/GradleModelHolderState;+13
j  com.intellij.gradle.toolingExtension.impl.modelAction.GradleModelFetchAction$$Lambda+0x00000001004cc8c8.apply(Ljava/lang/Object;)Ljava/lang/Object;+16
j  com.intellij.gradle.toolingExtension.impl.modelAction.GradleModelFetchAction.withOpenTelemetry(Ljava/util/function/Function;)Lcom/intellij/gradle/toolingExtension/impl/modelAction/GradleModelHolderState;+19
j  com.intellij.gradle.toolingExtension.impl.modelAction.GradleModelFetchAction.lambda$execute$3(Lorg/gradle/tooling/BuildController;Ljava/util/concurrent/ExecutorService;)Lcom/intellij/gradle/toolingExtension/impl/modelAction/GradleModelHolderState;+8
j  com.intellij.gradle.toolingExtension.impl.modelAction.GradleModelFetchAction$$Lambda+0x00000001004cc1c0.apply(Ljava/lang/Object;)Ljava/lang/Object;+12
j  com.intellij.gradle.toolingExtension.impl.util.GradleExecutorServiceUtil.withSingleThreadExecutor(Ljava/lang/String;Ljava/util/function/Function;)Ljava/lang/Object;+31
j  com.intellij.gradle.toolingExtension.impl.modelAction.GradleModelFetchAction.execute(Lorg/gradle/tooling/BuildController;)Lcom/intellij/gradle/toolingExtension/impl/modelAction/GradleModelHolderState;+22
j  com.intellij.gradle.toolingExtension.impl.modelAction.GradleModelFetchAction.execute(Lorg/gradle/tooling/BuildController;)Ljava/lang/Object;+2
j  org.gradle.tooling.internal.consumer.connection.InternalBuildActionAdapter.execute(Lorg/gradle/tooling/internal/protocol/InternalBuildControllerVersion2;)Ljava/lang/Object;+11
j  org.gradle.tooling.internal.provider.runner.AbstractClientProvidedBuildActionRunner$ActionAdapter.runAction(Lorg/gradle/internal/buildtree/BuildTreeModelController;Ljava/lang/Object;Lorg/gradle/tooling/internal/protocol/PhasedActionResult$Phase;)Lorg/gradle/tooling/internal/provider/serialization/SerializedPayload;+39
j  org.gradle.tooling.internal.provider.runner.AbstractClientProvidedBuildActionRunner$ActionAdapter.beforeTasks(Lorg/gradle/internal/buildtree/BuildTreeModelController;)V+15
j  org.gradle.internal.buildtree.DefaultBuildTreeModelCreator.beforeTasks(Lorg/gradle/internal/buildtree/BuildTreeModelAction;)V+10
j  org.gradle.internal.buildtree.DefaultBuildTreeLifecycleController.lambda$fromBuildModel$2(Lorg/gradle/internal/buildtree/BuildTreeModelAction;Z)Lorg/gradle/internal/build/ExecutionResult;+5
j  org.gradle.internal.buildtree.DefaultBuildTreeLifecycleController$$Lambda+0x00000001004a4fc8.get()Ljava/lang/Object;+12
j  org.gradle.internal.buildtree.DefaultBuildTreeLifecycleController.lambda$runBuild$4(Ljava/util/function/Supplier;)Ljava/lang/Object;+1
j  org.gradle.internal.buildtree.DefaultBuildTreeLifecycleController$$Lambda+0x00000001004a5220.get()Ljava/lang/Object;+8
j  org.gradle.internal.model.StateTransitionController.lambda$transition$6(Ljava/util/function/Supplier;)Lorg/gradle/internal/build/ExecutionResult;+1
j  org.gradle.internal.model.StateTransitionController$$Lambda+0x00000001004a56d0.get()Ljava/lang/Object;+4
j  org.gradle.internal.model.StateTransitionController.doTransition(Lorg/gradle/internal/model/StateTransitionController$State;Lorg/gradle/internal/model/StateTransitionController$State;Ljava/util/function/Supplier;)Lorg/gradle/internal/build/ExecutionResult;+24
j  org.gradle.internal.model.StateTransitionController.lambda$transition$7(Lorg/gradle/internal/model/StateTransitionController$State;Lorg/gradle/internal/model/StateTransitionController$State;Ljava/util/function/Supplier;)Ljava/lang/Object;+9
j  org.gradle.internal.model.StateTransitionController$$Lambda+0x00000001004a5478.create()Ljava/lang/Object;+16
j  org.gradle.internal.work.DefaultSynchronizer.withLock(Lorg/gradle/internal/Factory;)Ljava/lang/Object;+6
j  org.gradle.internal.model.StateTransitionController.transition(Lorg/gradle/internal/model/StateTransitionController$State;Lorg/gradle/internal/model/StateTransitionController$State;Ljava/util/function/Supplier;)Ljava/lang/Object;+13
j  org.gradle.internal.buildtree.DefaultBuildTreeLifecycleController.runBuild(Ljava/util/function/Supplier;)Ljava/lang/Object;+17
j  org.gradle.internal.buildtree.DefaultBuildTreeLifecycleController.fromBuildModel(ZLorg/gradle/internal/buildtree/BuildTreeModelAction;)Ljava/lang/Object;+9
j  org.gradle.tooling.internal.provider.runner.AbstractClientProvidedBuildActionRunner.runClientAction(Lorg/gradle/tooling/internal/provider/runner/AbstractClientProvidedBuildActionRunner$ClientAction;Lorg/gradle/internal/buildtree/BuildTreeLifecycleController;)Lorg/gradle/internal/buildtree/BuildActionRunner$Result;+22
j  org.gradle.tooling.internal.provider.runner.ClientProvidedPhasedActionRunner.run(Lorg/gradle/internal/invocation/BuildAction;Lorg/gradle/internal/buildtree/BuildTreeLifecycleController;)Lorg/gradle/internal/buildtree/BuildActionRunner$Result;+45
j  org.gradle.launcher.exec.ChainingBuildActionRunner.run(Lorg/gradle/internal/invocation/BuildAction;Lorg/gradle/internal/buildtree/BuildTreeLifecycleController;)Lorg/gradle/internal/buildtree/BuildActionRunner$Result;+34
j  org.gradle.internal.buildtree.ProblemReportingBuildActionRunner.run(Lorg/gradle/internal/invocation/BuildAction;Lorg/gradle/internal/buildtree/BuildTreeLifecycleController;)Lorg/gradle/internal/buildtree/BuildActionRunner$Result;+12
j  org.gradle.launcher.exec.BuildOutcomeReportingBuildActionRunner.run(Lorg/gradle/internal/invocation/BuildAction;Lorg/gradle/internal/buildtree/BuildTreeLifecycleController;)Lorg/gradle/internal/buildtree/BuildActionRunner$Result;+69
j  org.gradle.tooling.internal.provider.FileSystemWatchingBuildActionRunner.run(Lorg/gradle/internal/invocation/BuildAction;Lorg/gradle/internal/buildtree/BuildTreeLifecycleController;)Lorg/gradle/internal/buildtree/BuildActionRunner$Result;+335
j  org.gradle.launcher.exec.BuildCompletionNotifyingBuildActionRunner.run(Lorg/gradle/internal/invocation/BuildAction;Lorg/gradle/internal/buildtree/BuildTreeLifecycleController;)Lorg/gradle/internal/buildtree/BuildActionRunner$Result;+6
j  org.gradle.launcher.exec.RootBuildLifecycleBuildActionExecutor.lambda$execute$0(Lorg/gradle/internal/invocation/BuildAction;Lorg/gradle/internal/buildtree/BuildTreeLifecycleController;)Lorg/gradle/internal/buildtree/BuildActionRunner$Result;+6
j  org.gradle.launcher.exec.RootBuildLifecycleBuildActionExecutor$$Lambda+0x0000000100465bf8.apply(Ljava/lang/Object;)Ljava/lang/Object;+12
j  org.gradle.composite.internal.DefaultRootBuildState.run(Ljava/util/function/Function;)Ljava/lang/Object;+87
j  org.gradle.launcher.exec.RootBuildLifecycleBuildActionExecutor.execute(Lorg/gradle/internal/invocation/BuildAction;Lorg/gradle/internal/buildtree/BuildTreeContext;)Lorg/gradle/internal/buildtree/BuildActionRunner$Result;+28
j  org.gradle.internal.buildtree.InitDeprecationLoggingActionExecutor.execute(Lorg/gradle/internal/invocation/BuildAction;Lorg/gradle/internal/buildtree/BuildTreeContext;)Lorg/gradle/internal/buildtree/BuildActionRunner$Result;+79
j  org.gradle.internal.buildtree.DefaultBuildTreeContext.execute(Lorg/gradle/internal/invocation/BuildAction;)Lorg/gradle/internal/buildtree/BuildActionRunner$Result;+64
j  org.gradle.launcher.exec.BuildTreeLifecycleBuildActionExecutor.lambda$execute$0(Lorg/gradle/internal/invocation/BuildAction;Lorg/gradle/internal/buildtree/BuildTreeContext;)Lorg/gradle/internal/buildtree/BuildActionRunner$Result;+2
j  org.gradle.launcher.exec.BuildTreeLifecycleBuildActionExecutor$$Lambda+0x000000010038a4c0.apply(Ljava/lang/Object;)Ljava/lang/Object;+8
j  org.gradle.internal.buildtree.BuildTreeState.run(Ljava/util/function/Function;)Ljava/lang/Object;+45
j  org.gradle.launcher.exec.BuildTreeLifecycleBuildActionExecutor.execute(Lorg/gradle/internal/invocation/BuildAction;Lorg/gradle/internal/session/BuildSessionContext;)Lorg/gradle/internal/buildtree/BuildActionRunner$Result;+181
j  org.gradle.launcher.exec.RunAsBuildOperationBuildActionExecutor$3.call(Lorg/gradle/internal/operations/BuildOperationContext;)Lorg/gradle/internal/buildtree/BuildActionRunner$Result;+25
j  org.gradle.launcher.exec.RunAsBuildOperationBuildActionExecutor$3.call(Lorg/gradle/internal/operations/BuildOperationContext;)Ljava/lang/Object;+2
j  org.gradle.internal.operations.DefaultBuildOperationRunner$CallableBuildOperationWorker.execute(Lorg/gradle/internal/operations/CallableBuildOperation;Lorg/gradle/internal/operations/BuildOperationContext;)V+3
j  org.gradle.internal.operations.DefaultBuildOperationRunner$CallableBuildOperationWorker.execute(Lorg/gradle/internal/operations/BuildOperation;Lorg/gradle/internal/operations/BuildOperationContext;)V+6
j  org.gradle.internal.operations.DefaultBuildOperationRunner$2.execute(Lorg/gradle/internal/operations/BuildOperationDescriptor;Lorg/gradle/internal/operations/BuildOperationState;Lorg/gradle/internal/operations/BuildOperationState;Lorg/gradle/internal/operations/DefaultBuildOperationRunner$ReadableBuildOperationContext;Lorg/gradle/internal/operations/DefaultBuildOperationRunner$BuildOperationExecutionListener;)Lorg/gradle/internal/operations/BuildOperation;+22
j  org.gradle.internal.operations.DefaultBuildOperationRunner$2.execute(Lorg/gradle/internal/operations/BuildOperationDescriptor;Lorg/gradle/internal/operations/BuildOperationState;Lorg/gradle/internal/operations/BuildOperationState;Lorg/gradle/internal/operations/DefaultBuildOperationRunner$ReadableBuildOperationContext;Lorg/gradle/internal/operations/DefaultBuildOperationRunner$BuildOperationExecutionListener;)Ljava/lang/Object;+8
j  org.gradle.internal.operations.DefaultBuildOperationRunner.execute(Lorg/gradle/internal/operations/BuildOperationDescriptor$Builder;Lorg/gradle/internal/operations/BuildOperationState;Lorg/gradle/internal/operations/DefaultBuildOperationRunner$BuildOperationExecution;)Ljava/lang/Object;+141
j  org.gradle.internal.operations.DefaultBuildOperationRunner.execute(Lorg/gradle/internal/operations/BuildOperation;Lorg/gradle/internal/operations/BuildOperationWorker;Lorg/gradle/internal/operations/BuildOperationState;)V+18
j  org.gradle.internal.operations.DefaultBuildOperationRunner.call(Lorg/gradle/internal/operations/CallableBuildOperation;)Ljava/lang/Object;+16
j  org.gradle.internal.operations.DefaultBuildOperationExecutor.call(Lorg/gradle/internal/operations/CallableBuildOperation;)Ljava/lang/Object;+5
j  org.gradle.launcher.exec.RunAsBuildOperationBuildActionExecutor.execute(Lorg/gradle/internal/invocation/BuildAction;Lorg/gradle/internal/session/BuildSessionContext;)Lorg/gradle/internal/buildtree/BuildActionRunner$Result;+23
j  org.gradle.launcher.exec.RunAsWorkerThreadBuildActionExecutor.lambda$execute$0(Lorg/gradle/internal/invocation/BuildAction;Lorg/gradle/internal/session/BuildSessionContext;)Lorg/gradle/internal/buildtree/BuildActionRunner$Result;+6
j  org.gradle.launcher.exec.RunAsWorkerThreadBuildActionExecutor$$Lambda+0x000000010035d680.create()Ljava/lang/Object;+12
j  org.gradle.internal.work.DefaultWorkerLeaseService.withLocks(Ljava/util/Collection;Lorg/gradle/internal/Factory;)Ljava/lang/Object;+28
j  org.gradle.internal.work.DefaultWorkerLeaseService.runAsWorkerThread(Lorg/gradle/internal/Factory;)Ljava/lang/Object;+33
j  org.gradle.launcher.exec.RunAsWorkerThreadBuildActionExecutor.execute(Lorg/gradle/internal/invocation/BuildAction;Lorg/gradle/internal/session/BuildSessionContext;)Lorg/gradle/internal/buildtree/BuildActionRunner$Result;+12
j  org.gradle.tooling.internal.provider.continuous.ContinuousBuildActionExecutor.execute(Lorg/gradle/internal/invocation/BuildAction;Lorg/gradle/internal/session/BuildSessionContext;)Lorg/gradle/internal/buildtree/BuildActionRunner$Result;+58
j  org.gradle.tooling.internal.provider.SubscribableBuildActionExecutor.execute(Lorg/gradle/internal/invocation/BuildAction;Lorg/gradle/internal/session/BuildSessionContext;)Lorg/gradle/internal/buildtree/BuildActionRunner$Result;+30
j  org.gradle.internal.session.DefaultBuildSessionContext.execute(Lorg/gradle/internal/invocation/BuildAction;)Lorg/gradle/internal/buildtree/BuildActionRunner$Result;+64
j  org.gradle.tooling.internal.provider.BuildSessionLifecycleBuildActionExecuter$ActionImpl.apply(Lorg/gradle/internal/session/BuildSessionContext;)Lorg/gradle/launcher/exec/BuildActionResult;+6
j  org.gradle.tooling.internal.provider.BuildSessionLifecycleBuildActionExecuter$ActionImpl.apply(Ljava/lang/Object;)Ljava/lang/Object;+5
j  org.gradle.internal.session.BuildSessionState.run(Ljava/util/function/Function;)Ljava/lang/Object;+5
j  org.gradle.tooling.internal.provider.BuildSessionLifecycleBuildActionExecuter.execute(Lorg/gradle/internal/invocation/BuildAction;Lorg/gradle/launcher/exec/BuildActionParameters;Lorg/gradle/initialization/BuildRequestContext;)Lorg/gradle/launcher/exec/BuildActionResult;+95
j  org.gradle.tooling.internal.provider.BuildSessionLifecycleBuildActionExecuter.execute(Lorg/gradle/internal/invocation/BuildAction;Ljava/lang/Object;Ljava/lang/Object;)Lorg/gradle/launcher/exec/BuildActionResult;+10
j  org.gradle.tooling.internal.provider.StartParamsValidatingActionExecuter.execute(Lorg/gradle/internal/invocation/BuildAction;Lorg/gradle/launcher/exec/BuildActionParameters;Lorg/gradle/initialization/BuildRequestContext;)Lorg/gradle/launcher/exec/BuildActionResult;+203
j  org.gradle.tooling.internal.provider.StartParamsValidatingActionExecuter.execute(Lorg/gradle/internal/invocation/BuildAction;Ljava/lang/Object;Ljava/lang/Object;)Lorg/gradle/launcher/exec/BuildActionResult;+10
j  org.gradle.tooling.internal.provider.SessionFailureReportingActionExecuter.execute(Lorg/gradle/internal/invocation/BuildAction;Lorg/gradle/launcher/exec/BuildActionParameters;Lorg/gradle/initialization/BuildRequestContext;)Lorg/gradle/launcher/exec/BuildActionResult;+7
j  org.gradle.tooling.internal.provider.SessionFailureReportingActionExecuter.execute(Lorg/gradle/internal/invocation/BuildAction;Ljava/lang/Object;Ljava/lang/Object;)Lorg/gradle/launcher/exec/BuildActionResult;+10
j  org.gradle.tooling.internal.provider.SetupLoggingActionExecuter.execute(Lorg/gradle/internal/invocation/BuildAction;Lorg/gradle/launcher/exec/BuildActionParameters;Lorg/gradle/initialization/BuildRequestContext;)Lorg/gradle/launcher/exec/BuildActionResult;+50
j  org.gradle.tooling.internal.provider.SetupLoggingActionExecuter.execute(Lorg/gradle/internal/invocation/BuildAction;Ljava/lang/Object;Ljava/lang/Object;)Lorg/gradle/launcher/exec/BuildActionResult;+10
j  org.gradle.launcher.daemon.server.exec.ExecuteBuild.doBuild(Lorg/gradle/launcher/daemon/server/api/DaemonCommandExecution;Lorg/gradle/launcher/daemon/protocol/Build;)V+117
j  org.gradle.launcher.daemon.server.exec.BuildCommandOnly.execute(Lorg/gradle/launcher/daemon/server/api/DaemonCommandExecution;)V+49
j  org.gradle.launcher.daemon.server.api.DaemonCommandExecution.proceed()Z+23
j  org.gradle.launcher.daemon.server.exec.WatchForDisconnection.execute(Lorg/gradle/launcher/daemon/server/api/DaemonCommandExecution;)V+19
j  org.gradle.launcher.daemon.server.api.DaemonCommandExecution.proceed()Z+23
j  org.gradle.launcher.daemon.server.exec.ResetDeprecationLogger.execute(Lorg/gradle/launcher/daemon/server/api/DaemonCommandExecution;)V+7
j  org.gradle.launcher.daemon.server.api.DaemonCommandExecution.proceed()Z+23
j  org.gradle.launcher.daemon.server.exec.RequestStopIfSingleUsedDaemon.execute(Lorg/gradle/launcher/daemon/server/api/DaemonCommandExecution;)V+33
j  org.gradle.launcher.daemon.server.api.DaemonCommandExecution.proceed()Z+23
j  org.gradle.launcher.daemon.server.exec.ForwardClientInput$2.create()Ljava/lang/Void;+4
j  org.gradle.launcher.daemon.server.exec.ForwardClientInput$2.create()Ljava/lang/Object;+1
j  org.gradle.util.internal.Swapper.swap(Ljava/lang/Object;Lorg/gradle/internal/Factory;)Ljava/lang/Object;+21
j  org.gradle.launcher.daemon.server.exec.ForwardClientInput.execute(Lorg/gradle/launcher/daemon/server/api/DaemonCommandExecution;)V+63
j  org.gradle.launcher.daemon.server.api.DaemonCommandExecution.proceed()Z+23
j  org.gradle.launcher.daemon.server.exec.LogAndCheckHealth.execute(Lorg/gradle/launcher/daemon/server/api/DaemonCommandExecution;)V+51
j  org.gradle.launcher.daemon.server.api.DaemonCommandExecution.proceed()Z+23
j  org.gradle.launcher.daemon.server.exec.LogToClient.doBuild(Lorg/gradle/launcher/daemon/server/api/DaemonCommandExecution;Lorg/gradle/launcher/daemon/protocol/Build;)V+87
j  org.gradle.launcher.daemon.server.exec.BuildCommandOnly.execute(Lorg/gradle/launcher/daemon/server/api/DaemonCommandExecution;)V+49
j  org.gradle.launcher.daemon.server.api.DaemonCommandExecution.proceed()Z+23
j  org.gradle.launcher.daemon.server.exec.EstablishBuildEnvironment.doBuild(Lorg/gradle/launcher/daemon/server/api/DaemonCommandExecution;Lorg/gradle/launcher/daemon/protocol/Build;)V+356
j  org.gradle.launcher.daemon.server.exec.BuildCommandOnly.execute(Lorg/gradle/launcher/daemon/server/api/DaemonCommandExecution;)V+49
j  org.gradle.launcher.daemon.server.api.DaemonCommandExecution.proceed()Z+23
j  org.gradle.launcher.daemon.server.exec.StartBuildOrRespondWithBusy$1.run()V+44
j  org.gradle.launcher.daemon.server.DaemonStateCoordinator$1.run()V+4
j  org.gradle.internal.concurrent.ExecutorPolicy$CatchAndRecordFailures.onExecute(Ljava/lang/Runnable;)V+1
j  org.gradle.internal.concurrent.AbstractManagedExecutor$1.run()V+25
j  java.util.concurrent.ThreadPoolExecutor.runWorker(Ljava/util/concurrent/ThreadPoolExecutor$Worker;)V+92 java.base@21.0.9
j  java.util.concurrent.ThreadPoolExecutor$Worker.run()V+5 java.base@21.0.9
j  java.lang.Thread.runWith(Ljava/lang/Object;Ljava/lang/Runnable;)V+5 java.base@21.0.9
j  java.lang.Thread.run()V+19 java.base@21.0.9
v  ~StubRoutines::call_stub 0x0000015f3c6d100d

siginfo: EXCEPTION_ACCESS_VIOLATION (0xc0000005), reading address 0x000000044100d4e4


Registers:
RAX=0x0000000000000000, RBX=0x0000000000000000, RCX=0x000000044100d4d8, RDX=0x0000000100d4dcf0
RSP=0x00000042492f2058, RBP=0x0000015f4d080a70, RSI=0x000000044100d4d8, RDI=0x0000000100d4dcf0
R8 =0x0000000000000000, R9 =0x00000000007b000f, R10=0x0000000000000000, R11=0x00000042492efab0
R12=0x000000044100d4d8, R13=0x0000000100d4dcf0, R14=0x0000015f4d080e48, R15=0x00000000000003d8
RIP=0x00007ffc10854a50, EFLAGS=0x0000000000010206

XMM[0]=0x00000042492f4068 0x0000000000000000
XMM[1]=0x0000000000000000 0x00000042492f3910
XMM[2]=0x00000000ffffffff 0x0000000000000000
XMM[3]=0x00007ffc104e4a25 0x0000000000000000
XMM[4]=0x0000000000000000 0x0000000000000003
XMM[5]=0x0000015f4efb84f0 0x00000000ffffff01
XMM[6]=0xdf26f0e32c078892 0x459176a550a84614
XMM[7]=0x7dc7ad4295da3a92 0x2747c027ecad55d2
XMM[8]=0x05b98c68a8efc57d 0x0b3c73a12feebe5d
XMM[9]=0xb74bf8d9b74bf8d9 0xb74bf8d965ad1cc2
XMM[10]=0x0000000000000000 0x00000000ae6123e9
XMM[11]=0xea03b19eea03b19e 0xea03b19e4fb0ce60
XMM[12]=0x0000000000000000 0x0000000065ad1cc2
XMM[13]=0x0000000000000000 0x0405060700010203
XMM[14]=0x0000000000000000 0x0000000087121f83
XMM[15]=0x0000000000000000 0x000000009db4ecf0
  MXCSR=0x00001fa0


Register to memory mapping:

RAX=0x0 is null
RBX=0x0 is null
RCX=0x000000044100d4d8 is an unknown value
RDX=0x0000000100d4dcf0 is a pointer to class: 
org.jetbrains.kotlin.load.java.lazy.descriptors.LazyJavaPackageFragment {0x0000000100d4dcf8}
 - instance size:     9
 - klass size:        140
 - access:            public final synchronized 
 - flags:             rewritten has_nonstatic_fields should_verify_class has_nonstatic_concrete_methods has_localvariable_table has_miranda_methods has_final_method 
 - state:             fully_initialized
 - name:              'org/jetbrains/kotlin/load/java/lazy/descriptors/LazyJavaPackageFragment'
 - super:             'org/jetbrains/kotlin/descriptors/impl/PackageFragmentDescriptorImpl'
 - sub:               
 - arrays:            null
 - methods:           Array<T>(0x0000015f57173618)
 - method ordering:   Array<T>(0x0000015f49000018)
 - local interfaces:  Array<T>(0x0000015f49000058)
 - trans. interfaces: Array<T>(0x0000015f566258f8)
 - secondary supers: Array<T>(0x0000015f57174550)
 - hash_slot:         4
 - bitmap:            0x0801200c00002009
 - constants:         constant pool [333] {0x0000015f57172a30} for 'org/jetbrains/kotlin/load/java/lazy/descriptors/LazyJavaPackageFragment' cache=0x0000015f57174598
 - class loader data:  loader data: 0x0000015f4d998ce0 for instance a 'org/gradle/internal/classloader/VisitableURLClassLoader'{0x00000000806fc548}
 - source file:       'LazyJavaPackageFragment.kt'
 - class annotations:       Array<T>(0x0000015f571743e8)
 - inner classes:     Array<T>(0x0000015f571744b0)
 - nest members:     Array<T>(0x0000015f49000028)
 - permitted subclasses:     Array<T>(0x0000015f49000028)
 - java mirror:       a 'java/lang/Class'{0x0000000085a00000} = 'org/jetbrains/kotlin/load/java/lazy/descriptors/LazyJavaPackageFragment'
 - vtable length      16  (start addr: 0x0000000100d4def0)
 - itable length      59 (start addr: 0x0000000100d4df70)
 - ---- static fields (1 words):
 - static final synthetic '$$delegatedProperties' '[Lkotlin/reflect/KProperty;' @112 
 - ---- non-static fields (14 words):
 - private final 'annotations' 'Lorg/jetbrains/kotlin/descriptors/annotations/Annotations;' @12 
 - private final 'name' 'Lorg/jetbrains/kotlin/name/Name;' @16 
 - private final 'containingDeclaration' 'Lorg/jetbrains/kotlin/descriptors/DeclarationDescriptor;' @20 
 - private final 'source' 'Lorg/jetbrains/kotlin/descriptors/SourceElement;' @24 
 - private final 'fqName' 'Lorg/jetbrains/kotlin/name/FqName;' @28 
 - private final 'debugString' 'Ljava/lang/String;' @32 
 - private final 'jPackage' 'Lorg/jetbrains/kotlin/load/java/structure/JavaPackage;' @36 
 - private final 'c' 'Lorg/jetbrains/kotlin/load/java/lazy/LazyJavaResolverContext;' @40 
 - private final 'jvmMetadataVersion' 'Lorg/jetbrains/kotlin/metadata/jvm/deserialization/JvmMetadataVersion;' @44 
 - private final 'binaryClasses$delegate' 'Lorg/jetbrains/kotlin/storage/NotNullLazyValue;' @48 
 - private final 'scope' 'Lorg/jetbrains/kotlin/load/java/lazy/descriptors/JvmPackageScope;' @52 
 - private final 'subPackages' 'Lorg/jetbrains/kotlin/storage/NotNullLazyValue;' @56 
 - private final 'annotations' 'Lorg/jetbrains/kotlin/descriptors/annotations/Annotations;' @60 
 - private final 'partToFacade$delegate' 'Lorg/jetbrains/kotlin/storage/NotNullLazyValue;' @64 
 - non-static oop maps: 12-64 
RSP=0x00000042492f2058 is pointing into the stack for thread: 0x0000015f4efb84f0
RBP=0x0000015f4d080a70 points into unknown readable memory: 0x0000000100000024 | 24 00 00 00 01 00 00 00
RSI=0x000000044100d4d8 is an unknown value
RDI=0x0000000100d4dcf0 is a pointer to class: 
org.jetbrains.kotlin.load.java.lazy.descriptors.LazyJavaPackageFragment {0x0000000100d4dcf8}
 - instance size:     9
 - klass size:        140
 - access:            public final synchronized 
 - flags:             rewritten has_nonstatic_fields should_verify_class has_nonstatic_concrete_methods has_localvariable_table has_miranda_methods has_final_method 
 - state:             fully_initialized
 - name:              'org/jetbrains/kotlin/load/java/lazy/descriptors/LazyJavaPackageFragment'
 - super:             'org/jetbrains/kotlin/descriptors/impl/PackageFragmentDescriptorImpl'
 - sub:               
 - arrays:            null
 - methods:           Array<T>(0x0000015f57173618)
 - method ordering:   Array<T>(0x0000015f49000018)
 - local interfaces:  Array<T>(0x0000015f49000058)
 - trans. interfaces: Array<T>(0x0000015f566258f8)
 - secondary supers: Array<T>(0x0000015f57174550)
 - hash_slot:         4
 - bitmap:            0x0801200c00002009
 - constants:         constant pool [333] {0x0000015f57172a30} for 'org/jetbrains/kotlin/load/java/lazy/descriptors/LazyJavaPackageFragment' cache=0x0000015f57174598
 - class loader data:  loader data: 0x0000015f4d998ce0 for instance a 'org/gradle/internal/classloader/VisitableURLClassLoader'{0x00000000806fc548}
 - source file:       'LazyJavaPackageFragment.kt'
 - class annotations:       Array<T>(0x0000015f571743e8)
 - inner classes:     Array<T>(0x0000015f571744b0)
 - nest members:     Array<T>(0x0000015f49000028)
 - permitted subclasses:     Array<T>(0x0000015f49000028)
 - java mirror:       a 'java/lang/Class'{0x0000000085a00000} = 'org/jetbrains/kotlin/load/java/lazy/descriptors/LazyJavaPackageFragment'
 - vtable length      16  (start addr: 0x0000000100d4def0)
 - itable length      59 (start addr: 0x0000000100d4df70)
 - ---- static fields (1 words):
 - static final synthetic '$$delegatedProperties' '[Lkotlin/reflect/KProperty;' @112 
 - ---- non-static fields (14 words):
 - private final 'annotations' 'Lorg/jetbrains/kotlin/descriptors/annotations/Annotations;' @12 
 - private final 'name' 'Lorg/jetbrains/kotlin/name/Name;' @16 
 - private final 'containingDeclaration' 'Lorg/jetbrains/kotlin/descriptors/DeclarationDescriptor;' @20 
 - private final 'source' 'Lorg/jetbrains/kotlin/descriptors/SourceElement;' @24 
 - private final 'fqName' 'Lorg/jetbrains/kotlin/name/FqName;' @28 
 - private final 'debugString' 'Ljava/lang/String;' @32 
 - private final 'jPackage' 'Lorg/jetbrains/kotlin/load/java/structure/JavaPackage;' @36 
 - private final 'c' 'Lorg/jetbrains/kotlin/load/java/lazy/LazyJavaResolverContext;' @40 
 - private final 'jvmMetadataVersion' 'Lorg/jetbrains/kotlin/metadata/jvm/deserialization/JvmMetadataVersion;' @44 
 - private final 'binaryClasses$delegate' 'Lorg/jetbrains/kotlin/storage/NotNullLazyValue;' @48 
 - private final 'scope' 'Lorg/jetbrains/kotlin/load/java/lazy/descriptors/JvmPackageScope;' @52 
 - private final 'subPackages' 'Lorg/jetbrains/kotlin/storage/NotNullLazyValue;' @56 
 - private final 'annotations' 'Lorg/jetbrains/kotlin/descriptors/annotations/Annotations;' @60 
 - private final 'partToFacade$delegate' 'Lorg/jetbrains/kotlin/storage/NotNullLazyValue;' @64 
 - non-static oop maps: 12-64 
R8 =0x0 is null
R9 =0x00000000007b000f is an unknown value
R10=0x0 is null
R11=0x00000042492efab0 is pointing into the stack for thread: 0x0000015f4efb84f0
R12=0x000000044100d4d8 is an unknown value
R13=0x0000000100d4dcf0 is a pointer to class: 
org.jetbrains.kotlin.load.java.lazy.descriptors.LazyJavaPackageFragment {0x0000000100d4dcf8}
 - instance size:     9
 - klass size:        140
 - access:            public final synchronized 
 - flags:             rewritten has_nonstatic_fields should_verify_class has_nonstatic_concrete_methods has_localvariable_table has_miranda_methods has_final_method 
 - state:             fully_initialized
 - name:              'org/jetbrains/kotlin/load/java/lazy/descriptors/LazyJavaPackageFragment'
 - super:             'org/jetbrains/kotlin/descriptors/impl/PackageFragmentDescriptorImpl'
 - sub:               
 - arrays:            null
 - methods:           Array<T>(0x0000015f57173618)
 - method ordering:   Array<T>(0x0000015f49000018)
 - local interfaces:  Array<T>(0x0000015f49000058)
 - trans. interfaces: Array<T>(0x0000015f566258f8)
 - secondary supers: Array<T>(0x0000015f57174550)
 - hash_slot:         4
 - bitmap:            0x0801200c00002009
 - constants:         constant pool [333] {0x0000015f57172a30} for 'org/jetbrains/kotlin/load/java/lazy/descriptors/LazyJavaPackageFragment' cache=0x0000015f57174598
 - class loader data:  loader data: 0x0000015f4d998ce0 for instance a 'org/gradle/internal/classloader/VisitableURLClassLoader'{0x00000000806fc548}
 - source file:       'LazyJavaPackageFragment.kt'
 - class annotations:       Array<T>(0x0000015f571743e8)
 - inner classes:     Array<T>(0x0000015f571744b0)
 - nest members:     Array<T>(0x0000015f49000028)
 - permitted subclasses:     Array<T>(0x0000015f49000028)
 - java mirror:       a 'java/lang/Class'{0x0000000085a00000} = 'org/jetbrains/kotlin/load/java/lazy/descriptors/LazyJavaPackageFragment'
 - vtable length      16  (start addr: 0x0000000100d4def0)
 - itable length      59 (start addr: 0x0000000100d4df70)
 - ---- static fields (1 words):
 - static final synthetic '$$delegatedProperties' '[Lkotlin/reflect/KProperty;' @112 
 - ---- non-static fields (14 words):
 - private final 'annotations' 'Lorg/jetbrains/kotlin/descriptors/annotations/Annotations;' @12 
 - private final 'name' 'Lorg/jetbrains/kotlin/name/Name;' @16 
 - private final 'containingDeclaration' 'Lorg/jetbrains/kotlin/descriptors/DeclarationDescriptor;' @20 
 - private final 'source' 'Lorg/jetbrains/kotlin/descriptors/SourceElement;' @24 
 - private final 'fqName' 'Lorg/jetbrains/kotlin/name/FqName;' @28 
 - private final 'debugString' 'Ljava/lang/String;' @32 
 - private final 'jPackage' 'Lorg/jetbrains/kotlin/load/java/structure/JavaPackage;' @36 
 - private final 'c' 'Lorg/jetbrains/kotlin/load/java/lazy/LazyJavaResolverContext;' @40 
 - private final 'jvmMetadataVersion' 'Lorg/jetbrains/kotlin/metadata/jvm/deserialization/JvmMetadataVersion;' @44 
 - private final 'binaryClasses$delegate' 'Lorg/jetbrains/kotlin/storage/NotNullLazyValue;' @48 
 - private final 'scope' 'Lorg/jetbrains/kotlin/load/java/lazy/descriptors/JvmPackageScope;' @52 
 - private final 'subPackages' 'Lorg/jetbrains/kotlin/storage/NotNullLazyValue;' @56 
 - private final 'annotations' 'Lorg/jetbrains/kotlin/descriptors/annotations/Annotations;' @60 
 - private final 'partToFacade$delegate' 'Lorg/jetbrains/kotlin/storage/NotNullLazyValue;' @64 
 - non-static oop maps: 12-64 
R14=0x0000015f4d080e48 points into unknown readable memory: 0x880007009f602a72 | 72 2a 60 9f 00 07 00 88
R15=0x00000000000003d8 is an unknown value

Top of Stack: (sp=0x00000042492f2058)
0x00000042492f2058:   00007ffc109deade 0000000000000000
0x00000042492f2068:   00000000ffffff01 0000015f4efb84f0
0x00000042492f2078:   0000000000000000 00010101ffffffff
0x00000042492f2088:   000000009b782849 0000d1cd8cc24bf0
0x00000042492f2098:   00007ffc10443e8e 00000000000003d8
0x00000042492f20a8:   0000015f4d080e48 0000000000000000
0x00000042492f20b8:   0000000100d4dcf0 000000044100d4d8
0x00000042492f20c8:   00007ffc109dea79 000000044100d4d8
0x00000042492f20d8:   000000000000014b 0000015f56b5deef
0x00000042492f20e8:   0000015f4d080a70 0000015f56a88600
0x00000042492f20f8:   00000042492efb00 0000015f56b5d408
0x00000042492f2108:   0000015f4efb84f0 0000015f56b5d408
0x00000042492f2118:   00030000fffffcff 00000042492f3910
0x00000042492f2128:   0000015f36ba7575 0000015f36ba6d90
0x00000042492f2138:   0000000000000000 0000000000000000
0x00000042492f2148:   00000042492f4068 00000042492f3910
0x00000042492f2158:   0000015f4efb84f0 00000042492f38f8
0x00000042492f2168:   00000042492f38fc 00000042492f38f0
0x00000042492f2178:   00000042492f38f4 00000042492f38e8
0x00000042492f2188:   00000042492f38ec 00000042492f38e0
0x00000042492f2198:   00000042492f38e4 0000015f4f09c5f8
0x00000042492f21a8:   00007ffc1087b473 00000042492f3900
0x00000042492f21b8:   00000042492f3900 00000042492f38c8
0x00000042492f21c8:   00000042492f38cc 00000042492f38c0
0x00000042492f21d8:   00000042492f38c4 00000042492f38b8
0x00000042492f21e8:   00000042492f38bc 00000042492f38b0
0x00000042492f21f8:   00000042492f38b4 00000042492f38a8
0x00000042492f2208:   00000042492f38ac 00000042492f38a0
0x00000042492f2218:   00000042492f38a4 00000042492f3898
0x00000042492f2228:   00000042492f389c 00000042492f3890
0x00000042492f2238:   00000042492f3894 00000042492f3888
0x00000042492f2248:   00000042492f388c 00000042492f3880 

Instructions: (pc=0x00007ffc10854a50)
0x00007ffc10854950:   20 48 8b 82 18 01 00 00 8b 88 b0 00 00 00 c1 e9
0x00007ffc10854960:   1a f6 c1 01 74 0b 48 8b 4a 18 e8 d1 fe ff ff eb
0x00007ffc10854970:   17 48 8b 4a 18 48 85 c9 75 09 48 8d 05 0f cb 37
0x00007ffc10854980:   00 eb 05 e8 b8 bb 21 00 48 8b 1d a9 e9 60 00 48
0x00007ffc10854990:   8d 15 6a af 3f 00 4c 8b c0 48 8d 4c 24 30 e8 dd
0x00007ffc108549a0:   77 c5 ff 4c 8b cb 48 8d 15 2b af 3f 00 49 8b cf
0x00007ffc108549b0:   4c 8b 00 4c 89 44 24 20 41 b8 dc 00 00 00 e8 3d
0x00007ffc108549c0:   29 d5 ff 48 83 3e 00 74 13 49 8b d4 48 8b cf e8
0x00007ffc108549d0:   3c c5 b0 ff 48 8b ce e8 14 c5 b0 ff 48 39 6f 18
0x00007ffc108549e0:   74 0c 48 89 77 10 48 89 6f 18 4c 89 77 20 48 8b
0x00007ffc108549f0:   8c 24 40 01 00 00 48 33 cc e8 a2 23 2e 00 4c 8d
0x00007ffc10854a00:   9c 24 50 01 00 00 49 8b 5b 30 49 8b 6b 40 49 8b
0x00007ffc10854a10:   e3 41 5f 41 5e 41 5c 5f 5e c3 cc cc cc cc cc cc
0x00007ffc10854a20:   8b 91 b0 00 00 00 8b c2 c1 e8 09 a8 01 74 08 48
0x00007ffc10854a30:   8d 05 52 d6 3a 00 c3 c1 ea 0a 48 8d 05 df af 3f
0x00007ffc10854a40:   00 f6 c2 01 75 07 48 8d 05 e3 af 3f 00 c3 cc cc
0x00007ffc10854a50:   8b 41 0c 48 8b d1 83 f8 04 7f 16 8b 81 b0 00 00
0x00007ffc10854a60:   00 c1 e8 1a a8 01 74 2c 48 8b 49 18 e9 cf fd ff
0x00007ffc10854a70:   ff 83 f8 06 75 1e 48 8b 81 18 01 00 00 8b 88 b0
0x00007ffc10854a80:   00 00 00 c1 e9 1a f6 c1 01 74 09 48 8b 4a 18 e9
0x00007ffc10854a90:   ac fd ff ff 48 8b 4a 18 48 85 c9 75 08 48 8d 05
0x00007ffc10854aa0:   ec c9 37 00 c3 e9 96 ba 21 00 cc cc cc cc cc cc
0x00007ffc10854ab0:   48 83 ec 28 ba ea 00 00 00 48 8d 0d 18 ae 3f 00
0x00007ffc10854ac0:   e8 9b bb cc ff cc cc cc cc cc cc cc cc cc cc cc
0x00007ffc10854ad0:   40 53 41 54 41 55 48 83 ec 70 48 63 19 44 0f b6
0x00007ffc10854ae0:   ea 4c 8b e1 85 db 75 0c 33 c0 48 83 c4 70 41 5d
0x00007ffc10854af0:   41 5c 5b c3 83 fb 01 75 1d 48 8b 41 08 0f b6 88
0x00007ffc10854b00:   a8 00 00 00 b8 01 00 00 00 48 d3 e0 48 83 c4 70
0x00007ffc10854b10:   41 5d 41 5c 5b c3 48 89 ac 24 98 00 00 00 83 fb
0x00007ffc10854b20:   40 7c 19 48 8b ac 24 98 00 00 00 48 c7 c0 ff ff
0x00007ffc10854b30:   ff ff 48 83 c4 70 41 5d 41 5c 5b c3 48 8b 05 8d
0x00007ffc10854b40:   fb 5d 00 48 89 74 24 68 33 f6 40 38 35 5f 8a 58 


Stack slot to memory mapping:

stack at sp + 0 slots: 0x00007ffc109deade jvm.dll
stack at sp + 1 slots: 0x0 is null
stack at sp + 2 slots: 
[error occurred during error reporting (inspecting top of stack), id 0xc0000005, EXCEPTION_ACCESS_VIOLATION (0xc0000005) at pc=0x00007ffc103db466]
stack at sp + 3 slots: 0x0000015f4efb84f0 is a thread
stack at sp + 4 slots: 0x0 is null
stack at sp + 5 slots: 0x00010101ffffffff is an unknown value
stack at sp + 6 slots: 
[error occurred during error reporting (inspecting top of stack, attempt 2), id 0xc0000005, EXCEPTION_ACCESS_VIOLATION (0xc0000005) at pc=0x00007ffc103db466]
stack at sp + 7 slots: 0x0000d1cd8cc24bf0 is an unknown value

--------------------------------------------------------------------------------
Decoding CodeBlob, name: throw_class_cast_exception Runtime1 stub, at  [0x0000015f3c7d6f00, 0x0000015f3c7d7048]  328 bytes
[MachCode]
  0x0000015f3c7d6f00: 5548 8bec | 4881 ec80 | 0000 0048 | 8944 2478 | 4889 4c24 | 7048 8954 | 2468 4889 | 5c24 6048 
  0x0000015f3c7d6f20: 896c 2450 | 4889 7424 | 4848 897c | 2440 4c89 | 4424 384c | 894c 2430 | 4c89 5424 | 284c 895c 
  0x0000015f3c7d6f40: 2420 4c89 | 6424 184c | 896c 2410 | 4c89 7424 | 084c 893c | 2448 81ec | 1004 0000 | c5fb 1144 
  0x0000015f3c7d6f60: 2428 c5fb | 114c 2430 | c5fb 1154 | 2438 c5fb | 115c 2440 | c5fb 1164 | 2448 c5fb | 116c 2450 
  0x0000015f3c7d6f80: c5fb 1174 | 2458 c5fb | 117c 2460 | c57b 1144 | 2468 c57b | 114c 2470 | c57b 1154 | 2478 c57b 
  0x0000015f3c7d6fa0: 119c 2480 | 0000 00c5 | 7b11 a424 | 8800 0000 | c57b 11ac | 2490 0000 | 00c5 7b11 | b424 9800 
  0x0000015f3c7d6fc0: 0000 c57b | 11bc 24a0 | 0000 0048 | 8b55 104c | 8b45 1849 | 8bcf c5f8 | 7749 89af | a803 0000 
  0x0000015f3c7d6fe0: 4989 a798 | 0300 0048 | b8b0 7f44 | 10fc 7f00 | 00ff d049 | c787 9803 | 0000 0000 | 0000 49c7 
  0x0000015f3c7d7000: 87a8 0300 | 0000 0000 | 0049 c787 | a003 0000 | 0000 0000 | c5f8 7749 | 837f 0800 | 0f84 0900 
  0x0000015f3c7d7020: 0000 498b | 4708 e9d5 | ceff ff48 | b9b0 61be | 10fc 7f00 | 0048 83e4 | f048 b870 | cf8c 10fc 
  0x0000015f3c7d7040: 7f00 00ff | d0f4 c9c3 
[/MachCode]
--------------------------------------------------------------------------------


Compiled method (c1) 45519 14846       3       org.jetbrains.kotlin.load.java.lazy.LazyJavaPackageFragmentProvider::getPackageFragment (51 bytes)
 total in heap  [0x0000015f36ba6d90,0x0000015f36ba78c8] = 2872
 relocation     [0x0000015f36ba6ef0,0x0000015f36ba6f98] = 168
 main code      [0x0000015f36ba6fa0,0x0000015f36ba75b8] = 1560
 stub code      [0x0000015f36ba75b8,0x0000015f36ba7610] = 88
 oops           [0x0000015f36ba7610,0x0000015f36ba7618] = 8
 metadata       [0x0000015f36ba7618,0x0000015f36ba7690] = 120
 scopes data    [0x0000015f36ba7690,0x0000015f36ba7768] = 216
 scopes pcs     [0x0000015f36ba7768,0x0000015f36ba7878] = 272
 dependencies   [0x0000015f36ba7878,0x0000015f36ba78a0] = 40
 nul chk table  [0x0000015f36ba78a0,0x0000015f36ba78c8] = 40

[Constant Pool (empty)]

[MachCode]
[Entry Point]
  # {method} {0x0000015f56b5df28} 'getPackageFragment' '(Lorg/jetbrains/kotlin/name/FqName;)Lorg/jetbrains/kotlin/load/java/lazy/descriptors/LazyJavaPackageFragment;' in 'org/jetbrains/kotlin/load/java/lazy/LazyJavaPackageFragmentProvider'
  # this:     rdx:rdx   = 'org/jetbrains/kotlin/load/java/lazy/LazyJavaPackageFragmentProvider'
  # parm0:    r8:r8     = 'org/jetbrains/kotlin/name/FqName'
  #           [sp+0xa0]  (sp of caller)
  0x0000015f36ba6fa0: 448b 5208 | 49c1 e203 

  0x0000015f36ba6fa8: ;   {runtime_call ic_miss_stub}
  0x0000015f36ba6fa8: 4c3b d00f | 85cf 77b7 | 0566 6666 | 0f1f 8400 | 0000 0000 | 6666 6690 
[Verified Entry Point]
  0x0000015f36ba6fc0: 8984 2400 | 80ff ff55 | 4881 ec90 | 0000 0090 | 4181 7f20 | 3700 0000 

  0x0000015f36ba6fd8: ;   {runtime_call StubRoutines (final stubs)}
  0x0000015f36ba6fd8: 7405 e821 

  0x0000015f36ba6fdc: ;   {metadata(method data for {method} {0x0000015f56b5df28} 'getPackageFragment' '(Lorg/jetbrains/kotlin/name/FqName;)Lorg/jetbrains/kotlin/load/java/lazy/descriptors/LazyJavaPackageFragment;' in 'org/jetbrains/kotlin/load/java/lazy/LazyJavaPackageFragmentProvider')}
  0x0000015f36ba6fdc: 47b6 0549 | b910 6ec0 | 575f 0100 | 0041 8bb1 | cc00 0000 | 83c6 0241 | 89b1 cc00 | 0000 81e6 
  0x0000015f36ba6ffc: fe07 0000 | 85f6 0f84 | 1704 0000 | 448b 4a0c 

  0x0000015f36ba700c: ; implicit exception: dispatches to 0x0000015f36ba7440
  0x0000015f36ba700c: 493b 0149 

  0x0000015f36ba7010: ;   {metadata(method data for {method} {0x0000015f56b5df28} 'getPackageFragment' '(Lorg/jetbrains/kotlin/name/FqName;)Lorg/jetbrains/kotlin/load/java/lazy/descriptors/LazyJavaPackageFragment;' in 'org/jetbrains/kotlin/load/java/lazy/LazyJavaPackageFragmentProvider')}
  0x0000015f36ba7010: 8bf1 48bf | 106e c057 | 5f01 0000 | 4883 8710 | 0100 0001 | 458b 490c 

  0x0000015f36ba7028: ; implicit exception: dispatches to 0x0000015f36ba7445
  0x0000015f36ba7028: 493b 0149 

  0x0000015f36ba702c: ;   {metadata(method data for {method} {0x0000015f56b5df28} 'getPackageFragment' '(Lorg/jetbrains/kotlin/name/FqName;)Lorg/jetbrains/kotlin/load/java/lazy/descriptors/LazyJavaPackageFragment;' in 'org/jetbrains/kotlin/load/java/lazy/LazyJavaPackageFragmentProvider')}
  0x0000015f36ba702c: 8bf1 48bf | 106e c057 | 5f01 0000 | 4883 8748 | 0100 0001 | 418b 7110 

  0x0000015f36ba7044: ;   {metadata(method data for {method} {0x0000015f56b5df28} 'getPackageFragment' '(Lorg/jetbrains/kotlin/name/FqName;)Lorg/jetbrains/kotlin/load/java/lazy/descriptors/LazyJavaPackageFragment;' in 'org/jetbrains/kotlin/load/java/lazy/LazyJavaPackageFragmentProvider')}
  0x0000015f36ba7044: 49b9 106e | c057 5f01 | 0000 4983 | 8180 0100 

  0x0000015f36ba7054: ;   {metadata(method data for {method} {0x0000015f56ab07a8} 'findPackage$default' '(Lorg/jetbrains/kotlin/load/java/JavaClassFinder;Lorg/jetbrains/kotlin/name/FqName;ZILjava/lang/Object;)Lorg/jetbrains/kotlin/load/java/structure/JavaPackage;' in 'org/jetbrains/kotlin/load/java/JavaClassFinder')}
  0x0000015f36ba7054: 0001 49b9 | f0ad 8457 | 5f01 0000 | 418b b9cc | 0000 0083 | c702 4189 | b9cc 0000 | 0081 e7fe 
  0x0000015f36ba7074: ff1f 0085 | ff0f 84cb 

  0x0000015f36ba707c: ;   {metadata(method data for {method} {0x0000015f56ab07a8} 'findPackage$default' '(Lorg/jetbrains/kotlin/load/java/JavaClassFinder;Lorg/jetbrains/kotlin/name/FqName;ZILjava/lang/Object;)Lorg/jetbrains/kotlin/load/java/structure/JavaPackage;' in 'org/jetbrains/kotlin/load/java/JavaClassFinder')}
  0x0000015f36ba707c: 0300 0049 | b9f0 ad84 | 575f 0100 | 0041 ff81 | 1001 0000 

  0x0000015f36ba7090: ;   {metadata(method data for {method} {0x0000015f56ab07a8} 'findPackage$default' '(Lorg/jetbrains/kotlin/load/java/JavaClassFinder;Lorg/jetbrains/kotlin/name/FqName;ZILjava/lang/Object;)Lorg/jetbrains/kotlin/load/java/structure/JavaPackage;' in 'org/jetbrains/kotlin/load/java/JavaClassFinder')}
  0x0000015f36ba7090: 49b9 f0ad | 8457 5f01 | 0000 41ff | 8150 0100 | 0048 8954 | 2470 4885 | f60f 841f 

  0x0000015f36ba70ac: ;   {metadata('org/jetbrains/kotlin/load/java/JavaClassFinderImpl')}
  0x0000015f36ba70ac: 0000 0048 | b868 bfc3 | 0001 0000 | 008b 7e08 | 48c1 e703 | 483b c70f | 85a2 0300 | 00e9 0000 
  0x0000015f36ba70cc: 0000 4c8b | ce48 3b06 

  0x0000015f36ba70d4: ;   {metadata(method data for {method} {0x0000015f56ab07a8} 'findPackage$default' '(Lorg/jetbrains/kotlin/load/java/JavaClassFinder;Lorg/jetbrains/kotlin/name/FqName;ZILjava/lang/Object;)Lorg/jetbrains/kotlin/load/java/structure/JavaPackage;' in 'org/jetbrains/kotlin/load/java/JavaClassFinder')}
  0x0000015f36ba70d4: 4c8b ce48 | bff0 ad84 | 575f 0100 | 0048 8387 | 7801 0000 | 0149 8bf8 | 4c8b c741 | b901 0000 
  0x0000015f36ba70f4: 0048 8bd6 | 4889 7c24 

  0x0000015f36ba70fc: ;   {optimized virtual_call}
  0x0000015f36ba70fc: 7866 90e8 

  0x0000015f36ba7100: ; ImmutableOopMap {[112]=Oop [120]=Oop }
                      ;*invokeinterface findPackage {reexecute=0 rethrow=0 return_oop=0}
                      ; - org.jetbrains.kotlin.load.java.JavaClassFinder::findPackage$default@26 (line 36)
                      ; - org.jetbrains.kotlin.load.java.lazy.LazyJavaPackageFragmentProvider::getPackageFragment@14 (line 37)
  0x0000015f36ba7100: 3c00 9fff 

  0x0000015f36ba7104: ;   {other}
  0x0000015f36ba7104: 0f1f 8400 | 7403 0000 | 4c8b c04d 

  0x0000015f36ba7110: ;   {metadata(method data for {method} {0x0000015f56b5df28} 'getPackageFragment' '(Lorg/jetbrains/kotlin/name/FqName;)Lorg/jetbrains/kotlin/load/java/lazy/descriptors/LazyJavaPackageFragment;' in 'org/jetbrains/kotlin/load/java/lazy/LazyJavaPackageFragmentProvider')}
  0x0000015f36ba7110: 85c0 48b8 | 106e c057 | 5f01 0000 | 48c7 c290 | 0100 0075 | 0748 c7c2 | a001 0000 | 488b 3410 
  0x0000015f36ba7130: 488d 7601 | 4889 3410 | 0f85 2000 

  0x0000015f36ba713c: ;   {oop(nullptr)}
  0x0000015f36ba713c: 0000 48b8 | 0000 0000 | 0000 0000 | 4881 c490 | 0000 005d 

  0x0000015f36ba7150: ;   {poll_return}
  0x0000015f36ba7150: 493b a748 | 0400 000f | 8718 0300 | 00c3 488b | 5c24 784c | 8b4c 2470 | 458b 5910 

  0x0000015f36ba716c: ;   {metadata('org/jetbrains/kotlin/load/java/lazy/LazyJavaPackageFragmentProvider$getPackageFragment$1')}
  0x0000015f36ba716c: 48ba 78da | d400 0100 | 0000 498b | 87b8 0100 | 0048 8d78 | 1849 3bbf | c801 0000 | 0f87 fd02 
  0x0000015f36ba718c: 0000 4989 | bfb8 0100 | 0048 c700 | 0100 0000 | 488b ca48 | c1e9 0389 | 4808 4833 | c989 480c 
  0x0000015f36ba71ac: 4833 c948 | 8948 1048 

  0x0000015f36ba71b4: ;   {metadata(method data for {method} {0x0000015f56b5df28} 'getPackageFragment' '(Lorg/jetbrains/kotlin/name/FqName;)Lorg/jetbrains/kotlin/load/java/lazy/descriptors/LazyJavaPackageFragment;' in 'org/jetbrains/kotlin/load/java/lazy/LazyJavaPackageFragmentProvider')}
  0x0000015f36ba71b4: 8bd0 48be | 106e c057 | 5f01 0000 | 4883 86b0 | 0100 0001 

  0x0000015f36ba71c8: ;   {metadata(method data for {method} {0x0000015f57172460} '<init>' '(Lorg/jetbrains/kotlin/load/java/lazy/LazyJavaPackageFragmentProvider;Lorg/jetbrains/kotlin/load/java/structure/JavaPackage;)V' in 'org/jetbrains/kotlin/load/java/lazy/LazyJavaPackageFragmentProvider$getPackageFragment$1')}
  0x0000015f36ba71c8: 48ba c070 | c057 5f01 | 0000 8bb2 | cc00 0000 | 83c6 0289 | b2cc 0000 | 0081 e6fe | ff1f 0085 
  0x0000015f36ba71e8: f60f 84a9 | 0200 0041 | 0fbe 5740 | 85d2 0f85 | bd02 0000 | 4d8b d144 | 8950 1048 | 8bd0 4933 
  0x0000015f36ba7208: d148 c1ea | 1448 83fa | 000f 85bd | 0200 0045 | 0fbe 4f40 | 4585 c90f | 85c7 0200 | 004d 8bd0 
  0x0000015f36ba7228: 4489 5014 | 4c8b c84d | 33c8 49c1 | e914 4983 | f900 0f85 | c802 0000 

  0x0000015f36ba7240: ;   {metadata(method data for {method} {0x0000015f57172460} '<init>' '(Lorg/jetbrains/kotlin/load/java/lazy/LazyJavaPackageFragmentProvider;Lorg/jetbrains/kotlin/load/java/structure/JavaPackage;)V' in 'org/jetbrains/kotlin/load/java/lazy/LazyJavaPackageFragmentProvider$getPackageFragment$1')}
  0x0000015f36ba7240: 4c8b c049 | b9c0 70c0 | 575f 0100 | 0049 8381 | 1001 0000 

  0x0000015f36ba7254: ;   {metadata(method data for {method} {0x0000015f4c4e6b58} '<init>' '(I)V' in 'kotlin/jvm/internal/Lambda')}
  0x0000015f36ba7254: 0149 b820 | 535a 4c5f | 0100 0045 | 8b88 cc00 | 0000 4183 | c102 4589 | 88cc 0000 | 0041 81e1 
  0x0000015f36ba7274: feff 1f00 | 4585 c90f | 849f 0200 | 004c 8bc0 

  0x0000015f36ba7284: ;   {metadata(method data for {method} {0x0000015f4c4e6b58} '<init>' '(I)V' in 'kotlin/jvm/internal/Lambda')}
  0x0000015f36ba7284: 49b9 2053 | 5a4c 5f01 | 0000 4983 | 8110 0100 

  0x0000015f36ba7294: ;   {metadata(method data for {method} {0x0000015f49000638} '<init>' '()V' in 'java/lang/Object')}
  0x0000015f36ba7294: 0001 49b8 | 2819 2949 | 5f01 0000 | 458b 88cc | 0000 0041 | 83c1 0245 | 8988 cc00 | 0000 4181 
  0x0000015f36ba72b4: e1fe ff1f | 0045 85c9 | 0f84 7f02 | 0000 4d85 | db0f 8421 

  0x0000015f36ba72c8: ;   {metadata('org/jetbrains/kotlin/storage/LockBasedStorageManager$CacheWithNotNullValuesBasedOnMemoizedFunction')}
  0x0000015f36ba72c8: 0000 0048 | bee8 c8bc | 0001 0000 | 0041 8b53 | 0848 c1e2 | 0348 3b72 | 480f 857b | 0200 00e9 
  0x0000015f36ba72e8: 0000 0000 | 4d8b c349 | 3b03 4d8b 

  0x0000015f36ba72f4: ;   {metadata(method data for {method} {0x0000015f56b5df28} 'getPackageFragment' '(Lorg/jetbrains/kotlin/name/FqName;)Lorg/jetbrains/kotlin/load/java/lazy/descriptors/LazyJavaPackageFragment;' in 'org/jetbrains/kotlin/load/java/lazy/LazyJavaPackageFragmentProvider')}
  0x0000015f36ba72f4: c349 b910 | 6ec0 575f 

  0x0000015f36ba72fc: ;   {metadata('org/jetbrains/kotlin/storage/LockBasedStorageManager$CacheWithNotNullValuesBasedOnMemoizedFunction')}
  0x0000015f36ba72fc: 0100 0049 | bae8 c8bc | 0001 0000 | 004d 8991 | 0802 0000 | 4983 8110 | 0200 0001 | 4c8b c34c 
  0x0000015f36ba731c: 8bc8 498b | d366 0f1f 

  0x0000015f36ba7324: ;   {optimized virtual_call}
  0x0000015f36ba7324: 4400 00e8 

  0x0000015f36ba7328: ; ImmutableOopMap {}
                      ;*invokeinterface computeIfAbsent {reexecute=0 rethrow=0 return_oop=0}
                      ; - org.jetbrains.kotlin.load.java.lazy.LazyJavaPackageFragmentProvider::getPackageFragment@42 (line 39)
  0x0000015f36ba7328: 3487 8bff 

  0x0000015f36ba732c: ;   {other}
  0x0000015f36ba732c: 0f1f 8400 | 9c05 0001 | 4885 c075 

  0x0000015f36ba7338: ;   {metadata(method data for {method} {0x0000015f56b5df28} 'getPackageFragment' '(Lorg/jetbrains/kotlin/name/FqName;)Lorg/jetbrains/kotlin/load/java/lazy/descriptors/LazyJavaPackageFragment;' in 'org/jetbrains/kotlin/load/java/lazy/LazyJavaPackageFragmentProvider')}
  0x0000015f36ba7338: 1648 bf10 | 6ec0 575f | 0100 0080 | 8f29 0200 | 0001 e9ba 

  0x0000015f36ba734c: ;   {metadata('org/jetbrains/kotlin/load/java/lazy/descriptors/LazyJavaPackageFragment')}
  0x0000015f36ba734c: 0000 0048 | bbf0 dcd4 | 0001 0000 | 008b 7008 | 48c1 e603 | 483b de0f | 8584 0000 

  0x0000015f36ba7368: ;   {metadata(method data for {method} {0x0000015f56b5df28} 'getPackageFragment' '(Lorg/jetbrains/kotlin/name/FqName;)Lorg/jetbrains/kotlin/load/java/lazy/descriptors/LazyJavaPackageFragment;' in 'org/jetbrains/kotlin/load/java/lazy/LazyJavaPackageFragmentProvider')}
  0x0000015f36ba7368: 0048 bf10 | 6ec0 575f | 0100 008b | 5808 48c1 | e303 483b | 9f40 0200 | 0075 0d48 | 8387 4802 
  0x0000015f36ba7388: 0000 01e9 | 7900 0000 | 483b 9f50 | 0200 0075 | 0d48 8387 | 5802 0000 | 01e9 6300 | 0000 4883 
  0x0000015f36ba73a8: bf40 0200 | 0000 7517 | 4889 9f40 | 0200 0048 | c787 4802 | 0000 0100 | 0000 e942 | 0000 0048 
  0x0000015f36ba73c8: 83bf 5002 | 0000 0075 | 1748 899f | 5002 0000 | 48c7 8758 | 0200 0001 | 0000 00e9 | 2100 0000 
  0x0000015f36ba73e8: e91c 0000 

  0x0000015f36ba73ec: ;   {metadata(method data for {method} {0x0000015f56b5df28} 'getPackageFragment' '(Lorg/jetbrains/kotlin/name/FqName;)Lorg/jetbrains/kotlin/load/java/lazy/descriptors/LazyJavaPackageFragment;' in 'org/jetbrains/kotlin/load/java/lazy/LazyJavaPackageFragmentProvider')}
  0x0000015f36ba73ec: 0048 bf10 | 6ec0 575f | 0100 0048 | 83af 3002 | 0000 01e9 | 6801 0000 | e900 0000 | 0048 81c4 
  0x0000015f36ba740c: 9000 0000 

  0x0000015f36ba7410: ;   {poll_return}
  0x0000015f36ba7410: 5d49 3ba7 | 4804 0000 | 0f87 5701 

  0x0000015f36ba741c: ;   {metadata({method} {0x0000015f56b5df28} 'getPackageFragment' '(Lorg/jetbrains/kotlin/name/FqName;)Lorg/jetbrains/kotlin/load/java/lazy/descriptors/LazyJavaPackageFragment;' in 'org/jetbrains/kotlin/load/java/lazy/LazyJavaPackageFragmentProvider')}
  0x0000015f36ba741c: 0000 c349 | ba20 dfb5 | 565f 0100 | 004c 8954 | 2408 48c7 | 0424 ffff 

  0x0000015f36ba7434: ;   {runtime_call counter_overflow Runtime1 stub}
  0x0000015f36ba7434: ffff e8c5 

  0x0000015f36ba7438: ; ImmutableOopMap {rdx=Oop r8=Oop }
                      ;*synchronization entry
                      ; - org.jetbrains.kotlin.load.java.lazy.LazyJavaPackageFragmentProvider::getPackageFragment@-1 (line 37)
  0x0000015f36ba7438: 27c3 05e9 | c8fb ffff 

  0x0000015f36ba7440: ;   {runtime_call throw_null_pointer_exception Runtime1 stub}
  0x0000015f36ba7440: e8bb d6c2 

  0x0000015f36ba7444: ; ImmutableOopMap {rdx=Oop r8=Oop r9=Oop }
                      ;*invokevirtual getComponents {reexecute=0 rethrow=0 return_oop=0}
                      ; - org.jetbrains.kotlin.load.java.lazy.LazyJavaPackageFragmentProvider::getPackageFragment@4 (line 37)
                      ;   {runtime_call throw_null_pointer_exception Runtime1 stub}
  0x0000015f36ba7444: 05e8 b6d6 

  0x0000015f36ba7448: ; ImmutableOopMap {rdx=Oop r8=Oop r9=Oop }
                      ;*invokevirtual getFinder {reexecute=0 rethrow=0 return_oop=0}
                      ; - org.jetbrains.kotlin.load.java.lazy.LazyJavaPackageFragmentProvider::getPackageFragment@7 (line 37)
                      ;   {metadata({method} {0x0000015f56ab07a8} 'findPackage$default' '(Lorg/jetbrains/kotlin/load/java/JavaClassFinder;Lorg/jetbrains/kotlin/name/FqName;ZILjava/lang/Object;)Lorg/jetbrains/kotlin/load/java/structure/JavaPackage;' in 'org/jetbrains/kotlin/load/java/JavaClassFinder')}
  0x0000015f36ba7448: c205 49ba | a007 ab56 | 5f01 0000 | 4c89 5424 | 0848 c704 | 24ff ffff 

  0x0000015f36ba7460: ;   {runtime_call counter_overflow Runtime1 stub}
  0x0000015f36ba7460: ffe8 9a27 

  0x0000015f36ba7464: ; ImmutableOopMap {rdx=Oop r8=Oop rsi=Oop }
                      ;*synchronization entry
                      ; - org.jetbrains.kotlin.load.java.JavaClassFinder::findPackage$default@-1 (line 36)
                      ; - org.jetbrains.kotlin.load.java.lazy.LazyJavaPackageFragmentProvider::getPackageFragment@14 (line 37)
  0x0000015f36ba7464: c305 e914 

  0x0000015f36ba7468: ;   {runtime_call throw_incompatible_class_change_error Runtime1 stub}
  0x0000015f36ba7468: fcff ffe8 

  0x0000015f36ba746c: ; ImmutableOopMap {r8=Oop rsi=Oop [112]=Oop }
                      ;*invokeinterface findPackage {reexecute=0 rethrow=0 return_oop=0}
                      ; - org.jetbrains.kotlin.load.java.JavaClassFinder::findPackage$default@26 (line 36)
                      ; - org.jetbrains.kotlin.load.java.lazy.LazyJavaPackageFragmentProvider::getPackageFragment@14 (line 37)
  0x0000015f36ba746c: 90fd c205 

  0x0000015f36ba7470: ;   {runtime_call throw_null_pointer_exception Runtime1 stub}
  0x0000015f36ba7470: e88b d6c2 

  0x0000015f36ba7474: ; ImmutableOopMap {r8=Oop rsi=Oop [112]=Oop }
                      ;*invokeinterface findPackage {reexecute=0 rethrow=0 return_oop=0}
                      ; - org.jetbrains.kotlin.load.java.JavaClassFinder::findPackage$default@26 (line 36)
                      ; - org.jetbrains.kotlin.load.java.lazy.LazyJavaPackageFragmentProvider::getPackageFragment@14 (line 37)
                      ;   {internal_word}
  0x0000015f36ba7474: 0549 ba50 | 71ba 365f | 0100 004d | 8997 6004 

  0x0000015f36ba7484: ;   {runtime_call SafepointBlob}
  0x0000015f36ba7484: 0000 e975 | dfb7 0548 

  0x0000015f36ba748c: ;   {runtime_call fast_new_instance Runtime1 stub}
  0x0000015f36ba748c: 8bd2 e86d 

  0x0000015f36ba7490: ; ImmutableOopMap {r9=Oop rbx=Oop r8=Oop r11=Oop }
                      ;*new {reexecute=0 rethrow=0 return_oop=0}
                      ; - org.jetbrains.kotlin.load.java.lazy.LazyJavaPackageFragmentProvider::getPackageFragment@30 (line 39)
  0x0000015f36ba7490: dfc2 05e9 | 1bfd ffff 

  0x0000015f36ba7498: ;   {metadata({method} {0x0000015f57172460} '<init>' '(Lorg/jetbrains/kotlin/load/java/lazy/LazyJavaPackageFragmentProvider;Lorg/jetbrains/kotlin/load/java/structure/JavaPackage;)V' in 'org/jetbrains/kotlin/load/java/lazy/LazyJavaPackageFragmentProvider$getPackageFragment$1')}
  0x0000015f36ba7498: 49ba 5824 | 1757 5f01 | 0000 4c89 | 5424 0848 | c704 24ff 

  0x0000015f36ba74ac: ;   {runtime_call counter_overflow Runtime1 stub}
  0x0000015f36ba74ac: ffff ffe8 

  0x0000015f36ba74b0: ; ImmutableOopMap {r9=Oop rbx=Oop r8=Oop r11=Oop rax=Oop }
                      ;*synchronization entry
                      ; - org.jetbrains.kotlin.load.java.lazy.LazyJavaPackageFragmentProvider$getPackageFragment$1::<init>@-1
                      ; - org.jetbrains.kotlin.load.java.lazy.LazyJavaPackageFragmentProvider::getPackageFragment@36 (line 39)
  0x0000015f36ba74b0: 4c27 c305 | e936 fdff | ff8b 5010 | 4883 fa00 | 0f84 36fd | ffff 4889 

  0x0000015f36ba74c8: ;   {runtime_call g1_pre_barrier_slow}
  0x0000015f36ba74c8: 1424 e831 | 2dc3 05e9 | 28fd ffff | 4983 f900 | 0f84 39fd | ffff 4889 

  0x0000015f36ba74e0: ;   {runtime_call g1_post_barrier_slow}
  0x0000015f36ba74e0: 0424 e819 | 30c3 05e9 | 2bfd ffff | 448b 4814 | 4983 f900 | 0f84 2bfd | ffff 4c89 

  0x0000015f36ba74fc: ;   {runtime_call g1_pre_barrier_slow}
  0x0000015f36ba74fc: 0c24 e8fd | 2cc3 05e9 | 1dfd ffff | 4983 f800 | 0f84 2efd | ffff 4889 

  0x0000015f36ba7514: ;   {runtime_call g1_post_barrier_slow}
  0x0000015f36ba7514: 0424 e8e5 | 2fc3 05e9 | 20fd ffff 

  0x0000015f36ba7520: ;   {metadata({method} {0x0000015f4c4e6b58} '<init>' '(I)V' in 'kotlin/jvm/internal/Lambda')}
  0x0000015f36ba7520: 49ba 506b | 4e4c 5f01 | 0000 4c89 | 5424 0848 | c704 24ff 

  0x0000015f36ba7534: ;   {runtime_call counter_overflow Runtime1 stub}
  0x0000015f36ba7534: ffff ffe8 

  0x0000015f36ba7538: ; ImmutableOopMap {rbx=Oop r11=Oop rax=Oop }
                      ;*synchronization entry
                      ; - kotlin.jvm.internal.Lambda::<init>@-1 (line 10)
                      ; - org.jetbrains.kotlin.load.java.lazy.LazyJavaPackageFragmentProvider$getPackageFragment$1::<init>@12
                      ; - org.jetbrains.kotlin.load.java.lazy.LazyJavaPackageFragmentProvider::getPackageFragment@36 (line 39)
  0x0000015f36ba7538: c426 c305 | e940 fdff 

  0x0000015f36ba7540: ;   {metadata({method} {0x0000015f49000638} '<init>' '()V' in 'java/lang/Object')}
  0x0000015f36ba7540: ff49 ba30 | 0600 495f | 0100 004c | 8954 2408 | 48c7 0424 | ffff ffff 

  0x0000015f36ba7558: ;   {runtime_call counter_overflow Runtime1 stub}
  0x0000015f36ba7558: e8a3 26c3 

  0x0000015f36ba755c: ; ImmutableOopMap {rbx=Oop r11=Oop rax=Oop }
                      ;*synchronization entry
                      ; - java.lang.Object::<init>@-1
                      ; - kotlin.jvm.internal.Lambda::<init>@1 (line 10)
                      ; - org.jetbrains.kotlin.load.java.lazy.LazyJavaPackageFragmentProvider$getPackageFragment$1::<init>@12
                      ; - org.jetbrains.kotlin.load.java.lazy.LazyJavaPackageFragmentProvider::getPackageFragment@36 (line 39)
  0x0000015f36ba755c: 05e9 60fd 

  0x0000015f36ba7560: ;   {runtime_call throw_incompatible_class_change_error Runtime1 stub}
  0x0000015f36ba7560: ffff e899 

  0x0000015f36ba7564: ; ImmutableOopMap {rbx=Oop r11=Oop rax=Oop }
                      ;*invokeinterface computeIfAbsent {reexecute=0 rethrow=0 return_oop=0}
                      ; - org.jetbrains.kotlin.load.java.lazy.LazyJavaPackageFragmentProvider::getPackageFragment@42 (line 39)
                      ;   {runtime_call throw_null_pointer_exception Runtime1 stub}
  0x0000015f36ba7564: fcc2 05e8 

  0x0000015f36ba7568: ; ImmutableOopMap {rbx=Oop r11=Oop rax=Oop }
                      ;*invokeinterface computeIfAbsent {reexecute=0 rethrow=0 return_oop=0}
                      ; - org.jetbrains.kotlin.load.java.lazy.LazyJavaPackageFragmentProvider::getPackageFragment@42 (line 39)
  0x0000015f36ba7568: 94d5 c205 | 4889 0424 

  0x0000015f36ba7570: ;   {runtime_call throw_class_cast_exception Runtime1 stub}
  0x0000015f36ba7570: e88b f9c2 

  0x0000015f36ba7574: ; ImmutableOopMap {}
                      ;*checkcast {reexecute=0 rethrow=0 return_oop=0}
                      ; - org.jetbrains.kotlin.load.java.lazy.LazyJavaPackageFragmentProvider::getPackageFragment@47 (line 39)
                      ;   {internal_word}
  0x0000015f36ba7574: 0549 ba11 | 74ba 365f | 0100 004d | 8997 6004 

  0x0000015f36ba7584: ;   {runtime_call SafepointBlob}
  0x0000015f36ba7584: 0000 e975 | deb7 0549 | 8b87 f804 | 0000 49c7 | 87f8 0400 | 0000 0000 | 0049 c787 | 0005 0000 
  0x0000015f36ba75a4: 0000 0000 | 4881 c490 | 0000 005d 

  0x0000015f36ba75b0: ;   {runtime_call unwind_exception Runtime1 stub}
  0x0000015f36ba75b0: e94b c6c2 | 05f4 f4f4 
[Stub Code]
  0x0000015f36ba75b8: ;   {no_reloc}
  0x0000015f36ba75b8: 0f1f 4400 

  0x0000015f36ba75bc: ;   {static_stub}
  0x0000015f36ba75bc: 0048 bb00 | 0000 0000 

  0x0000015f36ba75c4: ;   {runtime_call nmethod}
  0x0000015f36ba75c4: 0000 00e9 | fbff ffff 

  0x0000015f36ba75cc: ;   {static_stub}
  0x0000015f36ba75cc: 9048 bb00 | 0000 0000 

  0x0000015f36ba75d4: ;   {runtime_call nmethod}
  0x0000015f36ba75d4: 0000 00e9 | fbff ffff 
[Exception Handler]
  0x0000015f36ba75dc: ;   {runtime_call handle_exception_from_callee Runtime1 stub}
  0x0000015f36ba75dc: e81f f3c2 

  0x0000015f36ba75e0: ;   {external_word}
  0x0000015f36ba75e0: 0548 b9b0 | 61be 10fc | 7f00 0048 

  0x0000015f36ba75ec: ;   {runtime_call}
  0x0000015f36ba75ec: 83e4 f048 | b870 cf8c | 10fc 7f00 | 00ff d0f4 
[Deopt Handler Code]
  0x0000015f36ba75fc: ;   {section_word}
  0x0000015f36ba75fc: 49ba fc75 | ba36 5f01 | 0000 4152 

  0x0000015f36ba7608: ;   {runtime_call DeoptimizationBlob}
  0x0000015f36ba7608: e993 d0b7 | 05f4 f4f4 
[/MachCode]


Compiled method (c1) 45536 15950       3       org.jetbrains.kotlin.resolve.jvm.JavaDescriptorResolver::resolveClass (170 bytes)
 total in heap  [0x0000015f36ffe990,0x0000015f37002930] = 16288
 relocation     [0x0000015f36ffeaf0,0x0000015f36ffef80] = 1168
 main code      [0x0000015f36ffef80,0x0000015f37001a00] = 10880
 stub code      [0x0000015f37001a00,0x0000015f37001b60] = 352
 oops           [0x0000015f37001b60,0x0000015f37001b90] = 48
 metadata       [0x0000015f37001b90,0x0000015f37001c40] = 176
 scopes data    [0x0000015f37001c40,0x0000015f37002178] = 1336
 scopes pcs     [0x0000015f37002178,0x0000015f37002858] = 1760
 dependencies   [0x0000015f37002858,0x0000015f37002888] = 48
 nul chk table  [0x0000015f37002888,0x0000015f37002930] = 168

[Constant Pool (empty)]

[MachCode]
[Entry Point]
  # {method} {0x0000015f56aa65b8} 'resolveClass' '(Lorg/jetbrains/kotlin/load/java/structure/JavaClass;)Lorg/jetbrains/kotlin/descriptors/ClassDescriptor;' in 'org/jetbrains/kotlin/resolve/jvm/JavaDescriptorResolver'
  # this:     rdx:rdx   = 'org/jetbrains/kotlin/resolve/jvm/JavaDescriptorResolver'
  # parm0:    r8:r8     = 'org/jetbrains/kotlin/load/java/structure/JavaClass'
  #           [sp+0x170]  (sp of caller)
  0x0000015f36ffef80: 448b 5208 | 49c1 e203 

  0x0000015f36ffef88: ;   {runtime_call ic_miss_stub}
  0x0000015f36ffef88: 4c3b d00f | 85ef f771 | 0566 6666 | 0f1f 8400 | 0000 0000 | 6666 6690 
[Verified Entry Point]
  0x0000015f36ffefa0: 8984 2400 | 80ff ff55 | 4881 ec60 | 0100 0090 | 4181 7f20 | 3700 0000 

  0x0000015f36ffefb8: ;   {runtime_call StubRoutines (final stubs)}
  0x0000015f36ffefb8: 7405 e841 | c770 0548 | 8994 24f0 | 0000 004c | 8984 24e8 

  0x0000015f36ffefcc: ;   {metadata(method data for {method} {0x0000015f56aa65b8} 'resolveClass' '(Lorg/jetbrains/kotlin/load/java/structure/JavaClass;)Lorg/jetbrains/kotlin/descriptors/ClassDescriptor;' in 'org/jetbrains/kotlin/resolve/jvm/JavaDescriptorResolver')}
  0x0000015f36ffefcc: 0000 0048 | bef0 1bd3 | 575f 0100 | 008b becc | 0000 0083 | c702 89be | cc00 0000 | 81e7 fe07 
  0x0000015f36ffefec: 0000 85ff | 0f84 7423 

  0x0000015f36ffeff4: ;   {metadata(method data for {method} {0x0000015f56aa65b8} 'resolveClass' '(Lorg/jetbrains/kotlin/load/java/structure/JavaClass;)Lorg/jetbrains/kotlin/descriptors/ClassDescriptor;' in 'org/jetbrains/kotlin/resolve/jvm/JavaDescriptorResolver')}
  0x0000015f36ffeff4: 0000 48be | f01b d357 | 5f01 0000 | 4883 8610 | 0100 0001 

  0x0000015f36fff008: ;   {metadata(method data for {method} {0x0000015f49b3eee0} 'checkNotNullParameter' '(Ljava/lang/Object;Ljava/lang/String;)V' in 'kotlin/jvm/internal/Intrinsics')}
  0x0000015f36fff008: 48be 18ee | 514c 5f01 | 0000 8bbe | cc00 0000 | 83c7 0289 | becc 0000 | 0081 e7fe | ff1f 0085 
  0x0000015f36fff028: ff0f 845c | 2300 004d 

  0x0000015f36fff030: ;   {metadata(method data for {method} {0x0000015f49b3eee0} 'checkNotNullParameter' '(Ljava/lang/Object;Ljava/lang/String;)V' in 'kotlin/jvm/internal/Intrinsics')}
  0x0000015f36fff030: 85c0 48be | 18ee 514c | 5f01 0000 | 48c7 c710 | 0100 0075 | 0748 c7c7 | 2001 0000 | 488b 043e 
  0x0000015f36fff050: 488d 4001 | 4889 043e | 0f85 fe01 

  0x0000015f36fff05c: ;   {metadata(method data for {method} {0x0000015f49b3eee0} 'checkNotNullParameter' '(Ljava/lang/Object;Ljava/lang/String;)V' in 'kotlin/jvm/internal/Intrinsics')}
  0x0000015f36fff05c: 0000 48be | 18ee 514c | 5f01 0000 | 4883 8630 | 0100 0001 

  0x0000015f36fff070: ;   {metadata(method data for {method} {0x0000015f49b3f090} 'throwParameterIsNullNPE' '(Ljava/lang/String;)V' in 'kotlin/jvm/internal/Intrinsics')}
  0x0000015f36fff070: 48be a0ef | 514c 5f01 | 0000 8bbe | cc00 0000 | 83c7 0289 | becc 0000 | 0081 e7fe | ff1f 0085 
  0x0000015f36fff090: ff0f 8415 | 2300 0090 

  0x0000015f36fff098: ;   {no_reloc}
  0x0000015f36fff098: e93f 2300 | 0000 0000 | 0000 498b | 87b8 0100 | 0048 8d78 | 3049 3bbf | c801 0000 | 0f87 2c23 
  0x0000015f36fff0b8: 0000 4989 | bfb8 0100 | 0048 c700 | 0100 0000 | 488b ca48 | c1e9 0389 | 4808 4833 | c989 480c 
  0x0000015f36fff0d8: 4833 c948 | 8948 1048 | 8948 1848 | 8948 2048 

  0x0000015f36fff0e8: ;   {metadata(method data for {method} {0x0000015f49b3f090} 'throwParameterIsNullNPE' '(Ljava/lang/String;)V' in 'kotlin/jvm/internal/Intrinsics')}
  0x0000015f36fff0e8: 8948 2848 | baa0 ef51 | 4c5f 0100 | 0048 8382 | 1001 0000 

  0x0000015f36fff0fc: ;   {oop("javaClass"{0x0000000085999ef0})}
  0x0000015f36fff0fc: 0148 baf0 | 9e99 8500 | 0000 0048 | 8984 24e0 

  0x0000015f36fff10c: ;   {static_call}
  0x0000015f36fff10c: 0000 00e8 

  0x0000015f36fff110: ; ImmutableOopMap {[224]=Oop [232]=Oop [240]=Oop }
                      ;*invokestatic createParameterIsNullExceptionMessage {reexecute=0 rethrow=0 return_oop=0}
                      ; - kotlin.jvm.internal.Intrinsics::throwParameterIsNullNPE@5 (line 140)
                      ; - kotlin.jvm.internal.Intrinsics::checkNotNullParameter@5 (line 131)
                      ; - org.jetbrains.kotlin.resolve.jvm.JavaDescriptorResolver::resolveClass@3
  0x0000015f36fff110: 6cff 7105 

  0x0000015f36fff114: ;   {other}
  0x0000015f36fff114: 0f1f 8400 | 8407 0000 | 4c8b 8424 | e000 0000 

  0x0000015f36fff124: ;   {metadata(method data for {method} {0x0000015f49b3f090} 'throwParameterIsNullNPE' '(Ljava/lang/String;)V' in 'kotlin/jvm/internal/Intrinsics')}
  0x0000015f36fff124: 48ba a0ef | 514c 5f01 | 0000 4883 | 8220 0100 | 0001 4c8b | c048 8b94 | 24e0 0000 | 0066 0f1f 
  0x0000015f36fff144: ;   {optimized virtual_call}
  0x0000015f36fff144: 4400 00e8 

  0x0000015f36fff148: ; ImmutableOopMap {[224]=Oop [232]=Oop [240]=Oop }
                      ;*invokespecial <init> {reexecute=0 rethrow=0 return_oop=0}
                      ; - kotlin.jvm.internal.Intrinsics::throwParameterIsNullNPE@8 (line 140)
                      ; - kotlin.jvm.internal.Intrinsics::checkNotNullParameter@5 (line 131)
                      ; - org.jetbrains.kotlin.resolve.jvm.JavaDescriptorResolver::resolveClass@3
  0x0000015f36fff148: 34f9 7105 

  0x0000015f36fff14c: ;   {other}
  0x0000015f36fff14c: 0f1f 8400 | bc07 0001 

  0x0000015f36fff154: ;   {metadata(method data for {method} {0x0000015f49b3f090} 'throwParameterIsNullNPE' '(Ljava/lang/String;)V' in 'kotlin/jvm/internal/Intrinsics')}
  0x0000015f36fff154: 48ba a0ef | 514c 5f01 | 0000 4883 | 8230 0100 

  0x0000015f36fff164: ;   {metadata(method data for {method} {0x0000015f49b402e0} 'sanitizeStackTrace' '(Ljava/lang/Throwable;)Ljava/lang/Throwable;' in 'kotlin/jvm/internal/Intrinsics')}
  0x0000015f36fff164: 0001 48ba | 80f6 514c | 5f01 0000 | 8bb2 cc00 | 0000 83c6 | 0289 b2cc | 0000 0081 | e6fe ff1f 
  0x0000015f36fff184: 0085 f60f | 8466 2200 

  0x0000015f36fff18c: ;   {oop(a 'java/lang/Class'{0x0000000080fac980} = 'kotlin/jvm/internal/Intrinsics')}
  0x0000015f36fff18c: 0048 ba80 | c9fa 8000 | 0000 0048 

  0x0000015f36fff198: ;   {metadata(method data for {method} {0x0000015f49b402e0} 'sanitizeStackTrace' '(Ljava/lang/Throwable;)Ljava/lang/Throwable;' in 'kotlin/jvm/internal/Intrinsics')}
  0x0000015f36fff198: 8bf2 48bf | 80f6 514c | 5f01 0000 | 4883 8710 | 0100 0001 

  0x0000015f36fff1ac: ;   {metadata(method data for {method} {0x0000015f49017a68} 'getName' '()Ljava/lang/String;' in 'java/lang/Class')}
  0x0000015f36fff1ac: 48be f0c2 | 6349 5f01 | 0000 8bbe | cc00 0000 | 83c7 0289 | becc 0000 | 0081 e7fe | ff1f 0085 
  0x0000015f36fff1cc: ff0f 8441 | 2200 008b | 522c 4885 

  0x0000015f36fff1d8: ;   {metadata(method data for {method} {0x0000015f49017a68} 'getName' '()Ljava/lang/String;' in 'java/lang/Class')}
  0x0000015f36fff1d8: d248 bef0 | c263 495f | 0100 0048 | c7c7 1001 | 0000 7407 | 48c7 c720 | 0100 0048 | 8b1c 3e48 
  0x0000015f36fff1f8: 8d5b 0148 | 891c 3e0f | 8418 0000 

  0x0000015f36fff204: ;   {metadata(method data for {method} {0x0000015f49017a68} 'getName' '()Ljava/lang/String;' in 'java/lang/Class')}
  0x0000015f36fff204: 0048 bef0 | c263 495f | 0100 00ff | 8630 0100 | 0048 8bf2 | e932 0000 

  0x0000015f36fff21c: ;   {oop(a 'java/lang/Class'{0x0000000080fac980} = 'kotlin/jvm/internal/Intrinsics')}
  0x0000015f36fff21c: 0048 ba80 | c9fa 8000 | 0000 0048 

  0x0000015f36fff228: ;   {metadata(method data for {method} {0x0000015f49017a68} 'getName' '()Ljava/lang/String;' in 'java/lang/Class')}
  0x0000015f36fff228: 8bf2 48bf | f0c2 6349 | 5f01 0000 | 4883 8748 | 0100 0001 

  0x0000015f36fff23c: ;   {optimized virtual_call}
  0x0000015f36fff23c: 6666 90e8 

  0x0000015f36fff240: ; ImmutableOopMap {[224]=Oop [232]=Oop [240]=Oop }
                      ;*invokevirtual initClassName {reexecute=0 rethrow=0 return_oop=0}
                      ; - java.lang.Class::getName@14
                      ; - kotlin.jvm.internal.Intrinsics::sanitizeStackTrace@3 (line 253)
                      ; - kotlin.jvm.internal.Intrinsics::throwParameterIsNullNPE@11 (line 140)
                      ; - kotlin.jvm.internal.Intrinsics::checkNotNullParameter@5 (line 131)
                      ; - org.jetbrains.kotlin.resolve.jvm.JavaDescriptorResolver::resolveClass@3
  0x0000015f36fff240: 3cf8 7105 

  0x0000015f36fff244: ;   {other}
  0x0000015f36fff244: 0f1f 8400 | b408 0002 | 488b f048 | 8b84 24e0 | 0000 00e9 | f61f 0000 

  0x0000015f36fff25c: ; implicit exception: dispatches to 0x0000015f3700143a
  0x0000015f36fff25c: 493b 0049 

  0x0000015f36fff260: ;   {metadata(method data for {method} {0x0000015f56aa65b8} 'resolveClass' '(Lorg/jetbrains/kotlin/load/java/structure/JavaClass;)Lorg/jetbrains/kotlin/descriptors/ClassDescriptor;' in 'org/jetbrains/kotlin/resolve/jvm/JavaDescriptorResolver')}
  0x0000015f36fff260: 8bd0 48be | f01b d357 | 5f01 0000 | 8b52 0848 | c1e2 0348 | 3b96 3001 | 0000 750d | 4883 8638 
  0x0000015f36fff280: 0100 0001 | e960 0000 | 0048 3b96 | 4001 0000 | 750d 4883 | 8648 0100 | 0001 e94a | 0000 0048 
  0x0000015f36fff2a0: 83be 3001 | 0000 0075 | 1748 8996 | 3001 0000 | 48c7 8638 | 0100 0001 | 0000 00e9 | 2900 0000 
  0x0000015f36fff2c0: 4883 be40 | 0100 0000 | 7517 4889 | 9640 0100 | 0048 c786 | 4801 0000 | 0100 0000 | e908 0000 
  0x0000015f36fff2e0: 0048 8386 | 2001 0000 | 0149 8bd0 | 9048 b848 | 56d6 0001 

  0x0000015f36fff2f4: ;   {virtual_call}
  0x0000015f36fff2f4: 0000 00e8 

  0x0000015f36fff2f8: ; ImmutableOopMap {[232]=Oop [240]=Oop }
                      ;*invokeinterface getFqName {reexecute=0 rethrow=0 return_oop=0}
                      ; - org.jetbrains.kotlin.resolve.jvm.JavaDescriptorResolver::resolveClass@7 (line 31)
  0x0000015f36fff2f8: a4f2 5306 

  0x0000015f36fff2fc: ;   {other}
  0x0000015f36fff2fc: 0f1f 8400 | 6c09 0003 

  0x0000015f36fff304: ;   {metadata(method data for {method} {0x0000015f56aa65b8} 'resolveClass' '(Lorg/jetbrains/kotlin/load/java/structure/JavaClass;)Lorg/jetbrains/kotlin/descriptors/ClassDescriptor;' in 'org/jetbrains/kotlin/resolve/jvm/JavaDescriptorResolver')}
  0x0000015f36fff304: 4885 c048 | baf0 1bd3 | 575f 0100 | 0048 c7c6 | 5801 0000 | 7407 48c7 | c668 0100 | 0048 8b3c 
  0x0000015f36fff324: 3248 8d7f | 0148 893c | 3248 8984 | 24f8 0000 | 000f 84ea | 0000 004c | 8b84 24e8 

  0x0000015f36fff340: ;   {metadata(method data for {method} {0x0000015f56aa65b8} 'resolveClass' '(Lorg/jetbrains/kotlin/load/java/structure/JavaClass;)Lorg/jetbrains/kotlin/descriptors/ClassDescriptor;' in 'org/jetbrains/kotlin/resolve/jvm/JavaDescriptorResolver')}
  0x0000015f36fff340: 0000 0048 | baf0 1bd3 | 575f 0100 | 0045 8b40 | 0849 c1e0 | 034c 3b82 | 8801 0000 | 750d 4883 
  0x0000015f36fff360: 8290 0100 | 0001 e960 | 0000 004c | 3b82 9801 | 0000 750d | 4883 82a0 | 0100 0001 | e94a 0000 
  0x0000015f36fff380: 0048 83ba | 8801 0000 | 0075 174c | 8982 8801 | 0000 48c7 | 8290 0100 | 0001 0000 | 00e9 2900 
  0x0000015f36fff3a0: 0000 4883 | ba98 0100 | 0000 7517 | 4c89 8298 | 0100 0048 | c782 a001 | 0000 0100 | 0000 e908 
  0x0000015f36fff3c0: 0000 0048 | 8382 7801 | 0000 0148 | 8b94 24e8 | 0000 0066 | 9048 b848 | 56d6 0001 

  0x0000015f36fff3dc: ;   {virtual_call}
  0x0000015f36fff3dc: 0000 00e8 

  0x0000015f36fff3e0: ; ImmutableOopMap {[232]=Oop [240]=Oop [248]=Oop }
                      ;*invokeinterface getLightClassOriginKind {reexecute=0 rethrow=0 return_oop=0}
                      ; - org.jetbrains.kotlin.resolve.jvm.JavaDescriptorResolver::resolveClass@18 (line 32)
  0x0000015f36fff3e0: bcc9 5506 

  0x0000015f36fff3e4: ;   {other}
  0x0000015f36fff3e4: 0f1f 8400 | 540a 0004 

  0x0000015f36fff3ec: ;   {oop(a 'org/jetbrains/kotlin/load/java/structure/LightClassOriginKind'{0x000000008599f158})}
  0x0000015f36fff3ec: 49ba 58f1 | 9985 0000 | 0000 493b 

  0x0000015f36fff3f8: ;   {metadata(method data for {method} {0x0000015f56aa65b8} 'resolveClass' '(Lorg/jetbrains/kotlin/load/java/structure/JavaClass;)Lorg/jetbrains/kotlin/descriptors/ClassDescriptor;' in 'org/jetbrains/kotlin/resolve/jvm/JavaDescriptorResolver')}
  0x0000015f36fff3f8: c248 baf0 | 1bd3 575f | 0100 0048 | c7c6 c001 | 0000 7407 | 48c7 c6b0 | 0100 0048 | 8b3c 3248 
  0x0000015f36fff418: 8d7f 0148 | 893c 320f | 84ed 1800 | 004c 8b84 | 24e8 0000 

  0x0000015f36fff42c: ;   {metadata(method data for {method} {0x0000015f56aa65b8} 'resolveClass' '(Lorg/jetbrains/kotlin/load/java/structure/JavaClass;)Lorg/jetbrains/kotlin/descriptors/ClassDescriptor;' in 'org/jetbrains/kotlin/resolve/jvm/JavaDescriptorResolver')}
  0x0000015f36fff42c: 0048 baf0 | 1bd3 575f | 0100 0045 | 8b40 0849 | c1e0 034c | 3b82 1802 | 0000 750d | 4883 8220 
  0x0000015f36fff44c: 0200 0001 | e960 0000 | 004c 3b82 | 2802 0000 | 750d 4883 | 8230 0200 | 0001 e94a | 0000 0048 
  0x0000015f36fff46c: 83ba 1802 | 0000 0075 | 174c 8982 | 1802 0000 | 48c7 8220 | 0200 0001 | 0000 00e9 | 2900 0000 
  0x0000015f36fff48c: 4883 ba28 | 0200 0000 | 7517 4c89 | 8228 0200 | 0048 c782 | 3002 0000 | 0100 0000 | e908 0000 
  0x0000015f36fff4ac: 0048 8382 | 0802 0000 | 0148 8b94 | 24e8 0000 | 0048 b848 | 56d6 0001 

  0x0000015f36fff4c4: ;   {virtual_call}
  0x0000015f36fff4c4: 0000 00e8 

  0x0000015f36fff4c8: ; ImmutableOopMap {[232]=Oop [240]=Oop [248]=Oop }
                      ;*invokeinterface getOuterClass {reexecute=0 rethrow=0 return_oop=0}
                      ; - org.jetbrains.kotlin.resolve.jvm.JavaDescriptorResolver::resolveClass@41 (line 36)
  0x0000015f36fff4c8: d420 5406 

  0x0000015f36fff4cc: ;   {other}
  0x0000015f36fff4cc: 0f1f 8400 | 3c0b 0005 

  0x0000015f36fff4d4: ;   {metadata(method data for {method} {0x0000015f56aa65b8} 'resolveClass' '(Lorg/jetbrains/kotlin/load/java/structure/JavaClass;)Lorg/jetbrains/kotlin/descriptors/ClassDescriptor;' in 'org/jetbrains/kotlin/resolve/jvm/JavaDescriptorResolver')}
  0x0000015f36fff4d4: 4885 c049 | b8f0 1bd3 | 575f 0100 | 0048 c7c2 | 4002 0000 | 7407 48c7 | c250 0200 | 0049 8b34 
  0x0000015f36fff4f4: 1048 8d76 | 0149 8934 | 100f 8427 | 0400 0048 | 8b94 24f0 

  0x0000015f36fff508: ;   {metadata(method data for {method} {0x0000015f56aa65b8} 'resolveClass' '(Lorg/jetbrains/kotlin/load/java/structure/JavaClass;)Lorg/jetbrains/kotlin/descriptors/ClassDescriptor;' in 'org/jetbrains/kotlin/resolve/jvm/JavaDescriptorResolver')}
  0x0000015f36fff508: 0000 0049 | b8f0 1bd3 | 575f 0100 | 0049 8380 | 6002 0000 | 014c 8bc0 | 488b 9424 | f000 0000 
  0x0000015f36fff528: 0f1f 8000 

  0x0000015f36fff52c: ;   {optimized virtual_call}
  0x0000015f36fff52c: 0000 00e8 

  0x0000015f36fff530: ; ImmutableOopMap {[232]=Oop }
                      ;*invokevirtual resolveClass {reexecute=0 rethrow=0 return_oop=0}
                      ; - org.jetbrains.kotlin.resolve.jvm.JavaDescriptorResolver::resolveClass@60 (line 37)
  0x0000015f36fff530: 4cf5 7105 

  0x0000015f36fff534: ;   {other}
  0x0000015f36fff534: 0f1f 8400 | a40b 0006 

  0x0000015f36fff53c: ;   {metadata(method data for {method} {0x0000015f56aa65b8} 'resolveClass' '(Lorg/jetbrains/kotlin/load/java/structure/JavaClass;)Lorg/jetbrains/kotlin/descriptors/ClassDescriptor;' in 'org/jetbrains/kotlin/resolve/jvm/JavaDescriptorResolver')}
  0x0000015f36fff53c: 4885 c048 | baf0 1bd3 | 575f 0100 | 0048 c7c6 | 9802 0000 | 7407 48c7 | c6a8 0200 | 0048 8b3c 
  0x0000015f36fff55c: 3248 8d7f | 0148 893c | 320f 84be | 0000 0048 | 3b00 488b 

  0x0000015f36fff570: ;   {metadata(method data for {method} {0x0000015f56aa65b8} 'resolveClass' '(Lorg/jetbrains/kotlin/load/java/structure/JavaClass;)Lorg/jetbrains/kotlin/descriptors/ClassDescriptor;' in 'org/jetbrains/kotlin/resolve/jvm/JavaDescriptorResolver')}
  0x0000015f36fff570: d048 bef0 | 1bd3 575f | 0100 008b | 5208 48c1 | e203 483b | 96c8 0200 | 0075 0d48 | 8386 d002 
  0x0000015f36fff590: 0000 01e9 | 6000 0000 | 483b 96d8 | 0200 0075 | 0d48 8386 | e002 0000 | 01e9 4a00 | 0000 4883 
  0x0000015f36fff5b0: bec8 0200 | 0000 7517 | 4889 96c8 | 0200 0048 | c786 d002 | 0000 0100 | 0000 e929 | 0000 0048 
  0x0000015f36fff5d0: 83be d802 | 0000 0075 | 1748 8996 | d802 0000 | 48c7 86e0 | 0200 0001 | 0000 00e9 | 0800 0000 
  0x0000015f36fff5f0: 4883 86b8 | 0200 0001 | 488b d066 | 9048 b8ff | ffff ffff 

  0x0000015f36fff604: ;   {virtual_call}
  0x0000015f36fff604: ffff ffe8 

  0x0000015f36fff608: ; ImmutableOopMap {[232]=Oop }
                      ;*invokeinterface getUnsubstitutedInnerClassesScope {reexecute=0 rethrow=0 return_oop=0}
                      ; - org.jetbrains.kotlin.resolve.jvm.JavaDescriptorResolver::resolveClass@67 (line 37)
  0x0000015f36fff608: 74f7 7105 

  0x0000015f36fff60c: ;   {other}
  0x0000015f36fff60c: 0f1f 8400 | 7c0c 0007 

  0x0000015f36fff614: ;   {metadata(method data for {method} {0x0000015f56aa65b8} 'resolveClass' '(Lorg/jetbrains/kotlin/load/java/structure/JavaClass;)Lorg/jetbrains/kotlin/descriptors/ClassDescriptor;' in 'org/jetbrains/kotlin/resolve/jvm/JavaDescriptorResolver')}
  0x0000015f36fff614: 48ba f01b | d357 5f01 | 0000 ff82 | f002 0000 | e90a 0000 

  0x0000015f36fff628: ;   {oop(nullptr)}
  0x0000015f36fff628: 0048 b800 | 0000 0000 | 0000 0048 

  0x0000015f36fff634: ;   {metadata(method data for {method} {0x0000015f56aa65b8} 'resolveClass' '(Lorg/jetbrains/kotlin/load/java/structure/JavaClass;)Lorg/jetbrains/kotlin/descriptors/ClassDescriptor;' in 'org/jetbrains/kotlin/resolve/jvm/JavaDescriptorResolver')}
  0x0000015f36fff634: 85c0 48ba | f01b d357 | 5f01 0000 | 48c7 c608 | 0300 0074 | 0748 c7c6 | 1803 0000 | 488b 3c32 
  0x0000015f36fff654: 488d 7f01 | 4889 3c32 | 0f84 8f01 | 0000 4889 | 8424 0001 | 0000 4c8b | 8424 e800 

  0x0000015f36fff670: ;   {metadata(method data for {method} {0x0000015f56aa65b8} 'resolveClass' '(Lorg/jetbrains/kotlin/load/java/structure/JavaClass;)Lorg/jetbrains/kotlin/descriptors/ClassDescriptor;' in 'org/jetbrains/kotlin/resolve/jvm/JavaDescriptorResolver')}
  0x0000015f36fff670: 0000 48ba | f01b d357 | 5f01 0000 | 458b 4008 | 49c1 e003 | 4c3b 8238 | 0300 0075 | 0d48 8382 
  0x0000015f36fff690: 4003 0000 | 01e9 6000 | 0000 4c3b | 8248 0300 | 0075 0d48 | 8382 5003 | 0000 01e9 | 4a00 0000 
  0x0000015f36fff6b0: 4883 ba38 | 0300 0000 | 7517 4c89 | 8238 0300 | 0048 c782 | 4003 0000 | 0100 0000 | e929 0000 
  0x0000015f36fff6d0: 0048 83ba | 4803 0000 | 0075 174c | 8982 4803 | 0000 48c7 | 8250 0300 | 0001 0000 | 00e9 0800 
  0x0000015f36fff6f0: 0000 4883 | 8228 0300 | 0001 488b | 9424 e800 | 0000 6666 | 9048 b8ff | ffff ffff 

  0x0000015f36fff70c: ;   {virtual_call}
  0x0000015f36fff70c: ffff ffe8 

  0x0000015f36fff710: ; ImmutableOopMap {[256]=Oop }
                      ;*invokeinterface getName {reexecute=0 rethrow=0 return_oop=0}
                      ; - org.jetbrains.kotlin.resolve.jvm.JavaDescriptorResolver::resolveClass@86 (line 38)
  0x0000015f36fff710: 6cf6 7105 

  0x0000015f36fff714: ;   {other}
  0x0000015f36fff714: 0f1f 8400 | 840d 0008 | 488b 9424 | 0001 0000 

  0x0000015f36fff724: ; implicit exception: dispatches to 0x0000015f37001444
  0x0000015f36fff724: 483b 024c 

  0x0000015f36fff728: ;   {metadata(method data for {method} {0x0000015f56aa65b8} 'resolveClass' '(Lorg/jetbrains/kotlin/load/java/structure/JavaClass;)Lorg/jetbrains/kotlin/descriptors/ClassDescriptor;' in 'org/jetbrains/kotlin/resolve/jvm/JavaDescriptorResolver')}
  0x0000015f36fff728: 8bc2 49b9 | f01b d357 | 5f01 0000 | 458b 4008 | 49c1 e003 | 4d3b 81a8 | 0300 0075 | 0d49 8381 
  0x0000015f36fff748: b003 0000 | 01e9 6000 | 0000 4d3b | 81b8 0300 | 0075 0d49 | 8381 c003 | 0000 01e9 | 4a00 0000 
  0x0000015f36fff768: 4983 b9a8 | 0300 0000 | 7517 4d89 | 81a8 0300 | 0049 c781 | b003 0000 | 0100 0000 | e929 0000 
  0x0000015f36fff788: 0049 83b9 | b803 0000 | 0075 174d | 8981 b803 | 0000 49c7 | 81c0 0300 | 0001 0000 | 00e9 0800 
  0x0000015f36fff7a8: 0000 4983 | 8198 0300 | 0001 4c8b 

  0x0000015f36fff7b4: ;   {oop(a 'org/jetbrains/kotlin/incremental/components/NoLookupLocation'{0x0000000085af7508})}
  0x0000015f36fff7b4: c049 b908 | 75af 8500 | 0000 0066 | 0f1f 4400 | 0048 b8ff | ffff ffff 

  0x0000015f36fff7cc: ;   {virtual_call}
  0x0000015f36fff7cc: ffff ffe8 

  0x0000015f36fff7d0: ; ImmutableOopMap {}
                      ;*invokeinterface getContributedClassifier {reexecute=0 rethrow=0 return_oop=0}
                      ; - org.jetbrains.kotlin.resolve.jvm.JavaDescriptorResolver::resolveClass@97 (line 38)
  0x0000015f36fff7d0: acf5 7105 

  0x0000015f36fff7d4: ;   {other}
  0x0000015f36fff7d4: 0f1f 8400 | 440e 0009 

  0x0000015f36fff7dc: ;   {metadata(method data for {method} {0x0000015f56aa65b8} 'resolveClass' '(Lorg/jetbrains/kotlin/load/java/structure/JavaClass;)Lorg/jetbrains/kotlin/descriptors/ClassDescriptor;' in 'org/jetbrains/kotlin/resolve/jvm/JavaDescriptorResolver')}
  0x0000015f36fff7dc: 48ba f01b | d357 5f01 | 0000 ff82 | d003 0000 | e90a 0000 

  0x0000015f36fff7f0: ;   {oop(nullptr)}
  0x0000015f36fff7f0: 0048 b800 | 0000 0000 | 0000 0048 | 85c0 7516 

  0x0000015f36fff800: ;   {metadata(method data for {method} {0x0000015f56aa65b8} 'resolveClass' '(Lorg/jetbrains/kotlin/load/java/structure/JavaClass;)Lorg/jetbrains/kotlin/descriptors/ClassDescriptor;' in 'org/jetbrains/kotlin/resolve/jvm/JavaDescriptorResolver')}
  0x0000015f36fff800: 48bf f01b | d357 5f01 | 0000 808f | e103 0000 | 01e9 d500 

  0x0000015f36fff814: ;   {metadata('org/jetbrains/kotlin/descriptors/ClassDescriptor')}
  0x0000015f36fff814: 0000 48bb | 284a bb00 | 0100 0000 | 8b78 0848 | c1e7 0348 | 3b5f 200f | 841a 0000 | 0048 3bfb 
  0x0000015f36fff834: 0f84 1100 | 0000 5753 

  0x0000015f36fff83c: ;   {runtime_call slow_subtype_check Runtime1 stub}
  0x0000015f36fff83c: e8bf 7c7d | 055f 5f85 | ff0f 8484 

  0x0000015f36fff848: ;   {metadata(method data for {method} {0x0000015f56aa65b8} 'resolveClass' '(Lorg/jetbrains/kotlin/load/java/structure/JavaClass;)Lorg/jetbrains/kotlin/descriptors/ClassDescriptor;' in 'org/jetbrains/kotlin/resolve/jvm/JavaDescriptorResolver')}
  0x0000015f36fff848: 0000 0048 | bff0 1bd3 | 575f 0100 | 008b 5808 | 48c1 e303 | 483b 9ff8 | 0300 0075 | 0d48 8387 
  0x0000015f36fff868: 0004 0000 | 01e9 7e00 | 0000 483b | 9f08 0400 | 0075 0d48 | 8387 1004 | 0000 01e9 | 6800 0000 
  0x0000015f36fff888: 4883 bff8 | 0300 0000 | 7517 4889 | 9ff8 0300 | 0048 c787 | 0004 0000 | 0100 0000 | e947 0000 
  0x0000015f36fff8a8: 0048 83bf | 0804 0000 | 0075 1748 | 899f 0804 | 0000 48c7 | 8710 0400 | 0001 0000 | 00e9 2600 
  0x0000015f36fff8c8: 0000 e921 

  0x0000015f36fff8cc: ;   {metadata(method data for {method} {0x0000015f56aa65b8} 'resolveClass' '(Lorg/jetbrains/kotlin/load/java/structure/JavaClass;)Lorg/jetbrains/kotlin/descriptors/ClassDescriptor;' in 'org/jetbrains/kotlin/resolve/jvm/JavaDescriptorResolver')}
  0x0000015f36fff8cc: 0000 0048 | bff0 1bd3 | 575f 0100 | 0048 83af | e803 0000 | 01e9 0500 | 0000 e905 | 0000 0048 
  0x0000015f36fff8ec: 33d2 eb07 | 48c7 c201 | 0000 0085 

  0x0000015f36fff8f8: ;   {metadata(method data for {method} {0x0000015f56aa65b8} 'resolveClass' '(Lorg/jetbrains/kotlin/load/java/structure/JavaClass;)Lorg/jetbrains/kotlin/descriptors/ClassDescriptor;' in 'org/jetbrains/kotlin/resolve/jvm/JavaDescriptorResolver')}
  0x0000015f36fff8f8: d248 baf0 | 1bd3 575f | 0100 0048 | c7c6 2004 | 0000 7407 | 48c7 c630 | 0400 0048 | 8b3c 3248 
  0x0000015f36fff918: 8d7f 0148 | 893c 320f | 84cd 1300 | 00e9 b112 | 0000 488b | 8424 f800 | 0000 4885 

  0x0000015f36fff934: ;   {metadata(method data for {method} {0x0000015f56aa65b8} 'resolveClass' '(Lorg/jetbrains/kotlin/load/java/structure/JavaClass;)Lorg/jetbrains/kotlin/descriptors/ClassDescriptor;' in 'org/jetbrains/kotlin/resolve/jvm/JavaDescriptorResolver')}
  0x0000015f36fff934: c048 baf0 | 1bd3 575f | 0100 0048 | c7c6 a004 | 0000 7407 | 48c7 c690 | 0400 0048 | 8b3c 3248 
  0x0000015f36fff954: 8d7f 0148 | 893c 320f | 845a 1200 | 0048 8b94 | 24f0 0000 | 008b 720c | 4889 b424 | 0801 0000 
  0x0000015f36fff974: ; implicit exception: dispatches to 0x0000015f37001449
  0x0000015f36fff974: 483b 0048 

  0x0000015f36fff978: ;   {metadata(method data for {method} {0x0000015f56aa65b8} 'resolveClass' '(Lorg/jetbrains/kotlin/load/java/structure/JavaClass;)Lorg/jetbrains/kotlin/descriptors/ClassDescriptor;' in 'org/jetbrains/kotlin/resolve/jvm/JavaDescriptorResolver')}
  0x0000015f36fff978: 8bd0 48bf | f01b d357 | 5f01 0000 | 4883 87b0 | 0400 0001 

  0x0000015f36fff98c: ;   {optimized virtual_call}
  0x0000015f36fff98c: 488b d0e8 

  0x0000015f36fff990: ; ImmutableOopMap {[232]=Oop [264]=Oop }
                      ;*invokevirtual parent {reexecute=0 rethrow=0 return_oop=0}
                      ; - org.jetbrains.kotlin.resolve.jvm.JavaDescriptorResolver::resolveClass@138 (line 44)
  0x0000015f36fff990: 4cc9 5d06 

  0x0000015f36fff994: ;   {other}
  0x0000015f36fff994: 0f1f 8400 | 0410 000a | 4889 8424 | 1001 0000 

  0x0000015f36fff9a4: ;   {metadata(method data for {method} {0x0000015f56aa65b8} 'resolveClass' '(Lorg/jetbrains/kotlin/load/java/structure/JavaClass;)Lorg/jetbrains/kotlin/descriptors/ClassDescriptor;' in 'org/jetbrains/kotlin/resolve/jvm/JavaDescriptorResolver')}
  0x0000015f36fff9a4: 48ba f01b | d357 5f01 | 0000 4883 | 82e8 0400 | 0001 488b 

  0x0000015f36fff9b8: ;   {oop("fqName.parent()"{0x000000008570d6a8})}
  0x0000015f36fff9b8: d049 b8a8 | d670 8500 | 0000 000f 

  0x0000015f36fff9c4: ;   {static_call}
  0x0000015f36fff9c4: 1f40 00e8 

  0x0000015f36fff9c8: ; ImmutableOopMap {[232]=Oop [264]=Oop [272]=Oop }
                      ;*invokestatic checkNotNullExpressionValue {reexecute=0 rethrow=0 return_oop=0}
                      ; - org.jetbrains.kotlin.resolve.jvm.JavaDescriptorResolver::resolveClass@144 (line 44)
  0x0000015f36fff9c8: 54cf 1e06 

  0x0000015f36fff9cc: ;   {other}
  0x0000015f36fff9cc: 0f1f 8400 | 3c10 000b | 488b b424 | 0801 0000 

  0x0000015f36fff9dc: ; implicit exception: dispatches to 0x0000015f3700144e
  0x0000015f36fff9dc: 483b 0648 

  0x0000015f36fff9e0: ;   {metadata(method data for {method} {0x0000015f56aa65b8} 'resolveClass' '(Lorg/jetbrains/kotlin/load/java/structure/JavaClass;)Lorg/jetbrains/kotlin/descriptors/ClassDescriptor;' in 'org/jetbrains/kotlin/resolve/jvm/JavaDescriptorResolver')}
  0x0000015f36fff9e0: 8bd6 48bf | f01b d357 | 5f01 0000 | 4883 87f8 | 0400 0001 

  0x0000015f36fff9f4: ;   {metadata(method data for {method} {0x0000015f56b5e018} 'getPackageFragments' '(Lorg/jetbrains/kotlin/name/FqName;)Ljava/util/List;' in 'org/jetbrains/kotlin/load/java/lazy/LazyJavaPackageFragmentProvider')}
  0x0000015f36fff9f4: 48ba 3079 | d557 5f01 | 0000 8bba | cc00 0000 | 83c7 0289 | bacc 0000 | 0081 e7fe | ff1f 0085 
  0x0000015f36fffa14: ff0f 8438 

  0x0000015f36fffa18: ;   {metadata(method data for {method} {0x0000015f56b5e018} 'getPackageFragments' '(Lorg/jetbrains/kotlin/name/FqName;)Ljava/util/List;' in 'org/jetbrains/kotlin/load/java/lazy/LazyJavaPackageFragmentProvider')}
  0x0000015f36fffa18: 1a00 0048 | ba30 79d5 | 575f 0100 | 0048 8382 | 1001 0000 

  0x0000015f36fffa2c: ;   {metadata(method data for {method} {0x0000015f49b3eee0} 'checkNotNullParameter' '(Ljava/lang/Object;Ljava/lang/String;)V' in 'kotlin/jvm/internal/Intrinsics')}
  0x0000015f36fffa2c: 0148 ba18 | ee51 4c5f | 0100 008b | bacc 0000 | 0083 c702 | 89ba cc00 | 0000 81e7 | feff 1f00 
  0x0000015f36fffa4c: 85ff 0f84 | 201a 0000 | 488b 8424 | 1001 0000 

  0x0000015f36fffa5c: ;   {metadata(method data for {method} {0x0000015f49b3eee0} 'checkNotNullParameter' '(Ljava/lang/Object;Ljava/lang/String;)V' in 'kotlin/jvm/internal/Intrinsics')}
  0x0000015f36fffa5c: 4885 c048 | ba18 ee51 | 4c5f 0100 | 0048 c7c7 | 1001 0000 | 7507 48c7 | c720 0100 | 0048 8b0c 
  0x0000015f36fffa7c: 3a48 8d49 | 0148 890c | 3a0f 8501 

  0x0000015f36fffa88: ;   {metadata(method data for {method} {0x0000015f49b3eee0} 'checkNotNullParameter' '(Ljava/lang/Object;Ljava/lang/String;)V' in 'kotlin/jvm/internal/Intrinsics')}
  0x0000015f36fffa88: 0200 0048 | ba18 ee51 | 4c5f 0100 | 0048 8382 | 3001 0000 

  0x0000015f36fffa9c: ;   {metadata(method data for {method} {0x0000015f49b3f090} 'throwParameterIsNullNPE' '(Ljava/lang/String;)V' in 'kotlin/jvm/internal/Intrinsics')}
  0x0000015f36fffa9c: 0148 baa0 | ef51 4c5f | 0100 008b | bacc 0000 | 0083 c702 | 89ba cc00 | 0000 81e7 | feff 1f00 
  0x0000015f36fffabc: 85ff 0f84 | d119 0000 | 0f1f 4000 

  0x0000015f36fffac8: ;   {no_reloc}
  0x0000015f36fffac8: e9f8 1900 | 0000 0000 | 0000 498b | 87b8 0100 | 0048 8d78 | 3049 3bbf | c801 0000 | 0f87 e519 
  0x0000015f36fffae8: 0000 4989 | bfb8 0100 | 0048 c700 | 0100 0000 | 488b ca48 | c1e9 0389 | 4808 4833 | c989 480c 
  0x0000015f36fffb08: 4833 c948 | 8948 1048 | 8948 1848 | 8948 2048 

  0x0000015f36fffb18: ;   {metadata(method data for {method} {0x0000015f49b3f090} 'throwParameterIsNullNPE' '(Ljava/lang/String;)V' in 'kotlin/jvm/internal/Intrinsics')}
  0x0000015f36fffb18: 8948 2848 | baa0 ef51 | 4c5f 0100 | 0048 8382 | 1001 0000 

  0x0000015f36fffb2c: ;   {oop("fqName"{0x00000000852114b0})}
  0x0000015f36fffb2c: 0148 bab0 | 1421 8500 | 0000 0048 | 8984 2418 

  0x0000015f36fffb3c: ;   {static_call}
  0x0000015f36fffb3c: 0100 00e8 

  0x0000015f36fffb40: ; ImmutableOopMap {[232]=Oop [264]=Oop [272]=Oop [280]=Oop }
                      ;*invokestatic createParameterIsNullExceptionMessage {reexecute=0 rethrow=0 return_oop=0}
                      ; - kotlin.jvm.internal.Intrinsics::throwParameterIsNullNPE@5 (line 140)
                      ; - kotlin.jvm.internal.Intrinsics::checkNotNullParameter@5 (line 131)
                      ; - org.jetbrains.kotlin.load.java.lazy.LazyJavaPackageFragmentProvider::getPackageFragments@3
                      ; - org.jetbrains.kotlin.resolve.jvm.JavaDescriptorResolver::resolveClass@147 (line 44)
  0x0000015f36fffb40: 3cf5 7105 

  0x0000015f36fffb44: ;   {other}
  0x0000015f36fffb44: 0f1f 8400 | b411 000c | 4c8b 8424 | 1801 0000 

  0x0000015f36fffb54: ;   {metadata(method data for {method} {0x0000015f49b3f090} 'throwParameterIsNullNPE' '(Ljava/lang/String;)V' in 'kotlin/jvm/internal/Intrinsics')}
  0x0000015f36fffb54: 48ba a0ef | 514c 5f01 | 0000 4883 | 8220 0100 | 0001 4c8b | c048 8b94 | 2418 0100 | 0066 0f1f 
  0x0000015f36fffb74: ;   {optimized virtual_call}
  0x0000015f36fffb74: 4400 00e8 

  0x0000015f36fffb78: ; ImmutableOopMap {[232]=Oop [264]=Oop [272]=Oop [280]=Oop }
                      ;*invokespecial <init> {reexecute=0 rethrow=0 return_oop=0}
                      ; - kotlin.jvm.internal.Intrinsics::throwParameterIsNullNPE@8 (line 140)
                      ; - kotlin.jvm.internal.Intrinsics::checkNotNullParameter@5 (line 131)
                      ; - org.jetbrains.kotlin.load.java.lazy.LazyJavaPackageFragmentProvider::getPackageFragments@3
                      ; - org.jetbrains.kotlin.resolve.jvm.JavaDescriptorResolver::resolveClass@147 (line 44)
  0x0000015f36fffb78: 04ef 7105 

  0x0000015f36fffb7c: ;   {other}
  0x0000015f36fffb7c: 0f1f 8400 | ec11 000d 

  0x0000015f36fffb84: ;   {metadata(method data for {method} {0x0000015f49b3f090} 'throwParameterIsNullNPE' '(Ljava/lang/String;)V' in 'kotlin/jvm/internal/Intrinsics')}
  0x0000015f36fffb84: 48ba a0ef | 514c 5f01 | 0000 4883 | 8230 0100 

  0x0000015f36fffb94: ;   {metadata(method data for {method} {0x0000015f49b402e0} 'sanitizeStackTrace' '(Ljava/lang/Throwable;)Ljava/lang/Throwable;' in 'kotlin/jvm/internal/Intrinsics')}
  0x0000015f36fffb94: 0001 48ba | 80f6 514c | 5f01 0000 | 8bb2 cc00 | 0000 83c6 | 0289 b2cc | 0000 0081 | e6fe ff1f 
  0x0000015f36fffbb4: 0085 f60f | 841f 1900 

  0x0000015f36fffbbc: ;   {oop(a 'java/lang/Class'{0x0000000080fac980} = 'kotlin/jvm/internal/Intrinsics')}
  0x0000015f36fffbbc: 0048 ba80 | c9fa 8000 | 0000 0048 

  0x0000015f36fffbc8: ;   {metadata(method data for {method} {0x0000015f49b402e0} 'sanitizeStackTrace' '(Ljava/lang/Throwable;)Ljava/lang/Throwable;' in 'kotlin/jvm/internal/Intrinsics')}
  0x0000015f36fffbc8: 8bf2 48bf | 80f6 514c | 5f01 0000 | 4883 8710 | 0100 0001 

  0x0000015f36fffbdc: ;   {metadata(method data for {method} {0x0000015f49017a68} 'getName' '()Ljava/lang/String;' in 'java/lang/Class')}
  0x0000015f36fffbdc: 48be f0c2 | 6349 5f01 | 0000 8bbe | cc00 0000 | 83c7 0289 | becc 0000 | 0081 e7fe | ff1f 0085 
  0x0000015f36fffbfc: ff0f 84fa | 1800 008b | 522c 4885 

  0x0000015f36fffc08: ;   {metadata(method data for {method} {0x0000015f49017a68} 'getName' '()Ljava/lang/String;' in 'java/lang/Class')}
  0x0000015f36fffc08: d248 bef0 | c263 495f | 0100 0048 | c7c7 1001 | 0000 7407 | 48c7 c720 | 0100 0048 | 8b1c 3e48 
  0x0000015f36fffc28: 8d5b 0148 | 891c 3e0f | 8418 0000 

  0x0000015f36fffc34: ;   {metadata(method data for {method} {0x0000015f49017a68} 'getName' '()Ljava/lang/String;' in 'java/lang/Class')}
  0x0000015f36fffc34: 0048 bef0 | c263 495f | 0100 00ff | 8630 0100 | 0048 8bf2 | e932 0000 

  0x0000015f36fffc4c: ;   {oop(a 'java/lang/Class'{0x0000000080fac980} = 'kotlin/jvm/internal/Intrinsics')}
  0x0000015f36fffc4c: 0048 ba80 | c9fa 8000 | 0000 0048 

  0x0000015f36fffc58: ;   {metadata(method data for {method} {0x0000015f49017a68} 'getName' '()Ljava/lang/String;' in 'java/lang/Class')}
  0x0000015f36fffc58: 8bf2 48bf | f0c2 6349 | 5f01 0000 | 4883 8748 | 0100 0001 

  0x0000015f36fffc6c: ;   {optimized virtual_call}
  0x0000015f36fffc6c: 6666 90e8 

  0x0000015f36fffc70: ; ImmutableOopMap {[232]=Oop [264]=Oop [272]=Oop [280]=Oop }
                      ;*invokevirtual initClassName {reexecute=0 rethrow=0 return_oop=0}
                      ; - java.lang.Class::getName@14
                      ; - kotlin.jvm.internal.Intrinsics::sanitizeStackTrace@3 (line 253)
                      ; - kotlin.jvm.internal.Intrinsics::throwParameterIsNullNPE@11 (line 140)
                      ; - kotlin.jvm.internal.Intrinsics::checkNotNullParameter@5 (line 131)
                      ; - org.jetbrains.kotlin.load.java.lazy.LazyJavaPackageFragmentProvider::getPackageFragments@3
                      ; - org.jetbrains.kotlin.resolve.jvm.JavaDescriptorResolver::resolveClass@147 (line 44)
  0x0000015f36fffc70: 0cee 7105 

  0x0000015f36fffc74: ;   {other}
  0x0000015f36fffc74: 0f1f 8400 | e412 000e | 488b f048 | 8b84 2418 | 0100 00e9 | ae14 0000 | 488b b424 | 0801 0000 
  0x0000015f36fffc94: ;   {metadata(method data for {method} {0x0000015f56b5e018} 'getPackageFragments' '(Lorg/jetbrains/kotlin/name/FqName;)Ljava/util/List;' in 'org/jetbrains/kotlin/load/java/lazy/LazyJavaPackageFragmentProvider')}
  0x0000015f36fffc94: 49b8 3079 | d557 5f01 | 0000 4983 | 8020 0100 | 0001 4c8b | 8424 1001 | 0000 488b | 9424 0801 
  0x0000015f36fffcb4: ;   {optimized virtual_call}
  0x0000015f36fffcb4: 0000 90e8 

  0x0000015f36fffcb8: ; ImmutableOopMap {[232]=Oop }
                      ;*invokespecial getPackageFragment {reexecute=0 rethrow=0 return_oop=0}
                      ; - org.jetbrains.kotlin.load.java.lazy.LazyJavaPackageFragmentProvider::getPackageFragments@8 (line 45)
                      ; - org.jetbrains.kotlin.resolve.jvm.JavaDescriptorResolver::resolveClass@147 (line 44)
  0x0000015f36fffcb8: 0473 baff 

  0x0000015f36fffcbc: ;   {other}
  0x0000015f36fffcbc: 0f1f 8400 | 2c13 000f 

  0x0000015f36fffcc4: ;   {metadata(method data for {method} {0x0000015f56b5e018} 'getPackageFragments' '(Lorg/jetbrains/kotlin/name/FqName;)Ljava/util/List;' in 'org/jetbrains/kotlin/load/java/lazy/LazyJavaPackageFragmentProvider')}
  0x0000015f36fffcc4: 4c8b c048 | ba30 79d5 | 575f 0100 | 0048 8382 | 3001 0000 

  0x0000015f36fffcd8: ;   {metadata(method data for {method} {0x0000015f4c3c30c8} 'listOfNotNull' '(Ljava/lang/Object;)Ljava/util/List;' in 'kotlin/collections/CollectionsKt__CollectionsKt')}
  0x0000015f36fffcd8: 0148 bac8 | f581 575f | 0100 008b | b2cc 0000 | 0083 c602 | 89b2 cc00 | 0000 81e6 | feff 1f00 
  0x0000015f36fffcf8: 85f6 0f84 | 2318 0000 

  0x0000015f36fffd00: ;   {metadata(method data for {method} {0x0000015f4c3c30c8} 'listOfNotNull' '(Ljava/lang/Object;)Ljava/util/List;' in 'kotlin/collections/CollectionsKt__CollectionsKt')}
  0x0000015f36fffd00: 4d85 c048 | bac8 f581 | 575f 0100 | 0048 c7c6 | 1001 0000 | 7407 48c7 | c620 0100 | 0048 8b3c 
  0x0000015f36fffd20: 3248 8d7f | 0148 893c | 320f 8422 

  0x0000015f36fffd2c: ;   {metadata(method data for {method} {0x0000015f4c3c30c8} 'listOfNotNull' '(Ljava/lang/Object;)Ljava/util/List;' in 'kotlin/collections/CollectionsKt__CollectionsKt')}
  0x0000015f36fffd2c: 0200 0048 | bac8 f581 | 575f 0100 | 0048 8382 | 3001 0000 

  0x0000015f36fffd40: ;   {metadata(method data for {method} {0x0000015f4c3c5800} 'listOf' '(Ljava/lang/Object;)Ljava/util/List;' in 'kotlin/collections/CollectionsKt__CollectionsJVMKt')}
  0x0000015f36fffd40: 0148 ba28 | 0c89 4c5f | 0100 008b | b2cc 0000 | 0083 c602 | 89b2 cc00 | 0000 81e6 | feff 1f00 
  0x0000015f36fffd60: 85f6 0f84 | dc17 0000 

  0x0000015f36fffd68: ;   {metadata(method data for {method} {0x0000015f4c3c5800} 'listOf' '(Ljava/lang/Object;)Ljava/util/List;' in 'kotlin/collections/CollectionsKt__CollectionsJVMKt')}
  0x0000015f36fffd68: 48ba 280c | 894c 5f01 | 0000 4883 | 8210 0100 

  0x0000015f36fffd78: ;   {metadata(method data for {method} {0x0000015f4929b840} 'singletonList' '(Ljava/lang/Object;)Ljava/util/List;' in 'java/util/Collections')}
  0x0000015f36fffd78: 0001 48ba | 580f 3f4a | 5f01 0000 | 8bb2 cc00 | 0000 83c6 | 0289 b2cc | 0000 0081 | e6fe ff1f 
  0x0000015f36fffd98: 0085 f60f | 84c4 1700 

  0x0000015f36fffda0: ;   {metadata('java/util/Collections$SingletonList')}
  0x0000015f36fffda0: 0048 ba00 | 000e 0001 | 0000 0049 | 8b87 b801 | 0000 488d | 7818 493b | bfc8 0100 | 000f 87c3 
  0x0000015f36fffdc0: 1700 0049 | 89bf b801 | 0000 48c7 | 0001 0000 | 0048 8bca | 48c1 e903 | 8948 0848 | 33c9 8948 
  0x0000015f36fffde0: 0c48 33c9 | 4889 4810 

  0x0000015f36fffde8: ;   {metadata(method data for {method} {0x0000015f4929b840} 'singletonList' '(Ljava/lang/Object;)Ljava/util/List;' in 'java/util/Collections')}
  0x0000015f36fffde8: 488b d048 | be58 0f3f | 4a5f 0100 | 0048 8386 | 1001 0000 

  0x0000015f36fffdfc: ;   {metadata(method data for {method} {0x0000015f49778ea0} '<init>' '(Ljava/lang/Object;)V' in 'java/util/Collections$SingletonList')}
  0x0000015f36fffdfc: 0148 baa0 | 103f 4a5f | 0100 008b | b2cc 0000 | 0083 c602 | 89b2 cc00 | 0000 81e6 | feff 1f00 
  0x0000015f36fffe1c: 85f6 0f84 | 6f17 0000 

  0x0000015f36fffe24: ;   {metadata(method data for {method} {0x0000015f49778ea0} '<init>' '(Ljava/lang/Object;)V' in 'java/util/Collections$SingletonList')}
  0x0000015f36fffe24: 488b d048 | bea0 103f | 4a5f 0100 | 0048 8386 | 1001 0000 

  0x0000015f36fffe38: ;   {metadata(method data for {method} {0x0000015f49121620} '<init>' '()V' in 'java/util/AbstractList')}
  0x0000015f36fffe38: 0148 baa8 | 236b 495f | 0100 008b | b2cc 0000 | 0083 c602 | 89b2 cc00 | 0000 81e6 | feff 1f00 
  0x0000015f36fffe58: 85f6 0f84 | 5417 0000 

  0x0000015f36fffe60: ;   {metadata(method data for {method} {0x0000015f49121620} '<init>' '()V' in 'java/util/AbstractList')}
  0x0000015f36fffe60: 488b d048 | bea8 236b | 495f 0100 | 0048 8386 | 1001 0000 

  0x0000015f36fffe74: ;   {metadata(method data for {method} {0x0000015f49122e90} '<init>' '()V' in 'java/util/AbstractCollection')}
  0x0000015f36fffe74: 0148 baa0 | d733 495f | 0100 008b | b2cc 0000 | 0083 c602 | 89b2 cc00 | 0000 81e6 | feff 1f00 
  0x0000015f36fffe94: 85f6 0f84 | 3917 0000 

  0x0000015f36fffe9c: ;   {metadata(method data for {method} {0x0000015f49122e90} '<init>' '()V' in 'java/util/AbstractCollection')}
  0x0000015f36fffe9c: 488b d048 | bea0 d733 | 495f 0100 | 0048 8386 | 1001 0000 

  0x0000015f36fffeb0: ;   {metadata(method data for {method} {0x0000015f49000638} '<init>' '()V' in 'java/lang/Object')}
  0x0000015f36fffeb0: 0148 ba28 | 1929 495f | 0100 008b | b2cc 0000 | 0083 c602 | 89b2 cc00 | 0000 81e6 | feff 1f00 
  0x0000015f36fffed0: 85f6 0f84 | 1e17 0000 | 410f be57 | 4085 d20f | 8532 1700 | 004d 8bd0 | 4489 5010 | 488b d049 
  0x0000015f36fffef0: 33d0 48c1 | ea14 4883 | fa00 0f85 | 3217 0000 

  0x0000015f36ffff00: ;   {metadata(method data for {method} {0x0000015f4c3c5800} 'listOf' '(Ljava/lang/Object;)Ljava/util/List;' in 'kotlin/collections/CollectionsKt__CollectionsJVMKt')}
  0x0000015f36ffff00: 48ba 280c | 894c 5f01 | 0000 4883 | 8220 0100 | 0001 488b 

  0x0000015f36ffff14: ;   {oop("singletonList(element)"{0x0000000083db6250})}
  0x0000015f36ffff14: d049 b850 | 62db 8300 | 0000 0048 | 8984 2420 

  0x0000015f36ffff24: ;   {static_call}
  0x0000015f36ffff24: 0100 00e8 

  0x0000015f36ffff28: ; ImmutableOopMap {[232]=Oop [288]=Oop }
                      ;*invokestatic checkNotNullExpressionValue {reexecute=0 rethrow=0 return_oop=0}
                      ; - kotlin.collections.CollectionsKt__CollectionsJVMKt::listOf@7 (line 22)
                      ; - kotlin.collections.CollectionsKt__CollectionsKt::listOfNotNull@5 (line 130)
                      ; - org.jetbrains.kotlin.load.java.lazy.LazyJavaPackageFragmentProvider::getPackageFragments@11 (line 45)
                      ; - org.jetbrains.kotlin.resolve.jvm.JavaDescriptorResolver::resolveClass@147 (line 44)
  0x0000015f36ffff28: f4c9 1e06 

  0x0000015f36ffff2c: ;   {other}
  0x0000015f36ffff2c: 0f1f 8400 | 9c15 0010 

  0x0000015f36ffff34: ;   {metadata(method data for {method} {0x0000015f4c3c30c8} 'listOfNotNull' '(Ljava/lang/Object;)Ljava/util/List;' in 'kotlin/collections/CollectionsKt__CollectionsKt')}
  0x0000015f36ffff34: 48ba c8f5 | 8157 5f01 | 0000 ff82 | 4001 0000 | 488b 8424 | 2001 0000 | e943 0000 

  0x0000015f36ffff50: ;   {metadata(method data for {method} {0x0000015f4c3c30c8} 'listOfNotNull' '(Ljava/lang/Object;)Ljava/util/List;' in 'kotlin/collections/CollectionsKt__CollectionsKt')}
  0x0000015f36ffff50: 0048 bac8 | f581 575f | 0100 0048 | 8382 5801 

  0x0000015f36ffff60: ;   {metadata(method data for {method} {0x0000015f4c3c2ae8} 'emptyList' '()Ljava/util/List;' in 'kotlin/collections/CollectionsKt__CollectionsKt')}
  0x0000015f36ffff60: 0000 0148 | bae8 8d68 | 4c5f 0100 | 008b b2cc | 0000 0083 | c602 89b2 | cc00 0000 | 81e6 feff 
  0x0000015f36ffff80: 1f00 85f6 | 0f84 c016 

  0x0000015f36ffff88: ;   {oop(a 'kotlin/collections/EmptyList'{0x0000000085222768})}
  0x0000015f36ffff88: 0000 48b8 | 6827 2285 | 0000 0000 

  0x0000015f36ffff94: ;   {metadata(method data for {method} {0x0000015f56aa65b8} 'resolveClass' '(Lorg/jetbrains/kotlin/load/java/structure/JavaClass;)Lorg/jetbrains/kotlin/descriptors/ClassDescriptor;' in 'org/jetbrains/kotlin/resolve/jvm/JavaDescriptorResolver')}
  0x0000015f36ffff94: 48ba f01b | d357 5f01 | 0000 4883 | 8230 0500 

  0x0000015f36ffffa4: ;   {metadata(method data for {method} {0x0000015f4c3a5070} 'firstOrNull' '(Ljava/util/List;)Ljava/lang/Object;' in 'kotlin/collections/CollectionsKt___CollectionsKt')}
  0x0000015f36ffffa4: 0001 48ba | 48df 684c | 5f01 0000 | 8bb2 cc00 | 0000 83c6 | 0289 b2cc | 0000 0081 | e6fe ff1f 
  0x0000015f36ffffc4: 0085 f60f | 849e 1600 

  0x0000015f36ffffcc: ;   {metadata(method data for {method} {0x0000015f4c3a5070} 'firstOrNull' '(Ljava/util/List;)Ljava/lang/Object;' in 'kotlin/collections/CollectionsKt___CollectionsKt')}
  0x0000015f36ffffcc: 0048 ba48 | df68 4c5f | 0100 0048 | 8382 1001 

  0x0000015f36ffffdc: ;   {metadata(method data for {method} {0x0000015f49b3eee0} 'checkNotNullParameter' '(Ljava/lang/Object;Ljava/lang/String;)V' in 'kotlin/jvm/internal/Intrinsics')}
  0x0000015f36ffffdc: 0000 0148 | ba18 ee51 | 4c5f 0100 | 008b b2cc | 0000 0083 | c602 89b2 | cc00 0000 | 81e6 feff 
  0x0000015f36fffffc: 1f00 85f6 | 0f84 8616 | 0000 4885 

  0x0000015f37000008: ;   {metadata(method data for {method} {0x0000015f49b3eee0} 'checkNotNullParameter' '(Ljava/lang/Object;Ljava/lang/String;)V' in 'kotlin/jvm/internal/Intrinsics')}
  0x0000015f37000008: c048 ba18 | ee51 4c5f | 0100 0048 | c7c6 1001 | 0000 7507 | 48c7 c620 | 0100 0048 | 8b3c 3248 
  0x0000015f37000028: 8d7f 0148 | 893c 320f | 8507 0200 | 0048 8984 | 2430 0100 

  0x0000015f3700003c: ;   {metadata(method data for {method} {0x0000015f49b3eee0} 'checkNotNullParameter' '(Ljava/lang/Object;Ljava/lang/String;)V' in 'kotlin/jvm/internal/Intrinsics')}
  0x0000015f3700003c: 0048 ba18 | ee51 4c5f | 0100 0048 | 8382 3001 

  0x0000015f3700004c: ;   {metadata(method data for {method} {0x0000015f49b3f090} 'throwParameterIsNullNPE' '(Ljava/lang/String;)V' in 'kotlin/jvm/internal/Intrinsics')}
  0x0000015f3700004c: 0000 0148 | baa0 ef51 | 4c5f 0100 | 008b b2cc | 0000 0083 | c602 89b2 | cc00 0000 | 81e6 feff 
  0x0000015f3700006c: 1f00 85f6 | 0f84 3716 | 0000 6690 

  0x0000015f37000078: ;   {no_reloc}
  0x0000015f37000078: e960 1600 | 0000 0000 | 0000 498b | 87b8 0100 | 0048 8d78 | 3049 3bbf | c801 0000 | 0f87 4d16 
  0x0000015f37000098: 0000 4989 | bfb8 0100 | 0048 c700 | 0100 0000 | 488b ca48 | c1e9 0389 | 4808 4833 | c989 480c 
  0x0000015f370000b8: 4833 c948 | 8948 1048 | 8948 1848 | 8948 2048 

  0x0000015f370000c8: ;   {metadata(method data for {method} {0x0000015f49b3f090} 'throwParameterIsNullNPE' '(Ljava/lang/String;)V' in 'kotlin/jvm/internal/Intrinsics')}
  0x0000015f370000c8: 8948 2848 | baa0 ef51 | 4c5f 0100 | 0048 8382 | 1001 0000 

  0x0000015f370000dc: ;   {oop("<this>"{0x0000000082c70bc0})}
  0x0000015f370000dc: 0148 bac0 | 0bc7 8200 | 0000 0048 | 8984 2428 

  0x0000015f370000ec: ;   {static_call}
  0x0000015f370000ec: 0100 00e8 

  0x0000015f370000f0: ; ImmutableOopMap {[232]=Oop [296]=Oop [304]=Oop }
                      ;*invokestatic createParameterIsNullExceptionMessage {reexecute=0 rethrow=0 return_oop=0}
                      ; - kotlin.jvm.internal.Intrinsics::throwParameterIsNullNPE@5 (line 140)
                      ; - kotlin.jvm.internal.Intrinsics::checkNotNullParameter@5 (line 131)
                      ; - kotlin.collections.CollectionsKt___CollectionsKt::firstOrNull@3
                      ; - org.jetbrains.kotlin.resolve.jvm.JavaDescriptorResolver::resolveClass@150 (line 44)
  0x0000015f370000f0: 8cef 7105 

  0x0000015f370000f4: ;   {other}
  0x0000015f370000f4: 0f1f 8400 | 6417 0011 | 4c8b 8424 | 2801 0000 

  0x0000015f37000104: ;   {metadata(method data for {method} {0x0000015f49b3f090} 'throwParameterIsNullNPE' '(Ljava/lang/String;)V' in 'kotlin/jvm/internal/Intrinsics')}
  0x0000015f37000104: 48ba a0ef | 514c 5f01 | 0000 4883 | 8220 0100 | 0001 4c8b | c048 8b94 | 2428 0100 | 0066 0f1f 
  0x0000015f37000124: ;   {optimized virtual_call}
  0x0000015f37000124: 4400 00e8 

  0x0000015f37000128: ; ImmutableOopMap {[232]=Oop [296]=Oop [304]=Oop }
                      ;*invokespecial <init> {reexecute=0 rethrow=0 return_oop=0}
                      ; - kotlin.jvm.internal.Intrinsics::throwParameterIsNullNPE@8 (line 140)
                      ; - kotlin.jvm.internal.Intrinsics::checkNotNullParameter@5 (line 131)
                      ; - kotlin.collections.CollectionsKt___CollectionsKt::firstOrNull@3
                      ; - org.jetbrains.kotlin.resolve.jvm.JavaDescriptorResolver::resolveClass@150 (line 44)
  0x0000015f37000128: 54e9 7105 

  0x0000015f3700012c: ;   {other}
  0x0000015f3700012c: 0f1f 8400 | 9c17 0012 

  0x0000015f37000134: ;   {metadata(method data for {method} {0x0000015f49b3f090} 'throwParameterIsNullNPE' '(Ljava/lang/String;)V' in 'kotlin/jvm/internal/Intrinsics')}
  0x0000015f37000134: 48ba a0ef | 514c 5f01 | 0000 4883 | 8230 0100 

  0x0000015f37000144: ;   {metadata(method data for {method} {0x0000015f49b402e0} 'sanitizeStackTrace' '(Ljava/lang/Throwable;)Ljava/lang/Throwable;' in 'kotlin/jvm/internal/Intrinsics')}
  0x0000015f37000144: 0001 48ba | 80f6 514c | 5f01 0000 | 8bb2 cc00 | 0000 83c6 | 0289 b2cc | 0000 0081 | e6fe ff1f 
  0x0000015f37000164: 0085 f60f | 8487 1500 

  0x0000015f3700016c: ;   {oop(a 'java/lang/Class'{0x0000000080fac980} = 'kotlin/jvm/internal/Intrinsics')}
  0x0000015f3700016c: 0048 ba80 | c9fa 8000 | 0000 0048 

  0x0000015f37000178: ;   {metadata(method data for {method} {0x0000015f49b402e0} 'sanitizeStackTrace' '(Ljava/lang/Throwable;)Ljava/lang/Throwable;' in 'kotlin/jvm/internal/Intrinsics')}
  0x0000015f37000178: 8bf2 48bf | 80f6 514c | 5f01 0000 | 4883 8710 | 0100 0001 

  0x0000015f3700018c: ;   {metadata(method data for {method} {0x0000015f49017a68} 'getName' '()Ljava/lang/String;' in 'java/lang/Class')}
  0x0000015f3700018c: 48be f0c2 | 6349 5f01 | 0000 8bbe | cc00 0000 | 83c7 0289 | becc 0000 | 0081 e7fe | ff1f 0085 
  0x0000015f370001ac: ff0f 8462 | 1500 008b | 522c 4885 

  0x0000015f370001b8: ;   {metadata(method data for {method} {0x0000015f49017a68} 'getName' '()Ljava/lang/String;' in 'java/lang/Class')}
  0x0000015f370001b8: d248 bef0 | c263 495f | 0100 0048 | c7c7 1001 | 0000 7407 | 48c7 c720 | 0100 0048 | 8b1c 3e48 
  0x0000015f370001d8: 8d5b 0148 | 891c 3e0f | 8418 0000 

  0x0000015f370001e4: ;   {metadata(method data for {method} {0x0000015f49017a68} 'getName' '()Ljava/lang/String;' in 'java/lang/Class')}
  0x0000015f370001e4: 0048 bef0 | c263 495f | 0100 00ff | 8630 0100 | 0048 8bf2 | e932 0000 

  0x0000015f370001fc: ;   {oop(a 'java/lang/Class'{0x0000000080fac980} = 'kotlin/jvm/internal/Intrinsics')}
  0x0000015f370001fc: 0048 ba80 | c9fa 8000 | 0000 0048 

  0x0000015f37000208: ;   {metadata(method data for {method} {0x0000015f49017a68} 'getName' '()Ljava/lang/String;' in 'java/lang/Class')}
  0x0000015f37000208: 8bf2 48bf | f0c2 6349 | 5f01 0000 | 4883 8748 | 0100 0001 

  0x0000015f3700021c: ;   {optimized virtual_call}
  0x0000015f3700021c: 6666 90e8 

  0x0000015f37000220: ; ImmutableOopMap {[232]=Oop [296]=Oop [304]=Oop }
                      ;*invokevirtual initClassName {reexecute=0 rethrow=0 return_oop=0}
                      ; - java.lang.Class::getName@14
                      ; - kotlin.jvm.internal.Intrinsics::sanitizeStackTrace@3 (line 253)
                      ; - kotlin.jvm.internal.Intrinsics::throwParameterIsNullNPE@11 (line 140)
                      ; - kotlin.jvm.internal.Intrinsics::checkNotNullParameter@5 (line 131)
                      ; - kotlin.collections.CollectionsKt___CollectionsKt::firstOrNull@3
                      ; - org.jetbrains.kotlin.resolve.jvm.JavaDescriptorResolver::resolveClass@150 (line 44)
  0x0000015f37000220: 5ce8 7105 

  0x0000015f37000224: ;   {other}
  0x0000015f37000224: 0f1f 8400 | 9418 0013 | 488b f048 | 8b84 2428 | 0100 00e9 | f00d 0000 

  0x0000015f3700023c: ; implicit exception: dispatches to 0x0000015f3700173b
  0x0000015f3700023c: 483b 0048 

  0x0000015f37000240: ;   {metadata(method data for {method} {0x0000015f4c3a5070} 'firstOrNull' '(Ljava/util/List;)Ljava/lang/Object;' in 'kotlin/collections/CollectionsKt___CollectionsKt')}
  0x0000015f37000240: 8bd0 48be | 48df 684c | 5f01 0000 | 8b52 0848 | c1e2 0348 | 3b96 3001 | 0000 750d | 4883 8638 
  0x0000015f37000260: 0100 0001 | e960 0000 | 0048 3b96 | 4001 0000 | 750d 4883 | 8648 0100 | 0001 e94a | 0000 0048 
  0x0000015f37000280: 83be 3001 | 0000 0075 | 1748 8996 | 3001 0000 | 48c7 8638 | 0100 0001 | 0000 00e9 | 2900 0000 
  0x0000015f370002a0: 4883 be40 | 0100 0000 | 7517 4889 | 9640 0100 | 0048 c786 | 4801 0000 | 0100 0000 | e908 0000 
  0x0000015f370002c0: 0048 8386 | 2001 0000 | 0148 8bd0 | 4889 8424 | 3001 0000 | 9048 b800 | 000e 0001 

  0x0000015f370002dc: ;   {virtual_call}
  0x0000015f370002dc: 0000 00e8 

  0x0000015f370002e0: ; ImmutableOopMap {[232]=Oop [304]=Oop }
                      ;*invokeinterface isEmpty {reexecute=0 rethrow=0 return_oop=0}
                      ; - kotlin.collections.CollectionsKt___CollectionsKt::firstOrNull@7 (line 281)
                      ; - org.jetbrains.kotlin.resolve.jvm.JavaDescriptorResolver::resolveClass@150 (line 44)
  0x0000015f370002e0: 3ca7 4906 

  0x0000015f370002e4: ;   {other}
  0x0000015f370002e4: 0f1f 8400 | 5419 0014 

  0x0000015f370002ec: ;   {metadata(method data for {method} {0x0000015f4c3a5070} 'firstOrNull' '(Ljava/util/List;)Ljava/lang/Object;' in 'kotlin/collections/CollectionsKt___CollectionsKt')}
  0x0000015f370002ec: 85c0 49b8 | 48df 684c | 5f01 0000 | 48c7 c258 | 0100 0074 | 0748 c7c2 | 6801 0000 | 498b 3410 
  0x0000015f3700030c: 488d 7601 | 4989 3410 | 0f84 2000 

  0x0000015f37000318: ;   {metadata(method data for {method} {0x0000015f4c3a5070} 'firstOrNull' '(Ljava/util/List;)Ljava/lang/Object;' in 'kotlin/collections/CollectionsKt___CollectionsKt')}
  0x0000015f37000318: 0000 49b8 | 48df 684c | 5f01 0000 | 41ff 8078 

  0x0000015f37000328: ;   {oop(nullptr)}
  0x0000015f37000328: 0100 0048 | be00 0000 | 0000 0000 | 00e9 bd00 | 0000 488b | 8424 3001 

  0x0000015f37000340: ;   {metadata(method data for {method} {0x0000015f4c3a5070} 'firstOrNull' '(Ljava/util/List;)Ljava/lang/Object;' in 'kotlin/collections/CollectionsKt___CollectionsKt')}
  0x0000015f37000340: 0000 49b8 | 48df 684c | 5f01 0000 | 8b40 0848 | c1e0 0349 | 3b80 a001 | 0000 750d | 4983 80a8 
  0x0000015f37000360: 0100 0001 | e960 0000 | 0049 3b80 | b001 0000 | 750d 4983 | 80b8 0100 | 0001 e94a | 0000 0049 
  0x0000015f37000380: 83b8 a001 | 0000 0075 | 1749 8980 | a001 0000 | 49c7 80a8 | 0100 0001 | 0000 00e9 | 2900 0000 
  0x0000015f370003a0: 4983 b8b0 | 0100 0000 | 7517 4989 | 80b0 0100 | 0049 c780 | b801 0000 | 0100 0000 | e908 0000 
  0x0000015f370003c0: 0049 8380 | 9001 0000 | 0141 b800 | 0000 0048 | 8b94 2430 | 0100 0066 | 0f1f 4400 | 0048 b800 
  0x0000015f370003e0: 000e 0001 

  0x0000015f370003e4: ;   {virtual_call}
  0x0000015f370003e4: 0000 00e8 

  0x0000015f370003e8: ; ImmutableOopMap {[232]=Oop }
                      ;*invokeinterface get {reexecute=0 rethrow=0 return_oop=0}
                      ; - kotlin.collections.CollectionsKt___CollectionsKt::firstOrNull@21 (line 281)
                      ; - org.jetbrains.kotlin.resolve.jvm.JavaDescriptorResolver::resolveClass@150 (line 44)
  0x0000015f370003e8: 34ff 6206 

  0x0000015f370003ec: ;   {other}
  0x0000015f370003ec: 0f1f 8400 | 5c1a 0015 | 488b f048 | 85f6 7516 

  0x0000015f370003fc: ;   {metadata(method data for {method} {0x0000015f56aa65b8} 'resolveClass' '(Lorg/jetbrains/kotlin/load/java/structure/JavaClass;)Lorg/jetbrains/kotlin/descriptors/ClassDescriptor;' in 'org/jetbrains/kotlin/resolve/jvm/JavaDescriptorResolver')}
  0x0000015f370003fc: 48bb f01b | d357 5f01 | 0000 808b | 3905 0000 | 01e9 ba00 

  0x0000015f37000410: ;   {metadata('org/jetbrains/kotlin/load/java/lazy/descriptors/LazyJavaPackageFragment')}
  0x0000015f37000410: 0000 48bf | f0dc d400 | 0100 0000 | 8b56 0848 | c1e2 0348 | 3bfa 0f85 | 8400 0000 

  0x0000015f3700042c: ;   {metadata(method data for {method} {0x0000015f56aa65b8} 'resolveClass' '(Lorg/jetbrains/kotlin/load/java/structure/JavaClass;)Lorg/jetbrains/kotlin/descriptors/ClassDescriptor;' in 'org/jetbrains/kotlin/resolve/jvm/JavaDescriptorResolver')}
  0x0000015f3700042c: 48bb f01b | d357 5f01 | 0000 8b7e | 0848 c1e7 | 0348 3bbb | 5005 0000 | 750d 4883 | 8358 0500 
  0x0000015f3700044c: 0001 e979 | 0000 0048 | 3bbb 6005 | 0000 750d | 4883 8368 | 0500 0001 | e963 0000 | 0048 83bb 
  0x0000015f3700046c: 5005 0000 | 0075 1748 | 89bb 5005 | 0000 48c7 | 8358 0500 | 0001 0000 | 00e9 4200 | 0000 4883 
  0x0000015f3700048c: bb60 0500 | 0000 7517 | 4889 bb60 | 0500 0048 | c783 6805 | 0000 0100 | 0000 e921 | 0000 00e9 
  0x0000015f370004ac: 1c00 0000 

  0x0000015f370004b0: ;   {metadata(method data for {method} {0x0000015f56aa65b8} 'resolveClass' '(Lorg/jetbrains/kotlin/load/java/structure/JavaClass;)Lorg/jetbrains/kotlin/descriptors/ClassDescriptor;' in 'org/jetbrains/kotlin/resolve/jvm/JavaDescriptorResolver')}
  0x0000015f370004b0: 48bb f01b | d357 5f01 | 0000 4883 | ab40 0500 | 0001 e979 | 1200 00e9 | 0000 0000 | 488b de48 
  0x0000015f370004d0: 899c 2440 | 0100 0048 

  0x0000015f370004d8: ;   {metadata(method data for {method} {0x0000015f56aa65b8} 'resolveClass' '(Lorg/jetbrains/kotlin/load/java/structure/JavaClass;)Lorg/jetbrains/kotlin/descriptors/ClassDescriptor;' in 'org/jetbrains/kotlin/resolve/jvm/JavaDescriptorResolver')}
  0x0000015f370004d8: 85db 48ba | f01b d357 | 5f01 0000 | 48c7 c678 | 0500 0074 | 0748 c7c6 | 8805 0000 | 488b 3c32 
  0x0000015f370004f8: 488d 7f01 | 4889 3c32 | 0f84 9506 | 0000 4c8b | 8424 e800 | 0000 483b | 0348 8bd3 

  0x0000015f37000514: ;   {metadata(method data for {method} {0x0000015f56aa65b8} 'resolveClass' '(Lorg/jetbrains/kotlin/load/java/structure/JavaClass;)Lorg/jetbrains/kotlin/descriptors/ClassDescriptor;' in 'org/jetbrains/kotlin/resolve/jvm/JavaDescriptorResolver')}
  0x0000015f37000514: 48be f01b | d357 5f01 | 0000 4883 | 8698 0500 

  0x0000015f37000524: ;   {metadata(method data for {method} {0x0000015f57173b60} 'findClassifierByJavaClass$descriptors_jvm' '(Lorg/jetbrains/kotlin/load/java/structure/JavaClass;)Lorg/jetbrains/kotlin/descriptors/ClassDescriptor;' in 'org/jetbrains/kotlin/load/java/lazy/descriptors/LazyJavaPackageFragment')}
  0x0000015f37000524: 0001 48ba | b87a d557 | 5f01 0000 | 8bb2 cc00 | 0000 83c6 | 0289 b2cc | 0000 0081 | e6fe ff1f 
  0x0000015f37000544: 0085 f60f | 8401 1200 

  0x0000015f3700054c: ;   {metadata(method data for {method} {0x0000015f57173b60} 'findClassifierByJavaClass$descriptors_jvm' '(Lorg/jetbrains/kotlin/load/java/structure/JavaClass;)Lorg/jetbrains/kotlin/descriptors/ClassDescriptor;' in 'org/jetbrains/kotlin/load/java/lazy/descriptors/LazyJavaPackageFragment')}
  0x0000015f3700054c: 0048 bab8 | 7ad5 575f | 0100 0048 | 8382 1001 

  0x0000015f3700055c: ;   {metadata(method data for {method} {0x0000015f49b3eee0} 'checkNotNullParameter' '(Ljava/lang/Object;Ljava/lang/String;)V' in 'kotlin/jvm/internal/Intrinsics')}
  0x0000015f3700055c: 0000 0148 | ba18 ee51 | 4c5f 0100 | 008b b2cc | 0000 0083 | c602 89b2 | cc00 0000 | 81e6 feff 
  0x0000015f3700057c: 1f00 85f6 | 0f84 e911 | 0000 4d85 

  0x0000015f37000588: ;   {metadata(method data for {method} {0x0000015f49b3eee0} 'checkNotNullParameter' '(Ljava/lang/Object;Ljava/lang/String;)V' in 'kotlin/jvm/internal/Intrinsics')}
  0x0000015f37000588: c048 ba18 | ee51 4c5f | 0100 0048 | c7c6 1001 | 0000 7507 | 48c7 c620 | 0100 0048 | 8b3c 3248 
  0x0000015f370005a8: 8d7f 0148 | 893c 320f | 85ff 0100 

  0x0000015f370005b4: ;   {metadata(method data for {method} {0x0000015f49b3eee0} 'checkNotNullParameter' '(Ljava/lang/Object;Ljava/lang/String;)V' in 'kotlin/jvm/internal/Intrinsics')}
  0x0000015f370005b4: 0048 ba18 | ee51 4c5f | 0100 0048 | 8382 3001 

  0x0000015f370005c4: ;   {metadata(method data for {method} {0x0000015f49b3f090} 'throwParameterIsNullNPE' '(Ljava/lang/String;)V' in 'kotlin/jvm/internal/Intrinsics')}
  0x0000015f370005c4: 0000 0148 | baa0 ef51 | 4c5f 0100 | 008b b2cc | 0000 0083 | c602 89b2 | cc00 0000 | 81e6 feff 
  0x0000015f370005e4: 1f00 85f6 | 0f84 a211 | 0000 6690 

  0x0000015f370005f0: ;   {no_reloc}
  0x0000015f370005f0: e9cb 1100 | 0000 0000 | 0000 498b | 87b8 0100 | 0048 8d78 | 3049 3bbf | c801 0000 | 0f87 b811 
  0x0000015f37000610: 0000 4989 | bfb8 0100 | 0048 c700 | 0100 0000 | 488b ca48 | c1e9 0389 | 4808 4833 | c989 480c 
  0x0000015f37000630: 4833 c948 | 8948 1048 | 8948 1848 | 8948 2048 

  0x0000015f37000640: ;   {metadata(method data for {method} {0x0000015f49b3f090} 'throwParameterIsNullNPE' '(Ljava/lang/String;)V' in 'kotlin/jvm/internal/Intrinsics')}
  0x0000015f37000640: 8948 2848 | baa0 ef51 | 4c5f 0100 | 0048 8382 | 1001 0000 

  0x0000015f37000654: ;   {oop("jClass"{0x000000008599b1e0})}
  0x0000015f37000654: 0148 bae0 | b199 8500 | 0000 0048 | 8984 2438 

  0x0000015f37000664: ;   {static_call}
  0x0000015f37000664: 0100 00e8 

  0x0000015f37000668: ; ImmutableOopMap {[232]=Oop [312]=Oop [320]=Oop }
                      ;*invokestatic createParameterIsNullExceptionMessage {reexecute=0 rethrow=0 return_oop=0}
                      ; - kotlin.jvm.internal.Intrinsics::throwParameterIsNullNPE@5 (line 140)
                      ; - kotlin.jvm.internal.Intrinsics::checkNotNullParameter@5 (line 131)
                      ; - org.jetbrains.kotlin.load.java.lazy.descriptors.LazyJavaPackageFragment::findClassifierByJavaClass$descriptors_jvm@3
                      ; - org.jetbrains.kotlin.resolve.jvm.JavaDescriptorResolver::resolveClass@161 (line 44)
  0x0000015f37000668: 14ea 7105 

  0x0000015f3700066c: ;   {other}
  0x0000015f3700066c: 0f1f 8400 | dc1c 0016 | 4c8b 8424 | 3801 0000 

  0x0000015f3700067c: ;   {metadata(method data for {method} {0x0000015f49b3f090} 'throwParameterIsNullNPE' '(Ljava/lang/String;)V' in 'kotlin/jvm/internal/Intrinsics')}
  0x0000015f3700067c: 48ba a0ef | 514c 5f01 | 0000 4883 | 8220 0100 | 0001 4c8b | c048 8b94 | 2438 0100 | 0066 0f1f 
  0x0000015f3700069c: ;   {optimized virtual_call}
  0x0000015f3700069c: 4400 00e8 

  0x0000015f370006a0: ; ImmutableOopMap {[232]=Oop [312]=Oop [320]=Oop }
                      ;*invokespecial <init> {reexecute=0 rethrow=0 return_oop=0}
                      ; - kotlin.jvm.internal.Intrinsics::throwParameterIsNullNPE@8 (line 140)
                      ; - kotlin.jvm.internal.Intrinsics::checkNotNullParameter@5 (line 131)
                      ; - org.jetbrains.kotlin.load.java.lazy.descriptors.LazyJavaPackageFragment::findClassifierByJavaClass$descriptors_jvm@3
                      ; - org.jetbrains.kotlin.resolve.jvm.JavaDescriptorResolver::resolveClass@161 (line 44)
  0x0000015f370006a0: dce3 7105 

  0x0000015f370006a4: ;   {other}
  0x0000015f370006a4: 0f1f 8400 | 141d 0017 

  0x0000015f370006ac: ;   {metadata(method data for {method} {0x0000015f49b3f090} 'throwParameterIsNullNPE' '(Ljava/lang/String;)V' in 'kotlin/jvm/internal/Intrinsics')}
  0x0000015f370006ac: 48ba a0ef | 514c 5f01 | 0000 4883 | 8230 0100 

  0x0000015f370006bc: ;   {metadata(method data for {method} {0x0000015f49b402e0} 'sanitizeStackTrace' '(Ljava/lang/Throwable;)Ljava/lang/Throwable;' in 'kotlin/jvm/internal/Intrinsics')}
  0x0000015f370006bc: 0001 48ba | 80f6 514c | 5f01 0000 | 8bb2 cc00 | 0000 83c6 | 0289 b2cc | 0000 0081 | e6fe ff1f 
  0x0000015f370006dc: 0085 f60f | 84f2 1000 

  0x0000015f370006e4: ;   {oop(a 'java/lang/Class'{0x0000000080fac980} = 'kotlin/jvm/internal/Intrinsics')}
  0x0000015f370006e4: 0048 ba80 | c9fa 8000 | 0000 0048 

  0x0000015f370006f0: ;   {metadata(method data for {method} {0x0000015f49b402e0} 'sanitizeStackTrace' '(Ljava/lang/Throwable;)Ljava/lang/Throwable;' in 'kotlin/jvm/internal/Intrinsics')}
  0x0000015f370006f0: 8bf2 48bf | 80f6 514c | 5f01 0000 | 4883 8710 | 0100 0001 

  0x0000015f37000704: ;   {metadata(method data for {method} {0x0000015f49017a68} 'getName' '()Ljava/lang/String;' in 'java/lang/Class')}
  0x0000015f37000704: 48be f0c2 | 6349 5f01 | 0000 8bbe | cc00 0000 | 83c7 0289 | becc 0000 | 0081 e7fe | ff1f 0085 
  0x0000015f37000724: ff0f 84cd | 1000 008b | 522c 4885 

  0x0000015f37000730: ;   {metadata(method data for {method} {0x0000015f49017a68} 'getName' '()Ljava/lang/String;' in 'java/lang/Class')}
  0x0000015f37000730: d248 bef0 | c263 495f | 0100 0048 | c7c7 1001 | 0000 7407 | 48c7 c720 | 0100 0048 | 8b1c 3e48 
  0x0000015f37000750: 8d5b 0148 | 891c 3e0f | 8418 0000 

  0x0000015f3700075c: ;   {metadata(method data for {method} {0x0000015f49017a68} 'getName' '()Ljava/lang/String;' in 'java/lang/Class')}
  0x0000015f3700075c: 0048 bef0 | c263 495f | 0100 00ff | 8630 0100 | 0048 8bf2 | e932 0000 

  0x0000015f37000774: ;   {oop(a 'java/lang/Class'{0x0000000080fac980} = 'kotlin/jvm/internal/Intrinsics')}
  0x0000015f37000774: 0048 ba80 | c9fa 8000 | 0000 0048 

  0x0000015f37000780: ;   {metadata(method data for {method} {0x0000015f49017a68} 'getName' '()Ljava/lang/String;' in 'java/lang/Class')}
  0x0000015f37000780: 8bf2 48bf | f0c2 6349 | 5f01 0000 | 4883 8748 | 0100 0001 

  0x0000015f37000794: ;   {optimized virtual_call}
  0x0000015f37000794: 6666 90e8 

  0x0000015f37000798: ; ImmutableOopMap {[232]=Oop [312]=Oop [320]=Oop }
                      ;*invokevirtual initClassName {reexecute=0 rethrow=0 return_oop=0}
                      ; - java.lang.Class::getName@14
                      ; - kotlin.jvm.internal.Intrinsics::sanitizeStackTrace@3 (line 253)
                      ; - kotlin.jvm.internal.Intrinsics::throwParameterIsNullNPE@11 (line 140)
                      ; - kotlin.jvm.internal.Intrinsics::checkNotNullParameter@5 (line 131)
                      ; - org.jetbrains.kotlin.load.java.lazy.descriptors.LazyJavaPackageFragment::findClassifierByJavaClass$descriptors_jvm@3
                      ; - org.jetbrains.kotlin.resolve.jvm.JavaDescriptorResolver::resolveClass@161 (line 44)
  0x0000015f37000798: e4e2 7105 

  0x0000015f3700079c: ;   {other}
  0x0000015f3700079c: 0f1f 8400 | 0c1e 0018 | 488b f048 | 8b84 2438 | 0100 00e9 | 6807 0000 | 8b53 3448 | 3b02 488b 
  0x0000015f370007bc: ;   {metadata(method data for {method} {0x0000015f57173b60} 'findClassifierByJavaClass$descriptors_jvm' '(Lorg/jetbrains/kotlin/load/java/structure/JavaClass;)Lorg/jetbrains/kotlin/descriptors/ClassDescriptor;' in 'org/jetbrains/kotlin/load/java/lazy/descriptors/LazyJavaPackageFragment')}
  0x0000015f370007bc: f248 bfb8 | 7ad5 575f | 0100 0048 | 8387 2001 | 0000 018b | 5a14 483b | 0348 8bd3 

  0x0000015f370007d8: ;   {metadata(method data for {method} {0x0000015f57173b60} 'findClassifierByJavaClass$descriptors_jvm' '(Lorg/jetbrains/kotlin/load/java/structure/JavaClass;)Lorg/jetbrains/kotlin/descriptors/ClassDescriptor;' in 'org/jetbrains/kotlin/load/java/lazy/descriptors/LazyJavaPackageFragment')}
  0x0000015f370007d8: 48be b87a | d557 5f01 | 0000 4883 | 8658 0100 

  0x0000015f370007e8: ;   {metadata(method data for {method} {0x0000015f5717c450} 'findClassifierByJavaClass$descriptors_jvm' '(Lorg/jetbrains/kotlin/load/java/structure/JavaClass;)Lorg/jetbrains/kotlin/descriptors/ClassDescriptor;' in 'org/jetbrains/kotlin/load/java/lazy/descriptors/LazyJavaPackageScope')}
  0x0000015f370007e8: 0001 48ba | 907c d557 | 5f01 0000 | 8bb2 cc00 | 0000 83c6 | 0289 b2cc | 0000 0081 | e6fe ff1f 
  0x0000015f37000808: 0085 f60f | 8417 1000 

  0x0000015f37000810: ;   {metadata(method data for {method} {0x0000015f5717c450} 'findClassifierByJavaClass$descriptors_jvm' '(Lorg/jetbrains/kotlin/load/java/structure/JavaClass;)Lorg/jetbrains/kotlin/descriptors/ClassDescriptor;' in 'org/jetbrains/kotlin/load/java/lazy/descriptors/LazyJavaPackageScope')}
  0x0000015f37000810: 0048 ba90 | 7cd5 575f | 0100 0048 | 8382 1001 

  0x0000015f37000820: ;   {metadata(method data for {method} {0x0000015f49b3eee0} 'checkNotNullParameter' '(Ljava/lang/Object;Ljava/lang/String;)V' in 'kotlin/jvm/internal/Intrinsics')}
  0x0000015f37000820: 0000 0148 | ba18 ee51 | 4c5f 0100 | 008b b2cc | 0000 0083 | c602 89b2 | cc00 0000 | 81e6 feff 
  0x0000015f37000840: 1f00 85f6 | 0f84 ff0f | 0000 4d85 

  0x0000015f3700084c: ;   {metadata(method data for {method} {0x0000015f49b3eee0} 'checkNotNullParameter' '(Ljava/lang/Object;Ljava/lang/String;)V' in 'kotlin/jvm/internal/Intrinsics')}
  0x0000015f3700084c: c048 ba18 | ee51 4c5f | 0100 0048 | c7c6 1001 | 0000 7507 | 48c7 c620 | 0100 0048 | 8b3c 3248 
  0x0000015f3700086c: 8d7f 0148 | 893c 3248 | 899c 2450 | 0100 000f | 8503 0200 

  0x0000015f37000880: ;   {metadata(method data for {method} {0x0000015f49b3eee0} 'checkNotNullParameter' '(Ljava/lang/Object;Ljava/lang/String;)V' in 'kotlin/jvm/internal/Intrinsics')}
  0x0000015f37000880: 0048 ba18 | ee51 4c5f | 0100 0048 | 8382 3001 

  0x0000015f37000890: ;   {metadata(method data for {method} {0x0000015f49b3f090} 'throwParameterIsNullNPE' '(Ljava/lang/String;)V' in 'kotlin/jvm/internal/Intrinsics')}
  0x0000015f37000890: 0000 0148 | baa0 ef51 | 4c5f 0100 | 008b b2cc | 0000 0083 | c602 89b2 | cc00 0000 | 81e6 feff 
  0x0000015f370008b0: 1f00 85f6 | 0f84 b00f | 0000 660f | 1f44 0000 

  0x0000015f370008c0: ;   {no_reloc}
  0x0000015f370008c0: e9d5 0f00 | 0000 0000 | 0000 498b | 87b8 0100 | 0048 8d78 | 3049 3bbf | c801 0000 | 0f87 c20f 
  0x0000015f370008e0: 0000 4989 | bfb8 0100 | 0048 c700 | 0100 0000 | 488b ca48 | c1e9 0389 | 4808 4833 | c989 480c 
  0x0000015f37000900: 4833 c948 | 8948 1048 | 8948 1848 | 8948 2048 

  0x0000015f37000910: ;   {metadata(method data for {method} {0x0000015f49b3f090} 'throwParameterIsNullNPE' '(Ljava/lang/String;)V' in 'kotlin/jvm/internal/Intrinsics')}
  0x0000015f37000910: 8948 2848 | baa0 ef51 | 4c5f 0100 | 0048 8382 | 1001 0000 

  0x0000015f37000924: ;   {oop("javaClass"{0x0000000085999ef0})}
  0x0000015f37000924: 0148 baf0 | 9e99 8500 | 0000 0048 | 8984 2448 

  0x0000015f37000934: ;   {static_call}
  0x0000015f37000934: 0100 00e8 

  0x0000015f37000938: ; ImmutableOopMap {[232]=Oop [328]=Oop [336]=Oop }
                      ;*invokestatic createParameterIsNullExceptionMessage {reexecute=0 rethrow=0 return_oop=0}
                      ; - kotlin.jvm.internal.Intrinsics::throwParameterIsNullNPE@5 (line 140)
                      ; - kotlin.jvm.internal.Intrinsics::checkNotNullParameter@5 (line 131)
                      ; - org.jetbrains.kotlin.load.java.lazy.descriptors.LazyJavaPackageScope::findClassifierByJavaClass$descriptors_jvm@4
                      ; - org.jetbrains.kotlin.load.java.lazy.descriptors.LazyJavaPackageFragment::findClassifierByJavaClass$descriptors_jvm@14 (line 68)
                      ; - org.jetbrains.kotlin.resolve.jvm.JavaDescriptorResolver::resolveClass@161 (line 44)
  0x0000015f37000938: 44e7 7105 

  0x0000015f3700093c: ;   {other}
  0x0000015f3700093c: 0f1f 8400 | ac1f 0019 | 4c8b 8424 | 4801 0000 

  0x0000015f3700094c: ;   {metadata(method data for {method} {0x0000015f49b3f090} 'throwParameterIsNullNPE' '(Ljava/lang/String;)V' in 'kotlin/jvm/internal/Intrinsics')}
  0x0000015f3700094c: 48ba a0ef | 514c 5f01 | 0000 4883 | 8220 0100 | 0001 4c8b | c048 8b94 | 2448 0100 | 0066 0f1f 
  0x0000015f3700096c: ;   {optimized virtual_call}
  0x0000015f3700096c: 4400 00e8 

  0x0000015f37000970: ; ImmutableOopMap {[232]=Oop [328]=Oop [336]=Oop }
                      ;*invokespecial <init> {reexecute=0 rethrow=0 return_oop=0}
                      ; - kotlin.jvm.internal.Intrinsics::throwParameterIsNullNPE@8 (line 140)
                      ; - kotlin.jvm.internal.Intrinsics::checkNotNullParameter@5 (line 131)
                      ; - org.jetbrains.kotlin.load.java.lazy.descriptors.LazyJavaPackageScope::findClassifierByJavaClass$descriptors_jvm@4
                      ; - org.jetbrains.kotlin.load.java.lazy.descriptors.LazyJavaPackageFragment::findClassifierByJavaClass$descriptors_jvm@14 (line 68)
                      ; - org.jetbrains.kotlin.resolve.jvm.JavaDescriptorResolver::resolveClass@161 (line 44)
  0x0000015f37000970: 0ce1 7105 

  0x0000015f37000974: ;   {other}
  0x0000015f37000974: 0f1f 8400 | e41f 001a 

  0x0000015f3700097c: ;   {metadata(method data for {method} {0x0000015f49b3f090} 'throwParameterIsNullNPE' '(Ljava/lang/String;)V' in 'kotlin/jvm/internal/Intrinsics')}
  0x0000015f3700097c: 48ba a0ef | 514c 5f01 | 0000 4883 | 8230 0100 

  0x0000015f3700098c: ;   {metadata(method data for {method} {0x0000015f49b402e0} 'sanitizeStackTrace' '(Ljava/lang/Throwable;)Ljava/lang/Throwable;' in 'kotlin/jvm/internal/Intrinsics')}
  0x0000015f3700098c: 0001 48ba | 80f6 514c | 5f01 0000 | 8bb2 cc00 | 0000 83c6 | 0289 b2cc | 0000 0081 | e6fe ff1f 
  0x0000015f370009ac: 0085 f60f | 84fc 0e00 

  0x0000015f370009b4: ;   {oop(a 'java/lang/Class'{0x0000000080fac980} = 'kotlin/jvm/internal/Intrinsics')}
  0x0000015f370009b4: 0048 ba80 | c9fa 8000 | 0000 0048 

  0x0000015f370009c0: ;   {metadata(method data for {method} {0x0000015f49b402e0} 'sanitizeStackTrace' '(Ljava/lang/Throwable;)Ljava/lang/Throwable;' in 'kotlin/jvm/internal/Intrinsics')}
  0x0000015f370009c0: 8bf2 48bf | 80f6 514c | 5f01 0000 | 4883 8710 | 0100 0001 

  0x0000015f370009d4: ;   {metadata(method data for {method} {0x0000015f49017a68} 'getName' '()Ljava/lang/String;' in 'java/lang/Class')}
  0x0000015f370009d4: 48be f0c2 | 6349 5f01 | 0000 8bbe | cc00 0000 | 83c7 0289 | becc 0000 | 0081 e7fe | ff1f 0085 
  0x0000015f370009f4: ff0f 84d7 | 0e00 008b | 522c 4885 

  0x0000015f37000a00: ;   {metadata(method data for {method} {0x0000015f49017a68} 'getName' '()Ljava/lang/String;' in 'java/lang/Class')}
  0x0000015f37000a00: d248 bef0 | c263 495f | 0100 0048 | c7c7 1001 | 0000 7407 | 48c7 c720 | 0100 0048 | 8b1c 3e48 
  0x0000015f37000a20: 8d5b 0148 | 891c 3e0f | 8418 0000 

  0x0000015f37000a2c: ;   {metadata(method data for {method} {0x0000015f49017a68} 'getName' '()Ljava/lang/String;' in 'java/lang/Class')}
  0x0000015f37000a2c: 0048 bef0 | c263 495f | 0100 00ff | 8630 0100 | 0048 8bf2 | e932 0000 

  0x0000015f37000a44: ;   {oop(a 'java/lang/Class'{0x0000000080fac980} = 'kotlin/jvm/internal/Intrinsics')}
  0x0000015f37000a44: 0048 ba80 | c9fa 8000 | 0000 0048 

  0x0000015f37000a50: ;   {metadata(method data for {method} {0x0000015f49017a68} 'getName' '()Ljava/lang/String;' in 'java/lang/Class')}
  0x0000015f37000a50: 8bf2 48bf | f0c2 6349 | 5f01 0000 | 4883 8748 | 0100 0001 

  0x0000015f37000a64: ;   {optimized virtual_call}
  0x0000015f37000a64: 6666 90e8 

  0x0000015f37000a68: ; ImmutableOopMap {[232]=Oop [328]=Oop [336]=Oop }
                      ;*invokevirtual initClassName {reexecute=0 rethrow=0 return_oop=0}
                      ; - java.lang.Class::getName@14
                      ; - kotlin.jvm.internal.Intrinsics::sanitizeStackTrace@3 (line 253)
                      ; - kotlin.jvm.internal.Intrinsics::throwParameterIsNullNPE@11 (line 140)
                      ; - kotlin.jvm.internal.Intrinsics::checkNotNullParameter@5 (line 131)
                      ; - org.jetbrains.kotlin.load.java.lazy.descriptors.LazyJavaPackageScope::findClassifierByJavaClass$descriptors_jvm@4
                      ; - org.jetbrains.kotlin.load.java.lazy.descriptors.LazyJavaPackageFragment::findClassifierByJavaClass$descriptors_jvm@14 (line 68)
                      ; - org.jetbrains.kotlin.resolve.jvm.JavaDescriptorResolver::resolveClass@161 (line 44)
  0x0000015f37000a68: 14e0 7105 

  0x0000015f37000a6c: ;   {other}
  0x0000015f37000a6c: 0f1f 8400 | dc20 001b | 488b f048 | 8b84 2448 | 0100 00e9 | 8603 0000 | 4c8b 8424 | e800 0000 
  0x0000015f37000a8c: ;   {metadata(method data for {method} {0x0000015f5717c450} 'findClassifierByJavaClass$descriptors_jvm' '(Lorg/jetbrains/kotlin/load/java/structure/JavaClass;)Lorg/jetbrains/kotlin/descriptors/ClassDescriptor;' in 'org/jetbrains/kotlin/load/java/lazy/descriptors/LazyJavaPackageScope')}
  0x0000015f37000a8c: 48ba 907c | d557 5f01 | 0000 458b | 4008 49c1 | e003 4c3b | 8230 0100 | 0075 0d48 | 8382 3801 
  0x0000015f37000aac: 0000 01e9 | 6000 0000 | 4c3b 8240 | 0100 0075 | 0d48 8382 | 4801 0000 | 01e9 4a00 | 0000 4883 
  0x0000015f37000acc: ba30 0100 | 0000 7517 | 4c89 8230 | 0100 0048 | c782 3801 | 0000 0100 | 0000 e929 | 0000 0048 
  0x0000015f37000aec: 83ba 4001 | 0000 0075 | 174c 8982 | 4001 0000 | 48c7 8248 | 0100 0001 | 0000 00e9 | 0800 0000 
  0x0000015f37000b0c: 4883 8220 | 0100 0001 | 488b 9424 | e800 0000 | 9048 b848 | 56d6 0001 

  0x0000015f37000b24: ;   {virtual_call}
  0x0000015f37000b24: 0000 00e8 

  0x0000015f37000b28: ; ImmutableOopMap {[232]=Oop [336]=Oop }
                      ;*invokeinterface getName {reexecute=0 rethrow=0 return_oop=0}
                      ; - org.jetbrains.kotlin.load.java.lazy.descriptors.LazyJavaPackageScope::findClassifierByJavaClass$descriptors_jvm@9 (line 149)
                      ; - org.jetbrains.kotlin.load.java.lazy.descriptors.LazyJavaPackageFragment::findClassifierByJavaClass$descriptors_jvm@14 (line 68)
                      ; - org.jetbrains.kotlin.resolve.jvm.JavaDescriptorResolver::resolveClass@161 (line 44)
  0x0000015f37000b28: 347f b2ff 

  0x0000015f37000b2c: ;   {other}
  0x0000015f37000b2c: 0f1f 8400 | 9c21 001c | 488b 9c24 | 5001 0000 

  0x0000015f37000b3c: ;   {metadata(method data for {method} {0x0000015f5717c450} 'findClassifierByJavaClass$descriptors_jvm' '(Lorg/jetbrains/kotlin/load/java/structure/JavaClass;)Lorg/jetbrains/kotlin/descriptors/ClassDescriptor;' in 'org/jetbrains/kotlin/load/java/lazy/descriptors/LazyJavaPackageScope')}
  0x0000015f37000b3c: 49b8 907c | d557 5f01 | 0000 4983 | 8058 0100 | 0001 4c8b | c04c 8b8c | 24e8 0000 | 0048 8b94 
  0x0000015f37000b5c: 2450 0100 | 0066 0f1f 

  0x0000015f37000b64: ;   {optimized virtual_call}
  0x0000015f37000b64: 4400 00e8 

  0x0000015f37000b68: ; ImmutableOopMap {}
                      ;*invokespecial findClassifier {reexecute=0 rethrow=0 return_oop=0}
                      ; - org.jetbrains.kotlin.load.java.lazy.descriptors.LazyJavaPackageScope::findClassifierByJavaClass$descriptors_jvm@15 (line 149)
                      ; - org.jetbrains.kotlin.load.java.lazy.descriptors.LazyJavaPackageFragment::findClassifierByJavaClass$descriptors_jvm@14 (line 68)
                      ; - org.jetbrains.kotlin.resolve.jvm.JavaDescriptorResolver::resolveClass@161 (line 44)
  0x0000015f37000b68: b435 7306 

  0x0000015f37000b6c: ;   {other}
  0x0000015f37000b6c: 0f1f 8400 | dc21 001d 

  0x0000015f37000b74: ;   {metadata(method data for {method} {0x0000015f56aa65b8} 'resolveClass' '(Lorg/jetbrains/kotlin/load/java/structure/JavaClass;)Lorg/jetbrains/kotlin/descriptors/ClassDescriptor;' in 'org/jetbrains/kotlin/resolve/jvm/JavaDescriptorResolver')}
  0x0000015f37000b74: 49b8 f01b | d357 5f01 | 0000 41ff | 80d0 0500 | 0048 81c4 | 6001 0000 

  0x0000015f37000b8c: ;   {poll_return}
  0x0000015f37000b8c: 5d49 3ba7 | 4804 0000 | 0f87 5e0d 

  0x0000015f37000b98: ;   {oop(nullptr)}
  0x0000015f37000b98: 0000 c348 | b800 0000 | 0000 0000 | 0048 81c4 | 6001 0000 

  0x0000015f37000bac: ;   {poll_return}
  0x0000015f37000bac: 5d49 3ba7 | 4804 0000 | 0f87 540d 

  0x0000015f37000bb8: ;   {oop(nullptr)}
  0x0000015f37000bb8: 0000 c348 | b800 0000 | 0000 0000 | 0048 81c4 | 6001 0000 

  0x0000015f37000bcc: ;   {poll_return}
  0x0000015f37000bcc: 5d49 3ba7 | 4804 0000 | 0f87 4a0d | 0000 c348 | 85c0 7516 

  0x0000015f37000be0: ;   {metadata(method data for {method} {0x0000015f56aa65b8} 'resolveClass' '(Lorg/jetbrains/kotlin/load/java/structure/JavaClass;)Lorg/jetbrains/kotlin/descriptors/ClassDescriptor;' in 'org/jetbrains/kotlin/resolve/jvm/JavaDescriptorResolver')}
  0x0000015f37000be0: 48ba f01b | d357 5f01 | 0000 808a | 3904 0000 | 01e9 d500 

  0x0000015f37000bf4: ;   {metadata('org/jetbrains/kotlin/descriptors/ClassDescriptor')}
  0x0000015f37000bf4: 0000 48be | 284a bb00 | 0100 0000 | 8b50 0848 | c1e2 0348 | 3b72 200f | 841a 0000 | 0048 3bd6 
  0x0000015f37000c14: 0f84 1100 | 0000 5256 

  0x0000015f37000c1c: ;   {runtime_call slow_subtype_check Runtime1 stub}
  0x0000015f37000c1c: e8df 687d | 055a 5a85 | d20f 8484 

  0x0000015f37000c28: ;   {metadata(method data for {method} {0x0000015f56aa65b8} 'resolveClass' '(Lorg/jetbrains/kotlin/load/java/structure/JavaClass;)Lorg/jetbrains/kotlin/descriptors/ClassDescriptor;' in 'org/jetbrains/kotlin/resolve/jvm/JavaDescriptorResolver')}
  0x0000015f37000c28: 0000 0048 | baf0 1bd3 | 575f 0100 | 008b 7008 | 48c1 e603 | 483b b250 | 0400 0075 | 0d48 8382 
  0x0000015f37000c48: 5804 0000 | 01e9 7900 | 0000 483b | b260 0400 | 0075 0d48 | 8382 6804 | 0000 01e9 | 6300 0000 
  0x0000015f37000c68: 4883 ba50 | 0400 0000 | 7517 4889 | b250 0400 | 0048 c782 | 5804 0000 | 0100 0000 | e942 0000 
  0x0000015f37000c88: 0048 83ba | 6004 0000 | 0075 1748 | 89b2 6004 | 0000 48c7 | 8268 0400 | 0001 0000 | 00e9 2100 
  0x0000015f37000ca8: 0000 e91c 

  0x0000015f37000cac: ;   {metadata(method data for {method} {0x0000015f56aa65b8} 'resolveClass' '(Lorg/jetbrains/kotlin/load/java/structure/JavaClass;)Lorg/jetbrains/kotlin/descriptors/ClassDescriptor;' in 'org/jetbrains/kotlin/resolve/jvm/JavaDescriptorResolver')}
  0x0000015f37000cac: 0000 0048 | baf0 1bd3 | 575f 0100 | 0048 83aa | 4004 0000 | 01e9 740c | 0000 e900 

  0x0000015f37000cc8: ;   {metadata(method data for {method} {0x0000015f56aa65b8} 'resolveClass' '(Lorg/jetbrains/kotlin/load/java/structure/JavaClass;)Lorg/jetbrains/kotlin/descriptors/ClassDescriptor;' in 'org/jetbrains/kotlin/resolve/jvm/JavaDescriptorResolver')}
  0x0000015f37000cc8: 0000 0049 | b8f0 1bd3 | 575f 0100 | 0041 ff80 | 7804 0000 | 4881 c460 | 0100 005d 

  0x0000015f37000ce4: ;   {poll_return}
  0x0000015f37000ce4: 493b a748 | 0400 000f | 8752 0c00 

  0x0000015f37000cf0: ;   {oop(nullptr)}
  0x0000015f37000cf0: 00c3 48b8 | 0000 0000 | 0000 0000 | 4881 c460 | 0100 005d 

  0x0000015f37000d04: ;   {poll_return}
  0x0000015f37000d04: 493b a748 | 0400 000f | 8748 0c00 | 00c3 488b | 8424 f800 | 0000 488b | 9424 f000 | 0000 8b52 
  0x0000015f37000d24: 1048 85d2 | 0f84 2000 

  0x0000015f37000d2c: ;   {metadata('org/jetbrains/kotlin/load/java/components/AbstractJavaResolverCache')}
  0x0000015f37000d2c: 0000 48bb | 68c4 c300 | 0100 0000 | 8b7a 0848 | c1e7 0348 | 3b5f 380f | 8526 0c00 | 00e9 0000 
  0x0000015f37000d4c: 0000 4c8b | c248 3b02 

  0x0000015f37000d54: ;   {metadata(method data for {method} {0x0000015f56aa65b8} 'resolveClass' '(Lorg/jetbrains/kotlin/load/java/structure/JavaClass;)Lorg/jetbrains/kotlin/descriptors/ClassDescriptor;' in 'org/jetbrains/kotlin/resolve/jvm/JavaDescriptorResolver')}
  0x0000015f37000d54: 4c8b c248 | bef0 1bd3 | 575f 0100 | 0045 8b40 | 0849 c1e0 | 034c 3b86 | e001 0000 | 750d 4883 
  0x0000015f37000d74: 86e8 0100 | 0001 e960 | 0000 004c | 3b86 f001 | 0000 750d | 4883 86f8 | 0100 0001 | e94a 0000 
  0x0000015f37000d94: 0048 83be | e001 0000 | 0075 174c | 8986 e001 | 0000 48c7 | 86e8 0100 | 0001 0000 | 00e9 2900 
  0x0000015f37000db4: 0000 4883 | bef0 0100 | 0000 7517 | 4c89 86f0 | 0100 0048 | c786 f801 | 0000 0100 | 0000 e908 
  0x0000015f37000dd4: 0000 0048 | 8386 d001 | 0000 014c | 8bc0 0f1f 

  0x0000015f37000de4: ;   {optimized virtual_call}
  0x0000015f37000de4: 4400 00e8 

  0x0000015f37000de8: ; ImmutableOopMap {}
                      ;*invokeinterface getClassResolvedFromSource {reexecute=0 rethrow=0 return_oop=0}
                      ; - org.jetbrains.kotlin.resolve.jvm.JavaDescriptorResolver::resolveClass@34 (line 33)
  0x0000015f37000de8: 94dc 7105 

  0x0000015f37000dec: ;   {other}
  0x0000015f37000dec: 0f1f 8400 | 5c24 001e | 4881 c460 | 0100 005d 

  0x0000015f37000dfc: ;   {poll_return}
  0x0000015f37000dfc: 493b a748 | 0400 000f | 8770 0b00 

  0x0000015f37000e08: ;   {metadata(method data for {method} {0x0000015f49b402e0} 'sanitizeStackTrace' '(Ljava/lang/Throwable;)Ljava/lang/Throwable;' in 'kotlin/jvm/internal/Intrinsics')}
  0x0000015f37000e08: 00c3 48ba | 80f6 514c | 5f01 0000 | 4883 8248 | 0100 0001 | 488b d04c | 8bc6 0f1f 

  0x0000015f37000e24: ;   {static_call}
  0x0000015f37000e24: 4400 00e8 

  0x0000015f37000e28: ; ImmutableOopMap {[232]=Oop [336]=Oop }
                      ;*invokestatic sanitizeStackTrace {reexecute=0 rethrow=0 return_oop=0}
                      ; - kotlin.jvm.internal.Intrinsics::sanitizeStackTrace@6 (line 253)
                      ; - kotlin.jvm.internal.Intrinsics::throwParameterIsNullNPE@11 (line 140)
                      ; - kotlin.jvm.internal.Intrinsics::checkNotNullParameter@5 (line 131)
                      ; - org.jetbrains.kotlin.load.java.lazy.descriptors.LazyJavaPackageScope::findClassifierByJavaClass$descriptors_jvm@4
                      ; - org.jetbrains.kotlin.load.java.lazy.descriptors.LazyJavaPackageFragment::findClassifierByJavaClass$descriptors_jvm@14 (line 68)
                      ; - org.jetbrains.kotlin.resolve.jvm.JavaDescriptorResolver::resolveClass@161 (line 44)
  0x0000015f37000e28: 54e2 7105 

  0x0000015f37000e2c: ;   {other}
  0x0000015f37000e2c: 0f1f 8400 | 9c24 001f | 488b 9c24 | 5001 0000 | 4885 c075 

  0x0000015f37000e40: ;   {metadata(method data for {method} {0x0000015f49b3f090} 'throwParameterIsNullNPE' '(Ljava/lang/String;)V' in 'kotlin/jvm/internal/Intrinsics')}
  0x0000015f37000e40: 1749 b8a0 | ef51 4c5f | 0100 0041 | 8088 3901 | 0000 01e9 | bc00 0000 

  0x0000015f37000e58: ;   {metadata('java/lang/NullPointerException')}
  0x0000015f37000e58: 48be 30e4 | 0500 0100 | 0000 448b | 4008 49c1 | e003 493b | 7050 0f85 | 8400 0000 

  0x0000015f37000e74: ;   {metadata(method data for {method} {0x0000015f49b3f090} 'throwParameterIsNullNPE' '(Ljava/lang/String;)V' in 'kotlin/jvm/internal/Intrinsics')}
  0x0000015f37000e74: 49b8 a0ef | 514c 5f01 | 0000 8b70 | 0848 c1e6 | 0349 3bb0 | 5001 0000 | 750d 4983 | 8058 0100 
  0x0000015f37000e94: 0001 e979 | 0000 0049 | 3bb0 6001 | 0000 750d | 4983 8068 | 0100 0001 | e963 0000 | 0049 83b8 
  0x0000015f37000eb4: 5001 0000 | 0075 1749 | 89b0 5001 | 0000 49c7 | 8058 0100 | 0001 0000 | 00e9 4200 | 0000 4983 
  0x0000015f37000ed4: b860 0100 | 0000 7517 | 4989 b060 | 0100 0049 | c780 6801 | 0000 0100 | 0000 e921 | 0000 00e9 
  0x0000015f37000ef4: 1c00 0000 

  0x0000015f37000ef8: ;   {metadata(method data for {method} {0x0000015f49b3f090} 'throwParameterIsNullNPE' '(Ljava/lang/String;)V' in 'kotlin/jvm/internal/Intrinsics')}
  0x0000015f37000ef8: 49b8 a0ef | 514c 5f01 | 0000 4983 | a840 0100 | 0001 e980 | 0a00 00e9 | 0000 0000 

  0x0000015f37000f14: ; implicit exception: dispatches to 0x0000015f37001998
  0x0000015f37000f14: 483b 00e9 | d60a 0000 

  0x0000015f37000f1c: ;   {metadata(method data for {method} {0x0000015f49b402e0} 'sanitizeStackTrace' '(Ljava/lang/Throwable;)Ljava/lang/Throwable;' in 'kotlin/jvm/internal/Intrinsics')}
  0x0000015f37000f1c: 48ba 80f6 | 514c 5f01 | 0000 4883 | 8248 0100 | 0001 488b | d04c 8bc6 

  0x0000015f37000f34: ;   {static_call}
  0x0000015f37000f34: 6666 90e8 

  0x0000015f37000f38: ; ImmutableOopMap {[232]=Oop [320]=Oop }
                      ;*invokestatic sanitizeStackTrace {reexecute=0 rethrow=0 return_oop=0}
                      ; - kotlin.jvm.internal.Intrinsics::sanitizeStackTrace@6 (line 253)
                      ; - kotlin.jvm.internal.Intrinsics::throwParameterIsNullNPE@11 (line 140)
                      ; - kotlin.jvm.internal.Intrinsics::checkNotNullParameter@5 (line 131)
                      ; - org.jetbrains.kotlin.load.java.lazy.descriptors.LazyJavaPackageFragment::findClassifierByJavaClass$descriptors_jvm@3
                      ; - org.jetbrains.kotlin.resolve.jvm.JavaDescriptorResolver::resolveClass@161 (line 44)
  0x0000015f37000f38: 44e1 7105 

  0x0000015f37000f3c: ;   {other}
  0x0000015f37000f3c: 0f1f 8400 | ac25 0020 | 488b 9c24 | 4001 0000 | 4885 c075 

  0x0000015f37000f50: ;   {metadata(method data for {method} {0x0000015f49b3f090} 'throwParameterIsNullNPE' '(Ljava/lang/String;)V' in 'kotlin/jvm/internal/Intrinsics')}
  0x0000015f37000f50: 1749 b8a0 | ef51 4c5f | 0100 0041 | 8088 3901 | 0000 01e9 | bc00 0000 

  0x0000015f37000f68: ;   {metadata('java/lang/NullPointerException')}
  0x0000015f37000f68: 48be 30e4 | 0500 0100 | 0000 448b | 4008 49c1 | e003 493b | 7050 0f85 | 8400 0000 

  0x0000015f37000f84: ;   {metadata(method data for {method} {0x0000015f49b3f090} 'throwParameterIsNullNPE' '(Ljava/lang/String;)V' in 'kotlin/jvm/internal/Intrinsics')}
  0x0000015f37000f84: 49b8 a0ef | 514c 5f01 | 0000 8b70 | 0848 c1e6 | 0349 3bb0 | 5001 0000 | 750d 4983 | 8058 0100 
  0x0000015f37000fa4: 0001 e979 | 0000 0049 | 3bb0 6001 | 0000 750d | 4983 8068 | 0100 0001 | e963 0000 | 0049 83b8 
  0x0000015f37000fc4: 5001 0000 | 0075 1749 | 89b0 5001 | 0000 49c7 | 8058 0100 | 0001 0000 | 00e9 4200 | 0000 4983 
  0x0000015f37000fe4: b860 0100 | 0000 7517 | 4989 b060 | 0100 0049 | c780 6801 | 0000 0100 | 0000 e921 | 0000 00e9 
  0x0000015f37001004: 1c00 0000 

  0x0000015f37001008: ;   {metadata(method data for {method} {0x0000015f49b3f090} 'throwParameterIsNullNPE' '(Ljava/lang/String;)V' in 'kotlin/jvm/internal/Intrinsics')}
  0x0000015f37001008: 49b8 a0ef | 514c 5f01 | 0000 4983 | a840 0100 | 0001 e97e | 0900 00e9 | 0000 0000 

  0x0000015f37001024: ; implicit exception: dispatches to 0x0000015f370019a6
  0x0000015f37001024: 483b 00e9 | c609 0000 

  0x0000015f3700102c: ;   {metadata(method data for {method} {0x0000015f49b402e0} 'sanitizeStackTrace' '(Ljava/lang/Throwable;)Ljava/lang/Throwable;' in 'kotlin/jvm/internal/Intrinsics')}
  0x0000015f3700102c: 48ba 80f6 | 514c 5f01 | 0000 4883 | 8248 0100 | 0001 488b | d04c 8bc6 

  0x0000015f37001044: ;   {static_call}
  0x0000015f37001044: 6666 90e8 

  0x0000015f37001048: ; ImmutableOopMap {[232]=Oop [304]=Oop }
                      ;*invokestatic sanitizeStackTrace {reexecute=0 rethrow=0 return_oop=0}
                      ; - kotlin.jvm.internal.Intrinsics::sanitizeStackTrace@6 (line 253)
                      ; - kotlin.jvm.internal.Intrinsics::throwParameterIsNullNPE@11 (line 140)
                      ; - kotlin.jvm.internal.Intrinsics::checkNotNullParameter@5 (line 131)
                      ; - kotlin.collections.CollectionsKt___CollectionsKt::firstOrNull@3
                      ; - org.jetbrains.kotlin.resolve.jvm.JavaDescriptorResolver::resolveClass@150 (line 44)
  0x0000015f37001048: 34e0 7105 

  0x0000015f3700104c: ;   {other}
  0x0000015f3700104c: 0f1f 8400 | bc26 0021 | 488b 9424 | 3001 0000 | 4885 c075 

  0x0000015f37001060: ;   {metadata(method data for {method} {0x0000015f49b3f090} 'throwParameterIsNullNPE' '(Ljava/lang/String;)V' in 'kotlin/jvm/internal/Intrinsics')}
  0x0000015f37001060: 1648 bea0 | ef51 4c5f | 0100 0080 | 8e39 0100 | 0001 e9bb 

  0x0000015f37001074: ;   {metadata('java/lang/NullPointerException')}
  0x0000015f37001074: 0000 0048 | bf30 e405 | 0001 0000 | 008b 7008 | 48c1 e603 | 483b 7e50 | 0f85 8400 

  0x0000015f37001090: ;   {metadata(method data for {method} {0x0000015f49b3f090} 'throwParameterIsNullNPE' '(Ljava/lang/String;)V' in 'kotlin/jvm/internal/Intrinsics')}
  0x0000015f37001090: 0000 48be | a0ef 514c | 5f01 0000 | 8b78 0848 | c1e7 0348 | 3bbe 5001 | 0000 750d | 4883 8658 
  0x0000015f370010b0: 0100 0001 | e979 0000 | 0048 3bbe | 6001 0000 | 750d 4883 | 8668 0100 | 0001 e963 | 0000 0048 
  0x0000015f370010d0: 83be 5001 | 0000 0075 | 1748 89be | 5001 0000 | 48c7 8658 | 0100 0001 | 0000 00e9 | 4200 0000 
  0x0000015f370010f0: 4883 be60 | 0100 0000 | 7517 4889 | be60 0100 | 0048 c786 | 6801 0000 | 0100 0000 | e921 0000 
  0x0000015f37001110: 00e9 1c00 

  0x0000015f37001114: ;   {metadata(method data for {method} {0x0000015f49b3f090} 'throwParameterIsNullNPE' '(Ljava/lang/String;)V' in 'kotlin/jvm/internal/Intrinsics')}
  0x0000015f37001114: 0000 48be | a0ef 514c | 5f01 0000 | 4883 ae40 | 0100 0001 | e97e 0800 | 00e9 0000 | 0000 483b 
  0x0000015f37001134: 00e9 b808 

  0x0000015f37001138: ;   {metadata(method data for {method} {0x0000015f49b402e0} 'sanitizeStackTrace' '(Ljava/lang/Throwable;)Ljava/lang/Throwable;' in 'kotlin/jvm/internal/Intrinsics')}
  0x0000015f37001138: 0000 48ba | 80f6 514c | 5f01 0000 | 4883 8248 | 0100 0001 | 488b d04c | 8bc6 0f1f 

  0x0000015f37001154: ;   {static_call}
  0x0000015f37001154: 4400 00e8 

  0x0000015f37001158: ; ImmutableOopMap {[232]=Oop [264]=Oop [272]=Oop }
                      ;*invokestatic sanitizeStackTrace {reexecute=0 rethrow=0 return_oop=0}
                      ; - kotlin.jvm.internal.Intrinsics::sanitizeStackTrace@6 (line 253)
                      ; - kotlin.jvm.internal.Intrinsics::throwParameterIsNullNPE@11 (line 140)
                      ; - kotlin.jvm.internal.Intrinsics::checkNotNullParameter@5 (line 131)
                      ; - org.jetbrains.kotlin.load.java.lazy.LazyJavaPackageFragmentProvider::getPackageFragments@3
                      ; - org.jetbrains.kotlin.resolve.jvm.JavaDescriptorResolver::resolveClass@147 (line 44)
  0x0000015f37001158: 24df 7105 

  0x0000015f3700115c: ;   {other}
  0x0000015f3700115c: 0f1f 8400 | cc27 0022 | 488b 9424 | 1001 0000 | 488b b424 | 0801 0000 | 4885 c075 

  0x0000015f37001178: ;   {metadata(method data for {method} {0x0000015f49b3f090} 'throwParameterIsNullNPE' '(Ljava/lang/String;)V' in 'kotlin/jvm/internal/Intrinsics')}
  0x0000015f37001178: 1648 bfa0 | ef51 4c5f | 0100 0080 | 8f39 0100 | 0001 e9bb 

  0x0000015f3700118c: ;   {metadata('java/lang/NullPointerException')}
  0x0000015f3700118c: 0000 0048 | bb30 e405 | 0001 0000 | 008b 7808 | 48c1 e703 | 483b 5f50 | 0f85 8400 

  0x0000015f370011a8: ;   {metadata(method data for {method} {0x0000015f49b3f090} 'throwParameterIsNullNPE' '(Ljava/lang/String;)V' in 'kotlin/jvm/internal/Intrinsics')}
  0x0000015f370011a8: 0000 48bf | a0ef 514c | 5f01 0000 | 8b58 0848 | c1e3 0348 | 3b9f 5001 | 0000 750d | 4883 8758 
  0x0000015f370011c8: 0100 0001 | e979 0000 | 0048 3b9f | 6001 0000 | 750d 4883 | 8768 0100 | 0001 e963 | 0000 0048 
  0x0000015f370011e8: 83bf 5001 | 0000 0075 | 1748 899f | 5001 0000 | 48c7 8758 | 0100 0001 | 0000 00e9 | 4200 0000 
  0x0000015f37001208: 4883 bf60 | 0100 0000 | 7517 4889 | 9f60 0100 | 0048 c787 | 6801 0000 | 0100 0000 | e921 0000 
  0x0000015f37001228: 00e9 1c00 

  0x0000015f3700122c: ;   {metadata(method data for {method} {0x0000015f49b3f090} 'throwParameterIsNullNPE' '(Ljava/lang/String;)V' in 'kotlin/jvm/internal/Intrinsics')}
  0x0000015f3700122c: 0000 48bf | a0ef 514c | 5f01 0000 | 4883 af40 | 0100 0001 | e974 0700 | 00e9 0000 | 0000 483b 
  0x0000015f3700124c: 00e9 a007 

  0x0000015f37001250: ;   {metadata(method data for {method} {0x0000015f49b402e0} 'sanitizeStackTrace' '(Ljava/lang/Throwable;)Ljava/lang/Throwable;' in 'kotlin/jvm/internal/Intrinsics')}
  0x0000015f37001250: 0000 49b8 | 80f6 514c | 5f01 0000 | 4983 8048 | 0100 0001 | 488b d04c | 8bc6 0f1f 

  0x0000015f3700126c: ;   {static_call}
  0x0000015f3700126c: 4400 00e8 

  0x0000015f37001270: ; ImmutableOopMap {[232]=Oop [240]=Oop }
                      ;*invokestatic sanitizeStackTrace {reexecute=0 rethrow=0 return_oop=0}
                      ; - kotlin.jvm.internal.Intrinsics::sanitizeStackTrace@6 (line 253)
                      ; - kotlin.jvm.internal.Intrinsics::throwParameterIsNullNPE@11 (line 140)
                      ; - kotlin.jvm.internal.Intrinsics::checkNotNullParameter@5 (line 131)
                      ; - org.jetbrains.kotlin.resolve.jvm.JavaDescriptorResolver::resolveClass@3
  0x0000015f37001270: 0cde 7105 

  0x0000015f37001274: ;   {other}
  0x0000015f37001274: 0f1f 8400 | e428 0023 | 4c8b 8424 | e800 0000 | 488b 9424 | f000 0000 | 4885 c075 

  0x0000015f37001290: ;   {metadata(method data for {method} {0x0000015f49b3f090} 'throwParameterIsNullNPE' '(Ljava/lang/String;)V' in 'kotlin/jvm/internal/Intrinsics')}
  0x0000015f37001290: 1648 bfa0 | ef51 4c5f | 0100 0080 | 8f39 0100 | 0001 e9bb 

  0x0000015f370012a4: ;   {metadata('java/lang/NullPointerException')}
  0x0000015f370012a4: 0000 0048 | bb30 e405 | 0001 0000 | 008b 7808 | 48c1 e703 | 483b 5f50 | 0f85 8400 

  0x0000015f370012c0: ;   {metadata(method data for {method} {0x0000015f49b3f090} 'throwParameterIsNullNPE' '(Ljava/lang/String;)V' in 'kotlin/jvm/internal/Intrinsics')}
  0x0000015f370012c0: 0000 48bf | a0ef 514c | 5f01 0000 | 8b58 0848 | c1e3 0348 | 3b9f 5001 | 0000 750d | 4883 8758 
  0x0000015f370012e0: 0100 0001 | e979 0000 | 0048 3b9f | 6001 0000 | 750d 4883 | 8768 0100 | 0001 e963 | 0000 0048 
  0x0000015f37001300: 83bf 5001 | 0000 0075 | 1748 899f | 5001 0000 | 48c7 8758 | 0100 0001 | 0000 00e9 | 4200 0000 
  0x0000015f37001320: 4883 bf60 | 0100 0000 | 7517 4889 | 9f60 0100 | 0048 c787 | 6801 0000 | 0100 0000 | e921 0000 
  0x0000015f37001340: 00e9 1c00 

  0x0000015f37001344: ;   {metadata(method data for {method} {0x0000015f49b3f090} 'throwParameterIsNullNPE' '(Ljava/lang/String;)V' in 'kotlin/jvm/internal/Intrinsics')}
  0x0000015f37001344: 0000 48bf | a0ef 514c | 5f01 0000 | 4883 af40 | 0100 0001 | e96a 0600 | 00e9 0000 | 0000 483b 
  0x0000015f37001364: 00e9 8806 

  0x0000015f37001368: ;   {metadata({method} {0x0000015f56aa65b8} 'resolveClass' '(Lorg/jetbrains/kotlin/load/java/structure/JavaClass;)Lorg/jetbrains/kotlin/descriptors/ClassDescriptor;' in 'org/jetbrains/kotlin/resolve/jvm/JavaDescriptorResolver')}
  0x0000015f37001368: 0000 49ba | b065 aa56 | 5f01 0000 | 4c89 5424 | 0848 c704 | 24ff ffff 

  0x0000015f37001380: ;   {runtime_call counter_overflow Runtime1 stub}
  0x0000015f37001380: ffe8 7a88 

  0x0000015f37001384: ; ImmutableOopMap {rdx=Oop r8=Oop [232]=Oop [240]=Oop }
                      ;*synchronization entry
                      ; - org.jetbrains.kotlin.resolve.jvm.JavaDescriptorResolver::resolveClass@-1
  0x0000015f37001384: 7d05 e96b 

  0x0000015f37001388: ;   {metadata({method} {0x0000015f49b3eee0} 'checkNotNullParameter' '(Ljava/lang/Object;Ljava/lang/String;)V' in 'kotlin/jvm/internal/Intrinsics')}
  0x0000015f37001388: dcff ff49 | bad8 eeb3 | 495f 0100 | 004c 8954 | 2408 48c7 | 0424 ffff 

  0x0000015f370013a0: ;   {runtime_call counter_overflow Runtime1 stub}
  0x0000015f370013a0: ffff e859 

  0x0000015f370013a4: ; ImmutableOopMap {rdx=Oop r8=Oop [232]=Oop [240]=Oop }
                      ;*synchronization entry
                      ; - kotlin.jvm.internal.Intrinsics::checkNotNullParameter@-1 (line 130)
                      ; - org.jetbrains.kotlin.resolve.jvm.JavaDescriptorResolver::resolveClass@3
  0x0000015f370013a4: 887d 05e9 | 83dc ffff 

  0x0000015f370013ac: ;   {metadata({method} {0x0000015f49b3f090} 'throwParameterIsNullNPE' '(Ljava/lang/String;)V' in 'kotlin/jvm/internal/Intrinsics')}
  0x0000015f370013ac: 49ba 88f0 | b349 5f01 | 0000 4c89 | 5424 0848 | c704 24ff 

  0x0000015f370013c0: ;   {runtime_call counter_overflow Runtime1 stub}
  0x0000015f370013c0: ffff ffe8 

  0x0000015f370013c4: ; ImmutableOopMap {[232]=Oop [240]=Oop }
                      ;*synchronization entry
                      ; - kotlin.jvm.internal.Intrinsics::throwParameterIsNullNPE@-1 (line 140)
                      ; - kotlin.jvm.internal.Intrinsics::checkNotNullParameter@5 (line 131)
                      ; - org.jetbrains.kotlin.resolve.jvm.JavaDescriptorResolver::resolveClass@3
  0x0000015f370013c4: 3888 7d05 | e9ca dcff 

  0x0000015f370013cc: ;   {metadata(nullptr)}
  0x0000015f370013cc: ff48 ba00 | 0000 0000 | 0000 00b8 | 000f 050a 

  0x0000015f370013dc: ;   {runtime_call load_klass_patching Runtime1 stub}
  0x0000015f370013dc: e89f 777d 

  0x0000015f370013e0: ; ImmutableOopMap {[232]=Oop [240]=Oop }
                      ;*new {reexecute=1 rethrow=0 return_oop=0}
                      ; - (reexecute) kotlin.jvm.internal.Intrinsics::throwParameterIsNullNPE@0 (line 140)
                      ; - kotlin.jvm.internal.Intrinsics::checkNotNullParameter@5 (line 131)
                      ; - org.jetbrains.kotlin.resolve.jvm.JavaDescriptorResolver::resolveClass@3
  0x0000015f370013e0: 05e9 b2dc | ffff 488b 

  0x0000015f370013e8: ;   {runtime_call fast_new_instance Runtime1 stub}
  0x0000015f370013e8: d2e8 1240 

  0x0000015f370013ec: ; ImmutableOopMap {[232]=Oop [240]=Oop }
                      ;*new {reexecute=0 rethrow=0 return_oop=0}
                      ; - kotlin.jvm.internal.Intrinsics::throwParameterIsNullNPE@0 (line 140)
                      ; - kotlin.jvm.internal.Intrinsics::checkNotNullParameter@5 (line 131)
                      ; - org.jetbrains.kotlin.resolve.jvm.JavaDescriptorResolver::resolveClass@3
  0x0000015f370013ec: 7d05 e9f8 

  0x0000015f370013f0: ;   {metadata({method} {0x0000015f49b402e0} 'sanitizeStackTrace' '(Ljava/lang/Throwable;)Ljava/lang/Throwable;' in 'kotlin/jvm/internal/Intrinsics')}
  0x0000015f370013f0: dcff ff49 | bad8 02b4 | 495f 0100 | 004c 8954 | 2408 48c7 | 0424 ffff 

  0x0000015f37001408: ;   {runtime_call counter_overflow Runtime1 stub}
  0x0000015f37001408: ffff e8f1 

  0x0000015f3700140c: ; ImmutableOopMap {[224]=Oop [232]=Oop [240]=Oop }
                      ;*synchronization entry
                      ; - kotlin.jvm.internal.Intrinsics::sanitizeStackTrace@-1 (line 253)
                      ; - kotlin.jvm.internal.Intrinsics::throwParameterIsNullNPE@11 (line 140)
                      ; - kotlin.jvm.internal.Intrinsics::checkNotNullParameter@5 (line 131)
                      ; - org.jetbrains.kotlin.resolve.jvm.JavaDescriptorResolver::resolveClass@3
  0x0000015f3700140c: 877d 05e9 | 79dd ffff 

  0x0000015f37001414: ;   {metadata({method} {0x0000015f49017a68} 'getName' '()Ljava/lang/String;' in 'java/lang/Class')}
  0x0000015f37001414: 49ba 607a | 0149 5f01 | 0000 4c89 | 5424 0848 | c704 24ff 

  0x0000015f37001428: ;   {runtime_call counter_overflow Runtime1 stub}
  0x0000015f37001428: ffff ffe8 

  0x0000015f3700142c: ; ImmutableOopMap {rdx=Oop [224]=Oop [232]=Oop [240]=Oop }
                      ;*synchronization entry
                      ; - java.lang.Class::getName@-1
                      ; - kotlin.jvm.internal.Intrinsics::sanitizeStackTrace@3 (line 253)
                      ; - kotlin.jvm.internal.Intrinsics::throwParameterIsNullNPE@11 (line 140)
                      ; - kotlin.jvm.internal.Intrinsics::checkNotNullParameter@5 (line 131)
                      ; - org.jetbrains.kotlin.resolve.jvm.JavaDescriptorResolver::resolveClass@3
  0x0000015f3700142c: d087 7d05 | e99e ddff 

  0x0000015f37001434: ;   {runtime_call throw_null_pointer_exception Runtime1 stub}
  0x0000015f37001434: ffe8 c636 

  0x0000015f37001438: ; ImmutableOopMap {[224]=Oop [232]=Oop [240]=Oop }
                      ;*getfield name {reexecute=1 rethrow=0 return_oop=0}
                      ; - (reexecute) java.lang.Class::getName@1
                      ; - kotlin.jvm.internal.Intrinsics::sanitizeStackTrace@3 (line 253)
                      ; - kotlin.jvm.internal.Intrinsics::throwParameterIsNullNPE@11 (line 140)
                      ; - kotlin.jvm.internal.Intrinsics::checkNotNullParameter@5 (line 131)
                      ; - org.jetbrains.kotlin.resolve.jvm.JavaDescriptorResolver::resolveClass@3
                      ;   {runtime_call throw_null_pointer_exception Runtime1 stub}
  0x0000015f37001438: 7d05 e8c1 

  0x0000015f3700143c: ; ImmutableOopMap {r8=Oop [232]=Oop [240]=Oop }
                      ;*invokeinterface getFqName {reexecute=0 rethrow=0 return_oop=0}
                      ; - org.jetbrains.kotlin.resolve.jvm.JavaDescriptorResolver::resolveClass@7 (line 31)
                      ;   {runtime_call throw_null_pointer_exception Runtime1 stub}
  0x0000015f3700143c: 367d 05e8 

  0x0000015f37001440: ; ImmutableOopMap {rax=Oop [232]=Oop }
                      ;*invokeinterface getUnsubstitutedInnerClassesScope {reexecute=0 rethrow=0 return_oop=0}
                      ; - org.jetbrains.kotlin.resolve.jvm.JavaDescriptorResolver::resolveClass@67 (line 37)
  0x0000015f37001440: bc36 7d05 

  0x0000015f37001444: ;   {runtime_call throw_null_pointer_exception Runtime1 stub}
  0x0000015f37001444: e8b7 367d 

  0x0000015f37001448: ; ImmutableOopMap {rax=Oop rdx=Oop }
                      ;*invokeinterface getContributedClassifier {reexecute=0 rethrow=0 return_oop=0}
                      ; - org.jetbrains.kotlin.resolve.jvm.JavaDescriptorResolver::resolveClass@97 (line 38)
                      ;   {runtime_call throw_null_pointer_exception Runtime1 stub}
  0x0000015f37001448: 05e8 b236 

  0x0000015f3700144c: ; ImmutableOopMap {rax=Oop rsi=Oop [232]=Oop [264]=Oop }
                      ;*invokevirtual parent {reexecute=0 rethrow=0 return_oop=0}
                      ; - org.jetbrains.kotlin.resolve.jvm.JavaDescriptorResolver::resolveClass@138 (line 44)
                      ;   {runtime_call throw_null_pointer_exception Runtime1 stub}
  0x0000015f3700144c: 7d05 e8ad 

  0x0000015f37001450: ; ImmutableOopMap {rsi=Oop [232]=Oop [264]=Oop [272]=Oop }
                      ;*invokevirtual getPackageFragments {reexecute=0 rethrow=0 return_oop=0}
                      ; - org.jetbrains.kotlin.resolve.jvm.JavaDescriptorResolver::resolveClass@147 (line 44)
                      ;   {metadata({method} {0x0000015f56b5e018} 'getPackageFragments' '(Lorg/jetbrains/kotlin/name/FqName;)Ljava/util/List;' in 'org/jetbrains/kotlin/load/java/lazy/LazyJavaPackageFragmentProvider')}
  0x0000015f37001450: 367d 0549 | ba10 e0b5 | 565f 0100 | 004c 8954 | 2408 48c7 | 0424 ffff 

  0x0000015f37001468: ;   {runtime_call counter_overflow Runtime1 stub}
  0x0000015f37001468: ffff e891 

  0x0000015f3700146c: ; ImmutableOopMap {rsi=Oop [232]=Oop [264]=Oop [272]=Oop }
                      ;*synchronization entry
                      ; - org.jetbrains.kotlin.load.java.lazy.LazyJavaPackageFragmentProvider::getPackageFragments@-1
                      ; - org.jetbrains.kotlin.resolve.jvm.JavaDescriptorResolver::resolveClass@147 (line 44)
  0x0000015f3700146c: 877d 05e9 | a7e5 ffff 

  0x0000015f37001474: ;   {metadata({method} {0x0000015f49b3eee0} 'checkNotNullParameter' '(Ljava/lang/Object;Ljava/lang/String;)V' in 'kotlin/jvm/internal/Intrinsics')}
  0x0000015f37001474: 49ba d8ee | b349 5f01 | 0000 4c89 | 5424 0848 | c704 24ff 

  0x0000015f37001488: ;   {runtime_call counter_overflow Runtime1 stub}
  0x0000015f37001488: ffff ffe8 

  0x0000015f3700148c: ; ImmutableOopMap {rsi=Oop [232]=Oop [264]=Oop [272]=Oop }
                      ;*synchronization entry
                      ; - kotlin.jvm.internal.Intrinsics::checkNotNullParameter@-1 (line 130)
                      ; - org.jetbrains.kotlin.load.java.lazy.LazyJavaPackageFragmentProvider::getPackageFragments@3
                      ; - org.jetbrains.kotlin.resolve.jvm.JavaDescriptorResolver::resolveClass@147 (line 44)
  0x0000015f3700148c: 7087 7d05 | e9bf e5ff 

  0x0000015f37001494: ;   {metadata({method} {0x0000015f49b3f090} 'throwParameterIsNullNPE' '(Ljava/lang/String;)V' in 'kotlin/jvm/internal/Intrinsics')}
  0x0000015f37001494: ff49 ba88 | f0b3 495f | 0100 004c | 8954 2408 | 48c7 0424 | ffff ffff 

  0x0000015f370014ac: ;   {runtime_call counter_overflow Runtime1 stub}
  0x0000015f370014ac: e84f 877d 

  0x0000015f370014b0: ; ImmutableOopMap {[232]=Oop [264]=Oop [272]=Oop }
                      ;*synchronization entry
                      ; - kotlin.jvm.internal.Intrinsics::throwParameterIsNullNPE@-1 (line 140)
                      ; - kotlin.jvm.internal.Intrinsics::checkNotNullParameter@5 (line 131)
                      ; - org.jetbrains.kotlin.load.java.lazy.LazyJavaPackageFragmentProvider::getPackageFragments@3
                      ; - org.jetbrains.kotlin.resolve.jvm.JavaDescriptorResolver::resolveClass@147 (line 44)
  0x0000015f370014b0: 05e9 0ee6 

  0x0000015f370014b4: ;   {metadata(nullptr)}
  0x0000015f370014b4: ffff 48ba | 0000 0000 | 0000 0000 | b800 0f05 

  0x0000015f370014c4: ;   {runtime_call load_klass_patching Runtime1 stub}
  0x0000015f370014c4: 0ae8 b676 

  0x0000015f370014c8: ; ImmutableOopMap {[232]=Oop [264]=Oop [272]=Oop }
                      ;*new {reexecute=1 rethrow=0 return_oop=0}
                      ; - (reexecute) kotlin.jvm.internal.Intrinsics::throwParameterIsNullNPE@0 (line 140)
                      ; - kotlin.jvm.internal.Intrinsics::checkNotNullParameter@5 (line 131)
                      ; - org.jetbrains.kotlin.load.java.lazy.LazyJavaPackageFragmentProvider::getPackageFragments@3
                      ; - org.jetbrains.kotlin.resolve.jvm.JavaDescriptorResolver::resolveClass@147 (line 44)
  0x0000015f370014c8: 7d05 e9f9 | e5ff ff48 

  0x0000015f370014d0: ;   {runtime_call fast_new_instance Runtime1 stub}
  0x0000015f370014d0: 8bd2 e829 

  0x0000015f370014d4: ; ImmutableOopMap {[232]=Oop [264]=Oop [272]=Oop }
                      ;*new {reexecute=0 rethrow=0 return_oop=0}
                      ; - kotlin.jvm.internal.Intrinsics::throwParameterIsNullNPE@0 (line 140)
                      ; - kotlin.jvm.internal.Intrinsics::checkNotNullParameter@5 (line 131)
                      ; - org.jetbrains.kotlin.load.java.lazy.LazyJavaPackageFragmentProvider::getPackageFragments@3
                      ; - org.jetbrains.kotlin.resolve.jvm.JavaDescriptorResolver::resolveClass@147 (line 44)
  0x0000015f370014d4: 3f7d 05e9 | 3fe6 ffff 

  0x0000015f370014dc: ;   {metadata({method} {0x0000015f49b402e0} 'sanitizeStackTrace' '(Ljava/lang/Throwable;)Ljava/lang/Throwable;' in 'kotlin/jvm/internal/Intrinsics')}
  0x0000015f370014dc: 49ba d802 | b449 5f01 | 0000 4c89 | 5424 0848 | c704 24ff 

  0x0000015f370014f0: ;   {runtime_call counter_overflow Runtime1 stub}
  0x0000015f370014f0: ffff ffe8 

  0x0000015f370014f4: ; ImmutableOopMap {[232]=Oop [264]=Oop [272]=Oop [280]=Oop }
                      ;*synchronization entry
                      ; - kotlin.jvm.internal.Intrinsics::sanitizeStackTrace@-1 (line 253)
                      ; - kotlin.jvm.internal.Intrinsics::throwParameterIsNullNPE@11 (line 140)
                      ; - kotlin.jvm.internal.Intrinsics::checkNotNullParameter@5 (line 131)
                      ; - org.jetbrains.kotlin.load.java.lazy.LazyJavaPackageFragmentProvider::getPackageFragments@3
                      ; - org.jetbrains.kotlin.resolve.jvm.JavaDescriptorResolver::resolveClass@147 (line 44)
  0x0000015f370014f4: 0887 7d05 | e9c0 e6ff 

  0x0000015f370014fc: ;   {metadata({method} {0x0000015f49017a68} 'getName' '()Ljava/lang/String;' in 'java/lang/Class')}
  0x0000015f370014fc: ff49 ba60 | 7a01 495f | 0100 004c | 8954 2408 | 48c7 0424 | ffff ffff 

  0x0000015f37001514: ;   {runtime_call counter_overflow Runtime1 stub}
  0x0000015f37001514: e8e7 867d 

  0x0000015f37001518: ; ImmutableOopMap {rdx=Oop [232]=Oop [264]=Oop [272]=Oop [280]=Oop }
                      ;*synchronization entry
                      ; - java.lang.Class::getName@-1
                      ; - kotlin.jvm.internal.Intrinsics::sanitizeStackTrace@3 (line 253)
                      ; - kotlin.jvm.internal.Intrinsics::throwParameterIsNullNPE@11 (line 140)
                      ; - kotlin.jvm.internal.Intrinsics::checkNotNullParameter@5 (line 131)
                      ; - org.jetbrains.kotlin.load.java.lazy.LazyJavaPackageFragmentProvider::getPackageFragments@3
                      ; - org.jetbrains.kotlin.resolve.jvm.JavaDescriptorResolver::resolveClass@147 (line 44)
  0x0000015f37001518: 05e9 e5e6 

  0x0000015f3700151c: ;   {runtime_call throw_null_pointer_exception Runtime1 stub}
  0x0000015f3700151c: ffff e8dd 

  0x0000015f37001520: ; ImmutableOopMap {[232]=Oop [264]=Oop [272]=Oop [280]=Oop }
                      ;*getfield name {reexecute=1 rethrow=0 return_oop=0}
                      ; - (reexecute) java.lang.Class::getName@1
                      ; - kotlin.jvm.internal.Intrinsics::sanitizeStackTrace@3 (line 253)
                      ; - kotlin.jvm.internal.Intrinsics::throwParameterIsNullNPE@11 (line 140)
                      ; - kotlin.jvm.internal.Intrinsics::checkNotNullParameter@5 (line 131)
                      ; - org.jetbrains.kotlin.load.java.lazy.LazyJavaPackageFragmentProvider::getPackageFragments@3
                      ; - org.jetbrains.kotlin.resolve.jvm.JavaDescriptorResolver::resolveClass@147 (line 44)
                      ;   {metadata({method} {0x0000015f4c3c30c8} 'listOfNotNull' '(Ljava/lang/Object;)Ljava/util/List;' in 'kotlin/collections/CollectionsKt__CollectionsKt')}
  0x0000015f37001520: 357d 0549 | bac0 303c | 4c5f 0100 | 004c 8954 | 2408 48c7 | 0424 ffff 

  0x0000015f37001538: ;   {runtime_call counter_overflow Runtime1 stub}
  0x0000015f37001538: ffff e8c1 

  0x0000015f3700153c: ; ImmutableOopMap {r8=Oop [232]=Oop }
                      ;*synchronization entry
                      ; - kotlin.collections.CollectionsKt__CollectionsKt::listOfNotNull@-1 (line 130)
                      ; - org.jetbrains.kotlin.load.java.lazy.LazyJavaPackageFragmentProvider::getPackageFragments@11 (line 45)
                      ; - org.jetbrains.kotlin.resolve.jvm.JavaDescriptorResolver::resolveClass@147 (line 44)
  0x0000015f3700153c: 867d 05e9 | bce7 ffff 

  0x0000015f37001544: ;   {metadata({method} {0x0000015f4c3c5800} 'listOf' '(Ljava/lang/Object;)Ljava/util/List;' in 'kotlin/collections/CollectionsKt__CollectionsJVMKt')}
  0x0000015f37001544: 49ba f857 | 3c4c 5f01 | 0000 4c89 | 5424 0848 | c704 24ff 

  0x0000015f37001558: ;   {runtime_call counter_overflow Runtime1 stub}
  0x0000015f37001558: ffff ffe8 

  0x0000015f3700155c: ; ImmutableOopMap {r8=Oop [232]=Oop }
                      ;*synchronization entry
                      ; - kotlin.collections.CollectionsKt__CollectionsJVMKt::listOf@-1 (line 22)
                      ; - kotlin.collections.CollectionsKt__CollectionsKt::listOfNotNull@5 (line 130)
                      ; - org.jetbrains.kotlin.load.java.lazy.LazyJavaPackageFragmentProvider::getPackageFragments@11 (line 45)
                      ; - org.jetbrains.kotlin.resolve.jvm.JavaDescriptorResolver::resolveClass@147 (line 44)
  0x0000015f3700155c: a086 7d05 | e903 e8ff 

  0x0000015f37001564: ;   {metadata({method} {0x0000015f4929b840} 'singletonList' '(Ljava/lang/Object;)Ljava/util/List;' in 'java/util/Collections')}
  0x0000015f37001564: ff49 ba38 | b829 495f | 0100 004c | 8954 2408 | 48c7 0424 | ffff ffff 

  0x0000015f3700157c: ;   {runtime_call counter_overflow Runtime1 stub}
  0x0000015f3700157c: e87f 867d 

  0x0000015f37001580: ; ImmutableOopMap {r8=Oop [232]=Oop }
                      ;*synchronization entry
                      ; - java.util.Collections::singletonList@-1
                      ; - kotlin.collections.CollectionsKt__CollectionsJVMKt::listOf@1 (line 22)
                      ; - kotlin.collections.CollectionsKt__CollectionsKt::listOfNotNull@5 (line 130)
                      ; - org.jetbrains.kotlin.load.java.lazy.LazyJavaPackageFragmentProvider::getPackageFragments@11 (line 45)
                      ; - org.jetbrains.kotlin.resolve.jvm.JavaDescriptorResolver::resolveClass@147 (line 44)
  0x0000015f37001580: 05e9 1be8 | ffff 488b 

  0x0000015f37001588: ;   {runtime_call fast_new_instance Runtime1 stub}
  0x0000015f37001588: d2e8 723e 

  0x0000015f3700158c: ; ImmutableOopMap {r8=Oop [232]=Oop }
                      ;*new {reexecute=0 rethrow=0 return_oop=0}
                      ; - java.util.Collections::singletonList@0
                      ; - kotlin.collections.CollectionsKt__CollectionsJVMKt::listOf@1 (line 22)
                      ; - kotlin.collections.CollectionsKt__CollectionsKt::listOfNotNull@5 (line 130)
                      ; - org.jetbrains.kotlin.load.java.lazy.LazyJavaPackageFragmentProvider::getPackageFragments@11 (line 45)
                      ; - org.jetbrains.kotlin.resolve.jvm.JavaDescriptorResolver::resolveClass@147 (line 44)
  0x0000015f3700158c: 7d05 e955 

  0x0000015f37001590: ;   {metadata({method} {0x0000015f49778ea0} '<init>' '(Ljava/lang/Object;)V' in 'java/util/Collections$SingletonList')}
  0x0000015f37001590: e8ff ff49 | ba98 8e77 | 495f 0100 | 004c 8954 | 2408 48c7 | 0424 ffff 

  0x0000015f370015a8: ;   {runtime_call counter_overflow Runtime1 stub}
  0x0000015f370015a8: ffff e851 

  0x0000015f370015ac: ; ImmutableOopMap {r8=Oop rax=Oop [232]=Oop }
                      ;*synchronization entry
                      ; - java.util.Collections$SingletonList::<init>@-1
                      ; - java.util.Collections::singletonList@5
                      ; - kotlin.collections.CollectionsKt__CollectionsJVMKt::listOf@1 (line 22)
                      ; - kotlin.collections.CollectionsKt__CollectionsKt::listOfNotNull@5 (line 130)
                      ; - org.jetbrains.kotlin.load.java.lazy.LazyJavaPackageFragmentProvider::getPackageFragments@11 (line 45)
                      ; - org.jetbrains.kotlin.resolve.jvm.JavaDescriptorResolver::resolveClass@147 (line 44)
  0x0000015f370015ac: 867d 05e9 | 70e8 ffff 

  0x0000015f370015b4: ;   {metadata({method} {0x0000015f49121620} '<init>' '()V' in 'java/util/AbstractList')}
  0x0000015f370015b4: 49ba 1816 | 1249 5f01 | 0000 4c89 | 5424 0848 | c704 24ff 

  0x0000015f370015c8: ;   {runtime_call counter_overflow Runtime1 stub}
  0x0000015f370015c8: ffff ffe8 

  0x0000015f370015cc: ; ImmutableOopMap {r8=Oop rax=Oop [232]=Oop }
                      ;*synchronization entry
                      ; - java.util.AbstractList::<init>@-1
                      ; - java.util.Collections$SingletonList::<init>@1
                      ; - java.util.Collections::singletonList@5
                      ; - kotlin.collections.CollectionsKt__CollectionsJVMKt::listOf@1 (line 22)
                      ; - kotlin.collections.CollectionsKt__CollectionsKt::listOfNotNull@5 (line 130)
                      ; - org.jetbrains.kotlin.load.java.lazy.LazyJavaPackageFragmentProvider::getPackageFragments@11 (line 45)
                      ; - org.jetbrains.kotlin.resolve.jvm.JavaDescriptorResolver::resolveClass@147 (line 44)
  0x0000015f370015cc: 3086 7d05 | e98b e8ff 

  0x0000015f370015d4: ;   {metadata({method} {0x0000015f49122e90} '<init>' '()V' in 'java/util/AbstractCollection')}
  0x0000015f370015d4: ff49 ba88 | 2e12 495f | 0100 004c | 8954 2408 | 48c7 0424 | ffff ffff 

  0x0000015f370015ec: ;   {runtime_call counter_overflow Runtime1 stub}
  0x0000015f370015ec: e80f 867d 

  0x0000015f370015f0: ; ImmutableOopMap {r8=Oop rax=Oop [232]=Oop }
                      ;*synchronization entry
                      ; - java.util.AbstractCollection::<init>@-1
                      ; - java.util.AbstractList::<init>@1
                      ; - java.util.Collections$SingletonList::<init>@1
                      ; - java.util.Collections::singletonList@5
                      ; - kotlin.collections.CollectionsKt__CollectionsJVMKt::listOf@1 (line 22)
                      ; - kotlin.collections.CollectionsKt__CollectionsKt::listOfNotNull@5 (line 130)
                      ; - org.jetbrains.kotlin.load.java.lazy.LazyJavaPackageFragmentProvider::getPackageFragments@11 (line 45)
                      ; - org.jetbrains.kotlin.resolve.jvm.JavaDescriptorResolver::resolveClass@147 (line 44)
  0x0000015f370015f0: 05e9 a6e8 

  0x0000015f370015f4: ;   {metadata({method} {0x0000015f49000638} '<init>' '()V' in 'java/lang/Object')}
  0x0000015f370015f4: ffff 49ba | 3006 0049 | 5f01 0000 | 4c89 5424 | 0848 c704 | 24ff ffff 

  0x0000015f3700160c: ;   {runtime_call counter_overflow Runtime1 stub}
  0x0000015f3700160c: ffe8 ee85 

  0x0000015f37001610: ; ImmutableOopMap {r8=Oop rax=Oop [232]=Oop }
                      ;*synchronization entry
                      ; - java.lang.Object::<init>@-1
                      ; - java.util.AbstractCollection::<init>@1
                      ; - java.util.AbstractList::<init>@1
                      ; - java.util.Collections$SingletonList::<init>@1
                      ; - java.util.Collections::singletonList@5
                      ; - kotlin.collections.CollectionsKt__CollectionsJVMKt::listOf@1 (line 22)
                      ; - kotlin.collections.CollectionsKt__CollectionsKt::listOfNotNull@5 (line 130)
                      ; - org.jetbrains.kotlin.load.java.lazy.LazyJavaPackageFragmentProvider::getPackageFragments@11 (line 45)
                      ; - org.jetbrains.kotlin.resolve.jvm.JavaDescriptorResolver::resolveClass@147 (line 44)
  0x0000015f37001610: 7d05 e9c1 | e8ff ff8b | 5010 4883 | fa00 0f84 | c1e8 ffff | 4889 1424 

  0x0000015f37001628: ;   {runtime_call g1_pre_barrier_slow}
  0x0000015f37001628: e8d3 8b7d | 05e9 b3e8 | ffff 4983 | f800 0f84 | c4e8 ffff | 4889 0424 

  0x0000015f37001640: ;   {runtime_call g1_post_barrier_slow}
  0x0000015f37001640: e8bb 8e7d | 05e9 b6e8 

  0x0000015f37001648: ;   {metadata({method} {0x0000015f4c3c2ae8} 'emptyList' '()Ljava/util/List;' in 'kotlin/collections/CollectionsKt__CollectionsKt')}
  0x0000015f37001648: ffff 49ba | e02a 3c4c | 5f01 0000 | 4c89 5424 | 0848 c704 | 24ff ffff 

  0x0000015f37001660: ;   {runtime_call counter_overflow Runtime1 stub}
  0x0000015f37001660: ffe8 9a85 

  0x0000015f37001664: ; ImmutableOopMap {[232]=Oop }
                      ;*synchronization entry
                      ; - kotlin.collections.CollectionsKt__CollectionsKt::emptyList@-1 (line 71)
                      ; - kotlin.collections.CollectionsKt__CollectionsKt::listOfNotNull@12 (line 130)
                      ; - org.jetbrains.kotlin.load.java.lazy.LazyJavaPackageFragmentProvider::getPackageFragments@11 (line 45)
                      ; - org.jetbrains.kotlin.resolve.jvm.JavaDescriptorResolver::resolveClass@147 (line 44)
  0x0000015f37001664: 7d05 e91f 

  0x0000015f37001668: ;   {metadata({method} {0x0000015f4c3a5070} 'firstOrNull' '(Ljava/util/List;)Ljava/lang/Object;' in 'kotlin/collections/CollectionsKt___CollectionsKt')}
  0x0000015f37001668: e9ff ff49 | ba68 503a | 4c5f 0100 | 004c 8954 | 2408 48c7 | 0424 ffff 

  0x0000015f37001680: ;   {runtime_call counter_overflow Runtime1 stub}
  0x0000015f37001680: ffff e879 

  0x0000015f37001684: ; ImmutableOopMap {rax=Oop [232]=Oop }
                      ;*synchronization entry
                      ; - kotlin.collections.CollectionsKt___CollectionsKt::firstOrNull@-1
                      ; - org.jetbrains.kotlin.resolve.jvm.JavaDescriptorResolver::resolveClass@150 (line 44)
  0x0000015f37001684: 857d 05e9 | 41e9 ffff 

  0x0000015f3700168c: ;   {metadata({method} {0x0000015f49b3eee0} 'checkNotNullParameter' '(Ljava/lang/Object;Ljava/lang/String;)V' in 'kotlin/jvm/internal/Intrinsics')}
  0x0000015f3700168c: 49ba d8ee | b349 5f01 | 0000 4c89 | 5424 0848 | c704 24ff 

  0x0000015f370016a0: ;   {runtime_call counter_overflow Runtime1 stub}
  0x0000015f370016a0: ffff ffe8 

  0x0000015f370016a4: ; ImmutableOopMap {rax=Oop [232]=Oop }
                      ;*synchronization entry
                      ; - kotlin.jvm.internal.Intrinsics::checkNotNullParameter@-1 (line 130)
                      ; - kotlin.collections.CollectionsKt___CollectionsKt::firstOrNull@3
                      ; - org.jetbrains.kotlin.resolve.jvm.JavaDescriptorResolver::resolveClass@150 (line 44)
  0x0000015f370016a4: 5885 7d05 | e959 e9ff 

  0x0000015f370016ac: ;   {metadata({method} {0x0000015f49b3f090} 'throwParameterIsNullNPE' '(Ljava/lang/String;)V' in 'kotlin/jvm/internal/Intrinsics')}
  0x0000015f370016ac: ff49 ba88 | f0b3 495f | 0100 004c | 8954 2408 | 48c7 0424 | ffff ffff 

  0x0000015f370016c4: ;   {runtime_call counter_overflow Runtime1 stub}
  0x0000015f370016c4: e837 857d 

  0x0000015f370016c8: ; ImmutableOopMap {[232]=Oop [304]=Oop }
                      ;*synchronization entry
                      ; - kotlin.jvm.internal.Intrinsics::throwParameterIsNullNPE@-1 (line 140)
                      ; - kotlin.jvm.internal.Intrinsics::checkNotNullParameter@5 (line 131)
                      ; - kotlin.collections.CollectionsKt___CollectionsKt::firstOrNull@3
                      ; - org.jetbrains.kotlin.resolve.jvm.JavaDescriptorResolver::resolveClass@150 (line 44)
  0x0000015f370016c8: 05e9 a8e9 

  0x0000015f370016cc: ;   {metadata(nullptr)}
  0x0000015f370016cc: ffff 48ba | 0000 0000 | 0000 0000 | b800 0f05 

  0x0000015f370016dc: ;   {runtime_call load_klass_patching Runtime1 stub}
  0x0000015f370016dc: 0ae8 9e74 

  0x0000015f370016e0: ; ImmutableOopMap {[232]=Oop [304]=Oop }
                      ;*new {reexecute=1 rethrow=0 return_oop=0}
                      ; - (reexecute) kotlin.jvm.internal.Intrinsics::throwParameterIsNullNPE@0 (line 140)
                      ; - kotlin.jvm.internal.Intrinsics::checkNotNullParameter@5 (line 131)
                      ; - kotlin.collections.CollectionsKt___CollectionsKt::firstOrNull@3
                      ; - org.jetbrains.kotlin.resolve.jvm.JavaDescriptorResolver::resolveClass@150 (line 44)
  0x0000015f370016e0: 7d05 e991 | e9ff ff48 

  0x0000015f370016e8: ;   {runtime_call fast_new_instance Runtime1 stub}
  0x0000015f370016e8: 8bd2 e811 

  0x0000015f370016ec: ; ImmutableOopMap {[232]=Oop [304]=Oop }
                      ;*new {reexecute=0 rethrow=0 return_oop=0}
                      ; - kotlin.jvm.internal.Intrinsics::throwParameterIsNullNPE@0 (line 140)
                      ; - kotlin.jvm.internal.Intrinsics::checkNotNullParameter@5 (line 131)
                      ; - kotlin.collections.CollectionsKt___CollectionsKt::firstOrNull@3
                      ; - org.jetbrains.kotlin.resolve.jvm.JavaDescriptorResolver::resolveClass@150 (line 44)
  0x0000015f370016ec: 3d7d 05e9 | d7e9 ffff 

  0x0000015f370016f4: ;   {metadata({method} {0x0000015f49b402e0} 'sanitizeStackTrace' '(Ljava/lang/Throwable;)Ljava/lang/Throwable;' in 'kotlin/jvm/internal/Intrinsics')}
  0x0000015f370016f4: 49ba d802 | b449 5f01 | 0000 4c89 | 5424 0848 | c704 24ff 

  0x0000015f37001708: ;   {runtime_call counter_overflow Runtime1 stub}
  0x0000015f37001708: ffff ffe8 

  0x0000015f3700170c: ; ImmutableOopMap {[232]=Oop [296]=Oop [304]=Oop }
                      ;*synchronization entry
                      ; - kotlin.jvm.internal.Intrinsics::sanitizeStackTrace@-1 (line 253)
                      ; - kotlin.jvm.internal.Intrinsics::throwParameterIsNullNPE@11 (line 140)
                      ; - kotlin.jvm.internal.Intrinsics::checkNotNullParameter@5 (line 131)
                      ; - kotlin.collections.CollectionsKt___CollectionsKt::firstOrNull@3
                      ; - org.jetbrains.kotlin.resolve.jvm.JavaDescriptorResolver::resolveClass@150 (line 44)
  0x0000015f3700170c: f084 7d05 | e958 eaff 

  0x0000015f37001714: ;   {metadata({method} {0x0000015f49017a68} 'getName' '()Ljava/lang/String;' in 'java/lang/Class')}
  0x0000015f37001714: ff49 ba60 | 7a01 495f | 0100 004c | 8954 2408 | 48c7 0424 | ffff ffff 

  0x0000015f3700172c: ;   {runtime_call counter_overflow Runtime1 stub}
  0x0000015f3700172c: e8cf 847d 

  0x0000015f37001730: ; ImmutableOopMap {rdx=Oop [232]=Oop [296]=Oop [304]=Oop }
                      ;*synchronization entry
                      ; - java.lang.Class::getName@-1
                      ; - kotlin.jvm.internal.Intrinsics::sanitizeStackTrace@3 (line 253)
                      ; - kotlin.jvm.internal.Intrinsics::throwParameterIsNullNPE@11 (line 140)
                      ; - kotlin.jvm.internal.Intrinsics::checkNotNullParameter@5 (line 131)
                      ; - kotlin.collections.CollectionsKt___CollectionsKt::firstOrNull@3
                      ; - org.jetbrains.kotlin.resolve.jvm.JavaDescriptorResolver::resolveClass@150 (line 44)
  0x0000015f37001730: 05e9 7dea 

  0x0000015f37001734: ;   {runtime_call throw_null_pointer_exception Runtime1 stub}
  0x0000015f37001734: ffff e8c5 

  0x0000015f37001738: ; ImmutableOopMap {[232]=Oop [296]=Oop [304]=Oop }
                      ;*getfield name {reexecute=1 rethrow=0 return_oop=0}
                      ; - (reexecute) java.lang.Class::getName@1
                      ; - kotlin.jvm.internal.Intrinsics::sanitizeStackTrace@3 (line 253)
                      ; - kotlin.jvm.internal.Intrinsics::throwParameterIsNullNPE@11 (line 140)
                      ; - kotlin.jvm.internal.Intrinsics::checkNotNullParameter@5 (line 131)
                      ; - kotlin.collections.CollectionsKt___CollectionsKt::firstOrNull@3
                      ; - org.jetbrains.kotlin.resolve.jvm.JavaDescriptorResolver::resolveClass@150 (line 44)
                      ;   {runtime_call throw_null_pointer_exception Runtime1 stub}
  0x0000015f37001738: 337d 05e8 

  0x0000015f3700173c: ; ImmutableOopMap {rax=Oop [232]=Oop }
                      ;*invokeinterface isEmpty {reexecute=0 rethrow=0 return_oop=0}
                      ; - kotlin.collections.CollectionsKt___CollectionsKt::firstOrNull@7 (line 281)
                      ; - org.jetbrains.kotlin.resolve.jvm.JavaDescriptorResolver::resolveClass@150 (line 44)
  0x0000015f3700173c: c033 7d05 | 4889 3424 

  0x0000015f37001744: ;   {runtime_call throw_class_cast_exception Runtime1 stub}
  0x0000015f37001744: e8b7 577d 

  0x0000015f37001748: ; ImmutableOopMap {[232]=Oop }
                      ;*checkcast {reexecute=0 rethrow=0 return_oop=0}
                      ; - org.jetbrains.kotlin.resolve.jvm.JavaDescriptorResolver::resolveClass@153 (line 44)
                      ;   {runtime_call throw_null_pointer_exception Runtime1 stub}
  0x0000015f37001748: 05e8 b233 

  0x0000015f3700174c: ; ImmutableOopMap {rbx=Oop r8=Oop [232]=Oop [320]=Oop }
                      ;*invokevirtual findClassifierByJavaClass$descriptors_jvm {reexecute=0 rethrow=0 return_oop=0}
                      ; - org.jetbrains.kotlin.resolve.jvm.JavaDescriptorResolver::resolveClass@161 (line 44)
                      ;   {metadata({method} {0x0000015f57173b60} 'findClassifierByJavaClass$descriptors_jvm' '(Lorg/jetbrains/kotlin/load/java/structure/JavaClass;)Lorg/jetbrains/kotlin/descriptors/ClassDescriptor;' in 'org/jetbrains/kotlin/load/java/lazy/descriptors/LazyJavaPackageFragment')}
  0x0000015f3700174c: 7d05 49ba | 583b 1757 | 5f01 0000 | 4c89 5424 | 0848 c704 | 24ff ffff 

  0x0000015f37001764: ;   {runtime_call counter_overflow Runtime1 stub}
  0x0000015f37001764: ffe8 9684 

  0x0000015f37001768: ; ImmutableOopMap {rbx=Oop r8=Oop [232]=Oop [320]=Oop }
                      ;*synchronization entry
                      ; - org.jetbrains.kotlin.load.java.lazy.descriptors.LazyJavaPackageFragment::findClassifierByJavaClass$descriptors_jvm@-1
                      ; - org.jetbrains.kotlin.resolve.jvm.JavaDescriptorResolver::resolveClass@161 (line 44)
  0x0000015f37001768: 7d05 e9de 

  0x0000015f3700176c: ;   {metadata({method} {0x0000015f49b3eee0} 'checkNotNullParameter' '(Ljava/lang/Object;Ljava/lang/String;)V' in 'kotlin/jvm/internal/Intrinsics')}
  0x0000015f3700176c: edff ff49 | bad8 eeb3 | 495f 0100 | 004c 8954 | 2408 48c7 | 0424 ffff 

  0x0000015f37001784: ;   {runtime_call counter_overflow Runtime1 stub}
  0x0000015f37001784: ffff e875 

  0x0000015f37001788: ; ImmutableOopMap {rbx=Oop r8=Oop [232]=Oop [320]=Oop }
                      ;*synchronization entry
                      ; - kotlin.jvm.internal.Intrinsics::checkNotNullParameter@-1 (line 130)
                      ; - org.jetbrains.kotlin.load.java.lazy.descriptors.LazyJavaPackageFragment::findClassifierByJavaClass$descriptors_jvm@3
                      ; - org.jetbrains.kotlin.resolve.jvm.JavaDescriptorResolver::resolveClass@161 (line 44)
  0x0000015f37001788: 847d 05e9 | f6ed ffff 

  0x0000015f37001790: ;   {metadata({method} {0x0000015f49b3f090} 'throwParameterIsNullNPE' '(Ljava/lang/String;)V' in 'kotlin/jvm/internal/Intrinsics')}
  0x0000015f37001790: 49ba 88f0 | b349 5f01 | 0000 4c89 | 5424 0848 | c704 24ff 

  0x0000015f370017a4: ;   {runtime_call counter_overflow Runtime1 stub}
  0x0000015f370017a4: ffff ffe8 

  0x0000015f370017a8: ; ImmutableOopMap {[232]=Oop [320]=Oop }
                      ;*synchronization entry
                      ; - kotlin.jvm.internal.Intrinsics::throwParameterIsNullNPE@-1 (line 140)
                      ; - kotlin.jvm.internal.Intrinsics::checkNotNullParameter@5 (line 131)
                      ; - org.jetbrains.kotlin.load.java.lazy.descriptors.LazyJavaPackageFragment::findClassifierByJavaClass$descriptors_jvm@3
                      ; - org.jetbrains.kotlin.resolve.jvm.JavaDescriptorResolver::resolveClass@161 (line 44)
  0x0000015f370017a8: 5484 7d05 | e93d eeff 

  0x0000015f370017b0: ;   {metadata(nullptr)}
  0x0000015f370017b0: ff48 ba00 | 0000 0000 | 0000 00b8 | 000f 050a 

  0x0000015f370017c0: ;   {runtime_call load_klass_patching Runtime1 stub}
  0x0000015f370017c0: e8bb 737d 

  0x0000015f370017c4: ; ImmutableOopMap {[232]=Oop [320]=Oop }
                      ;*new {reexecute=1 rethrow=0 return_oop=0}
                      ; - (reexecute) kotlin.jvm.internal.Intrinsics::throwParameterIsNullNPE@0 (line 140)
                      ; - kotlin.jvm.internal.Intrinsics::checkNotNullParameter@5 (line 131)
                      ; - org.jetbrains.kotlin.load.java.lazy.descriptors.LazyJavaPackageFragment::findClassifierByJavaClass$descriptors_jvm@3
                      ; - org.jetbrains.kotlin.resolve.jvm.JavaDescriptorResolver::resolveClass@161 (line 44)
  0x0000015f370017c4: 05e9 26ee | ffff 488b 

  0x0000015f370017cc: ;   {runtime_call fast_new_instance Runtime1 stub}
  0x0000015f370017cc: d2e8 2e3c 

  0x0000015f370017d0: ; ImmutableOopMap {[232]=Oop [320]=Oop }
                      ;*new {reexecute=0 rethrow=0 return_oop=0}
                      ; - kotlin.jvm.internal.Intrinsics::throwParameterIsNullNPE@0 (line 140)
                      ; - kotlin.jvm.internal.Intrinsics::checkNotNullParameter@5 (line 131)
                      ; - org.jetbrains.kotlin.load.java.lazy.descriptors.LazyJavaPackageFragment::findClassifierByJavaClass$descriptors_jvm@3
                      ; - org.jetbrains.kotlin.resolve.jvm.JavaDescriptorResolver::resolveClass@161 (line 44)
  0x0000015f370017d0: 7d05 e96c 

  0x0000015f370017d4: ;   {metadata({method} {0x0000015f49b402e0} 'sanitizeStackTrace' '(Ljava/lang/Throwable;)Ljava/lang/Throwable;' in 'kotlin/jvm/internal/Intrinsics')}
  0x0000015f370017d4: eeff ff49 | bad8 02b4 | 495f 0100 | 004c 8954 | 2408 48c7 | 0424 ffff 

  0x0000015f370017ec: ;   {runtime_call counter_overflow Runtime1 stub}
  0x0000015f370017ec: ffff e80d 

  0x0000015f370017f0: ; ImmutableOopMap {[232]=Oop [312]=Oop [320]=Oop }
                      ;*synchronization entry
                      ; - kotlin.jvm.internal.Intrinsics::sanitizeStackTrace@-1 (line 253)
                      ; - kotlin.jvm.internal.Intrinsics::throwParameterIsNullNPE@11 (line 140)
                      ; - kotlin.jvm.internal.Intrinsics::checkNotNullParameter@5 (line 131)
                      ; - org.jetbrains.kotlin.load.java.lazy.descriptors.LazyJavaPackageFragment::findClassifierByJavaClass$descriptors_jvm@3
                      ; - org.jetbrains.kotlin.resolve.jvm.JavaDescriptorResolver::resolveClass@161 (line 44)
  0x0000015f370017f0: 847d 05e9 | edee ffff 

  0x0000015f370017f8: ;   {metadata({method} {0x0000015f49017a68} 'getName' '()Ljava/lang/String;' in 'java/lang/Class')}
  0x0000015f370017f8: 49ba 607a | 0149 5f01 | 0000 4c89 | 5424 0848 | c704 24ff 

  0x0000015f3700180c: ;   {runtime_call counter_overflow Runtime1 stub}
  0x0000015f3700180c: ffff ffe8 

  0x0000015f37001810: ; ImmutableOopMap {rdx=Oop [232]=Oop [312]=Oop [320]=Oop }
                      ;*synchronization entry
                      ; - java.lang.Class::getName@-1
                      ; - kotlin.jvm.internal.Intrinsics::sanitizeStackTrace@3 (line 253)
                      ; - kotlin.jvm.internal.Intrinsics::throwParameterIsNullNPE@11 (line 140)
                      ; - kotlin.jvm.internal.Intrinsics::checkNotNullParameter@5 (line 131)
                      ; - org.jetbrains.kotlin.load.java.lazy.descriptors.LazyJavaPackageFragment::findClassifierByJavaClass$descriptors_jvm@3
                      ; - org.jetbrains.kotlin.resolve.jvm.JavaDescriptorResolver::resolveClass@161 (line 44)
  0x0000015f37001810: ec83 7d05 | e912 efff 

  0x0000015f37001818: ;   {runtime_call throw_null_pointer_exception Runtime1 stub}
  0x0000015f37001818: ffe8 e232 

  0x0000015f3700181c: ; ImmutableOopMap {[232]=Oop [312]=Oop [320]=Oop }
                      ;*getfield name {reexecute=1 rethrow=0 return_oop=0}
                      ; - (reexecute) java.lang.Class::getName@1
                      ; - kotlin.jvm.internal.Intrinsics::sanitizeStackTrace@3 (line 253)
                      ; - kotlin.jvm.internal.Intrinsics::throwParameterIsNullNPE@11 (line 140)
                      ; - kotlin.jvm.internal.Intrinsics::checkNotNullParameter@5 (line 131)
                      ; - org.jetbrains.kotlin.load.java.lazy.descriptors.LazyJavaPackageFragment::findClassifierByJavaClass$descriptors_jvm@3
                      ; - org.jetbrains.kotlin.resolve.jvm.JavaDescriptorResolver::resolveClass@161 (line 44)
                      ;   {runtime_call throw_null_pointer_exception Runtime1 stub}
  0x0000015f3700181c: 7d05 e8dd 

  0x0000015f37001820: ; ImmutableOopMap {r8=Oop rdx=Oop [232]=Oop }
                      ;*invokevirtual getJavaScope$descriptors_jvm {reexecute=0 rethrow=0 return_oop=0}
                      ; - org.jetbrains.kotlin.load.java.lazy.descriptors.LazyJavaPackageFragment::findClassifierByJavaClass$descriptors_jvm@10 (line 68)
                      ; - org.jetbrains.kotlin.resolve.jvm.JavaDescriptorResolver::resolveClass@161 (line 44)
                      ;   {runtime_call throw_null_pointer_exception Runtime1 stub}
  0x0000015f37001820: 327d 05e8 

  0x0000015f37001824: ; ImmutableOopMap {r8=Oop rbx=Oop [232]=Oop }
                      ;*invokevirtual findClassifierByJavaClass$descriptors_jvm {reexecute=0 rethrow=0 return_oop=0}
                      ; - org.jetbrains.kotlin.load.java.lazy.descriptors.LazyJavaPackageFragment::findClassifierByJavaClass$descriptors_jvm@14 (line 68)
                      ; - org.jetbrains.kotlin.resolve.jvm.JavaDescriptorResolver::resolveClass@161 (line 44)
  0x0000015f37001824: d832 7d05 

  0x0000015f37001828: ;   {metadata({method} {0x0000015f5717c450} 'findClassifierByJavaClass$descriptors_jvm' '(Lorg/jetbrains/kotlin/load/java/structure/JavaClass;)Lorg/jetbrains/kotlin/descriptors/ClassDescriptor;' in 'org/jetbrains/kotlin/load/java/lazy/descriptors/LazyJavaPackageScope')}
  0x0000015f37001828: 49ba 48c4 | 1757 5f01 | 0000 4c89 | 5424 0848 | c704 24ff 

  0x0000015f3700183c: ;   {runtime_call counter_overflow Runtime1 stub}
  0x0000015f3700183c: ffff ffe8 

  0x0000015f37001840: ; ImmutableOopMap {r8=Oop rbx=Oop [232]=Oop }
                      ;*synchronization entry
                      ; - org.jetbrains.kotlin.load.java.lazy.descriptors.LazyJavaPackageScope::findClassifierByJavaClass$descriptors_jvm@-1
                      ; - org.jetbrains.kotlin.load.java.lazy.descriptors.LazyJavaPackageFragment::findClassifierByJavaClass$descriptors_jvm@14 (line 68)
                      ; - org.jetbrains.kotlin.resolve.jvm.JavaDescriptorResolver::resolveClass@161 (line 44)
  0x0000015f37001840: bc83 7d05 | e9c8 efff 

  0x0000015f37001848: ;   {metadata({method} {0x0000015f49b3eee0} 'checkNotNullParameter' '(Ljava/lang/Object;Ljava/lang/String;)V' in 'kotlin/jvm/internal/Intrinsics')}
  0x0000015f37001848: ff49 bad8 | eeb3 495f | 0100 004c | 8954 2408 | 48c7 0424 | ffff ffff 

  0x0000015f37001860: ;   {runtime_call counter_overflow Runtime1 stub}
  0x0000015f37001860: e89b 837d 

  0x0000015f37001864: ; ImmutableOopMap {r8=Oop rbx=Oop [232]=Oop }
                      ;*synchronization entry
                      ; - kotlin.jvm.internal.Intrinsics::checkNotNullParameter@-1 (line 130)
                      ; - org.jetbrains.kotlin.load.java.lazy.descriptors.LazyJavaPackageScope::findClassifierByJavaClass$descriptors_jvm@4
                      ; - org.jetbrains.kotlin.load.java.lazy.descriptors.LazyJavaPackageFragment::findClassifierByJavaClass$descriptors_jvm@14 (line 68)
                      ; - org.jetbrains.kotlin.resolve.jvm.JavaDescriptorResolver::resolveClass@161 (line 44)
  0x0000015f37001864: 05e9 e0ef 

  0x0000015f37001868: ;   {metadata({method} {0x0000015f49b3f090} 'throwParameterIsNullNPE' '(Ljava/lang/String;)V' in 'kotlin/jvm/internal/Intrinsics')}
  0x0000015f37001868: ffff 49ba | 88f0 b349 | 5f01 0000 | 4c89 5424 | 0848 c704 | 24ff ffff 

  0x0000015f37001880: ;   {runtime_call counter_overflow Runtime1 stub}
  0x0000015f37001880: ffe8 7a83 

  0x0000015f37001884: ; ImmutableOopMap {[232]=Oop [336]=Oop }
                      ;*synchronization entry
                      ; - kotlin.jvm.internal.Intrinsics::throwParameterIsNullNPE@-1 (line 140)
                      ; - kotlin.jvm.internal.Intrinsics::checkNotNullParameter@5 (line 131)
                      ; - org.jetbrains.kotlin.load.java.lazy.descriptors.LazyJavaPackageScope::findClassifierByJavaClass$descriptors_jvm@4
                      ; - org.jetbrains.kotlin.load.java.lazy.descriptors.LazyJavaPackageFragment::findClassifierByJavaClass$descriptors_jvm@14 (line 68)
                      ; - org.jetbrains.kotlin.resolve.jvm.JavaDescriptorResolver::resolveClass@161 (line 44)
  0x0000015f37001884: 7d05 e92f 

  0x0000015f37001888: ;   {metadata(nullptr)}
  0x0000015f37001888: f0ff ff48 | ba00 0000 | 0000 0000 | 00b8 000f 

  0x0000015f37001898: ;   {runtime_call load_klass_patching Runtime1 stub}
  0x0000015f37001898: 050a e8e1 

  0x0000015f3700189c: ; ImmutableOopMap {[232]=Oop [336]=Oop }
                      ;*new {reexecute=1 rethrow=0 return_oop=0}
                      ; - (reexecute) kotlin.jvm.internal.Intrinsics::throwParameterIsNullNPE@0 (line 140)
                      ; - kotlin.jvm.internal.Intrinsics::checkNotNullParameter@5 (line 131)
                      ; - org.jetbrains.kotlin.load.java.lazy.descriptors.LazyJavaPackageScope::findClassifierByJavaClass$descriptors_jvm@4
                      ; - org.jetbrains.kotlin.load.java.lazy.descriptors.LazyJavaPackageFragment::findClassifierByJavaClass$descriptors_jvm@14 (line 68)
                      ; - org.jetbrains.kotlin.resolve.jvm.JavaDescriptorResolver::resolveClass@161 (line 44)
  0x0000015f3700189c: 727d 05e9 | 1cf0 ffff 

  0x0000015f370018a4: ;   {runtime_call fast_new_instance Runtime1 stub}
  0x0000015f370018a4: 488b d2e8 

  0x0000015f370018a8: ; ImmutableOopMap {[232]=Oop [336]=Oop }
                      ;*new {reexecute=0 rethrow=0 return_oop=0}
                      ; - kotlin.jvm.internal.Intrinsics::throwParameterIsNullNPE@0 (line 140)
                      ; - kotlin.jvm.internal.Intrinsics::checkNotNullParameter@5 (line 131)
                      ; - org.jetbrains.kotlin.load.java.lazy.descriptors.LazyJavaPackageScope::findClassifierByJavaClass$descriptors_jvm@4
                      ; - org.jetbrains.kotlin.load.java.lazy.descriptors.LazyJavaPackageFragment::findClassifierByJavaClass$descriptors_jvm@14 (line 68)
                      ; - org.jetbrains.kotlin.resolve.jvm.JavaDescriptorResolver::resolveClass@161 (line 44)
  0x0000015f370018a8: 543b 7d05 | e962 f0ff 

  0x0000015f370018b0: ;   {metadata({method} {0x0000015f49b402e0} 'sanitizeStackTrace' '(Ljava/lang/Throwable;)Ljava/lang/Throwable;' in 'kotlin/jvm/internal/Intrinsics')}
  0x0000015f370018b0: ff49 bad8 | 02b4 495f | 0100 004c | 8954 2408 | 48c7 0424 | ffff ffff 

  0x0000015f370018c8: ;   {runtime_call counter_overflow Runtime1 stub}
  0x0000015f370018c8: e833 837d 

  0x0000015f370018cc: ; ImmutableOopMap {[232]=Oop [328]=Oop [336]=Oop }
                      ;*synchronization entry
                      ; - kotlin.jvm.internal.Intrinsics::sanitizeStackTrace@-1 (line 253)
                      ; - kotlin.jvm.internal.Intrinsics::throwParameterIsNullNPE@11 (line 140)
                      ; - kotlin.jvm.internal.Intrinsics::checkNotNullParameter@5 (line 131)
                      ; - org.jetbrains.kotlin.load.java.lazy.descriptors.LazyJavaPackageScope::findClassifierByJavaClass$descriptors_jvm@4
                      ; - org.jetbrains.kotlin.load.java.lazy.descriptors.LazyJavaPackageFragment::findClassifierByJavaClass$descriptors_jvm@14 (line 68)
                      ; - org.jetbrains.kotlin.resolve.jvm.JavaDescriptorResolver::resolveClass@161 (line 44)
  0x0000015f370018cc: 05e9 e3f0 

  0x0000015f370018d0: ;   {metadata({method} {0x0000015f49017a68} 'getName' '()Ljava/lang/String;' in 'java/lang/Class')}
  0x0000015f370018d0: ffff 49ba | 607a 0149 | 5f01 0000 | 4c89 5424 | 0848 c704 | 24ff ffff 

  0x0000015f370018e8: ;   {runtime_call counter_overflow Runtime1 stub}
  0x0000015f370018e8: ffe8 1283 

  0x0000015f370018ec: ; ImmutableOopMap {rdx=Oop [232]=Oop [328]=Oop [336]=Oop }
                      ;*synchronization entry
                      ; - java.lang.Class::getName@-1
                      ; - kotlin.jvm.internal.Intrinsics::sanitizeStackTrace@3 (line 253)
                      ; - kotlin.jvm.internal.Intrinsics::throwParameterIsNullNPE@11 (line 140)
                      ; - kotlin.jvm.internal.Intrinsics::checkNotNullParameter@5 (line 131)
                      ; - org.jetbrains.kotlin.load.java.lazy.descriptors.LazyJavaPackageScope::findClassifierByJavaClass$descriptors_jvm@4
                      ; - org.jetbrains.kotlin.load.java.lazy.descriptors.LazyJavaPackageFragment::findClassifierByJavaClass$descriptors_jvm@14 (line 68)
                      ; - org.jetbrains.kotlin.resolve.jvm.JavaDescriptorResolver::resolveClass@161 (line 44)
  0x0000015f370018ec: 7d05 e908 

  0x0000015f370018f0: ;   {runtime_call throw_null_pointer_exception Runtime1 stub}
  0x0000015f370018f0: f1ff ffe8 

  0x0000015f370018f4: ; ImmutableOopMap {[232]=Oop [328]=Oop [336]=Oop }
                      ;*getfield name {reexecute=1 rethrow=0 return_oop=0}
                      ; - (reexecute) java.lang.Class::getName@1
                      ; - kotlin.jvm.internal.Intrinsics::sanitizeStackTrace@3 (line 253)
                      ; - kotlin.jvm.internal.Intrinsics::throwParameterIsNullNPE@11 (line 140)
                      ; - kotlin.jvm.internal.Intrinsics::checkNotNullParameter@5 (line 131)
                      ; - org.jetbrains.kotlin.load.java.lazy.descriptors.LazyJavaPackageScope::findClassifierByJavaClass$descriptors_jvm@4
                      ; - org.jetbrains.kotlin.load.java.lazy.descriptors.LazyJavaPackageFragment::findClassifierByJavaClass$descriptors_jvm@14 (line 68)
                      ; - org.jetbrains.kotlin.resolve.jvm.JavaDescriptorResolver::resolveClass@161 (line 44)
  0x0000015f370018f4: 0832 7d05 

  0x0000015f370018f8: ;   {internal_word}
  0x0000015f370018f8: 49ba 8d0b | 0037 5f01 | 0000 4d89 | 9760 0400 

  0x0000015f37001908: ;   {runtime_call SafepointBlob}
  0x0000015f37001908: 00e9 f23a 

  0x0000015f3700190c: ;   {internal_word}
  0x0000015f3700190c: 7205 49ba | ad0b 0037 | 5f01 0000 | 4d89 9760 

  0x0000015f3700191c: ;   {runtime_call SafepointBlob}
  0x0000015f3700191c: 0400 00e9 | dc3a 7205 

  0x0000015f37001924: ;   {internal_word}
  0x0000015f37001924: 49ba cd0b | 0037 5f01 | 0000 4d89 | 9760 0400 

  0x0000015f37001934: ;   {runtime_call SafepointBlob}
  0x0000015f37001934: 00e9 c63a | 7205 4889 

  0x0000015f3700193c: ;   {runtime_call throw_class_cast_exception Runtime1 stub}
  0x0000015f3700193c: 0424 e8bd 

  0x0000015f37001940: ; ImmutableOopMap {}
                      ;*checkcast {reexecute=0 rethrow=0 return_oop=0}
                      ; - org.jetbrains.kotlin.resolve.jvm.JavaDescriptorResolver::resolveClass@119 (line 38)
                      ;   {internal_word}
  0x0000015f37001940: 557d 0549 | bae4 0c00 | 375f 0100 | 004d 8997 | 6004 0000 

  0x0000015f37001954: ;   {runtime_call SafepointBlob}
  0x0000015f37001954: e9a7 3a72 

  0x0000015f37001958: ;   {internal_word}
  0x0000015f37001958: 0549 ba04 | 0d00 375f | 0100 004d | 8997 6004 

  0x0000015f37001968: ;   {runtime_call SafepointBlob}
  0x0000015f37001968: 0000 e991 

  0x0000015f3700196c: ;   {runtime_call throw_incompatible_class_change_error Runtime1 stub}
  0x0000015f3700196c: 3a72 05e8 

  0x0000015f37001970: ; ImmutableOopMap {rax=Oop rdx=Oop }
                      ;*invokeinterface getClassResolvedFromSource {reexecute=0 rethrow=0 return_oop=0}
                      ; - org.jetbrains.kotlin.resolve.jvm.JavaDescriptorResolver::resolveClass@34 (line 33)
  0x0000015f37001970: 8c58 7d05 

  0x0000015f37001974: ;   {runtime_call throw_null_pointer_exception Runtime1 stub}
  0x0000015f37001974: e887 317d 

  0x0000015f37001978: ; ImmutableOopMap {rax=Oop rdx=Oop }
                      ;*invokeinterface getClassResolvedFromSource {reexecute=0 rethrow=0 return_oop=0}
                      ; - org.jetbrains.kotlin.resolve.jvm.JavaDescriptorResolver::resolveClass@34 (line 33)
                      ;   {internal_word}
  0x0000015f37001978: 0549 bafc | 0d00 375f | 0100 004d | 8997 6004 

  0x0000015f37001988: ;   {runtime_call SafepointBlob}
  0x0000015f37001988: 0000 e971 | 3a72 0548 

  0x0000015f37001990: ;   {runtime_call throw_class_cast_exception Runtime1 stub}
  0x0000015f37001990: 8904 24e8 

  0x0000015f37001994: ; ImmutableOopMap {rbx=Oop [232]=Oop }
                      ;*checkcast {reexecute=0 rethrow=0 return_oop=0}
                      ; - kotlin.jvm.internal.Intrinsics::throwParameterIsNullNPE@14 (line 140)
                      ; - kotlin.jvm.internal.Intrinsics::checkNotNullParameter@5 (line 131)
                      ; - org.jetbrains.kotlin.load.java.lazy.descriptors.LazyJavaPackageScope::findClassifierByJavaClass$descriptors_jvm@4
                      ; - org.jetbrains.kotlin.load.java.lazy.descriptors.LazyJavaPackageFragment::findClassifierByJavaClass$descriptors_jvm@14 (line 68)
                      ; - org.jetbrains.kotlin.resolve.jvm.JavaDescriptorResolver::resolveClass@161 (line 44)
  0x0000015f37001994: 6855 7d05 

  0x0000015f37001998: ;   {runtime_call throw_null_pointer_exception Runtime1 stub}
  0x0000015f37001998: e863 317d 

  0x0000015f3700199c: ; ImmutableOopMap {rbx=Oop rax=Oop [232]=Oop }
                      ;*athrow {reexecute=1 rethrow=0 return_oop=0}
                      ; - (reexecute) kotlin.jvm.internal.Intrinsics::throwParameterIsNullNPE@17 (line 140)
                      ; - kotlin.jvm.internal.Intrinsics::checkNotNullParameter@5 (line 131)
                      ; - org.jetbrains.kotlin.load.java.lazy.descriptors.LazyJavaPackageScope::findClassifierByJavaClass$descriptors_jvm@4
                      ; - org.jetbrains.kotlin.load.java.lazy.descriptors.LazyJavaPackageFragment::findClassifierByJavaClass$descriptors_jvm@14 (line 68)
                      ; - org.jetbrains.kotlin.resolve.jvm.JavaDescriptorResolver::resolveClass@161 (line 44)
  0x0000015f3700199c: 0548 8904 

  0x0000015f370019a0: ;   {runtime_call throw_class_cast_exception Runtime1 stub}
  0x0000015f370019a0: 24e8 5a55 

  0x0000015f370019a4: ; ImmutableOopMap {rbx=Oop [232]=Oop [320]=Oop }
                      ;*checkcast {reexecute=0 rethrow=0 return_oop=0}
                      ; - kotlin.jvm.internal.Intrinsics::throwParameterIsNullNPE@14 (line 140)
                      ; - kotlin.jvm.internal.Intrinsics::checkNotNullParameter@5 (line 131)
                      ; - org.jetbrains.kotlin.load.java.lazy.descriptors.LazyJavaPackageFragment::findClassifierByJavaClass$descriptors_jvm@3
                      ; - org.jetbrains.kotlin.resolve.jvm.JavaDescriptorResolver::resolveClass@161 (line 44)
                      ;   {runtime_call throw_null_pointer_exception Runtime1 stub}
  0x0000015f370019a4: 7d05 e855 

  0x0000015f370019a8: ; ImmutableOopMap {rbx=Oop rax=Oop [232]=Oop [320]=Oop }
                      ;*athrow {reexecute=1 rethrow=0 return_oop=0}
                      ; - (reexecute) kotlin.jvm.internal.Intrinsics::throwParameterIsNullNPE@17 (line 140)
                      ; - kotlin.jvm.internal.Intrinsics::checkNotNullParameter@5 (line 131)
                      ; - org.jetbrains.kotlin.load.java.lazy.descriptors.LazyJavaPackageFragment::findClassifierByJavaClass$descriptors_jvm@3
                      ; - org.jetbrains.kotlin.resolve.jvm.JavaDescriptorResolver::resolveClass@161 (line 44)
  0x0000015f370019a8: 317d 0548 

  0x0000015f370019ac: ;   {runtime_call throw_class_cast_exception Runtime1 stub}
  0x0000015f370019ac: 8904 24e8 

  0x0000015f370019b0: ; ImmutableOopMap {rdx=Oop [232]=Oop }
                      ;*checkcast {reexecute=0 rethrow=0 return_oop=0}
                      ; - kotlin.jvm.internal.Intrinsics::throwParameterIsNullNPE@14 (line 140)
                      ; - kotlin.jvm.internal.Intrinsics::checkNotNullParameter@5 (line 131)
                      ; - kotlin.collections.CollectionsKt___CollectionsKt::firstOrNull@3
                      ; - org.jetbrains.kotlin.resolve.jvm.JavaDescriptorResolver::resolveClass@150 (line 44)
  0x0000015f370019b0: 4c55 7d05 

  0x0000015f370019b4: ;   {runtime_call throw_null_pointer_exception Runtime1 stub}
  0x0000015f370019b4: e847 317d 

  0x0000015f370019b8: ; ImmutableOopMap {rdx=Oop rax=Oop [232]=Oop }
                      ;*athrow {reexecute=1 rethrow=0 return_oop=0}
                      ; - (reexecute) kotlin.jvm.internal.Intrinsics::throwParameterIsNullNPE@17 (line 140)
                      ; - kotlin.jvm.internal.Intrinsics::checkNotNullParameter@5 (line 131)
                      ; - kotlin.collections.CollectionsKt___CollectionsKt::firstOrNull@3
                      ; - org.jetbrains.kotlin.resolve.jvm.JavaDescriptorResolver::resolveClass@150 (line 44)
  0x0000015f370019b8: 0548 8904 

  0x0000015f370019bc: ;   {runtime_call throw_class_cast_exception Runtime1 stub}
  0x0000015f370019bc: 24e8 3e55 

  0x0000015f370019c0: ; ImmutableOopMap {rsi=Oop rdx=Oop [232]=Oop [264]=Oop [272]=Oop }
                      ;*checkcast {reexecute=0 rethrow=0 return_oop=0}
                      ; - kotlin.jvm.internal.Intrinsics::throwParameterIsNullNPE@14 (line 140)
                      ; - kotlin.jvm.internal.Intrinsics::checkNotNullParameter@5 (line 131)
                      ; - org.jetbrains.kotlin.load.java.lazy.LazyJavaPackageFragmentProvider::getPackageFragments@3
                      ; - org.jetbrains.kotlin.resolve.jvm.JavaDescriptorResolver::resolveClass@147 (line 44)
                      ;   {runtime_call throw_null_pointer_exception Runtime1 stub}
  0x0000015f370019c0: 7d05 e839 

  0x0000015f370019c4: ; ImmutableOopMap {rsi=Oop rdx=Oop rax=Oop [232]=Oop [264]=Oop [272]=Oop }
                      ;*athrow {reexecute=1 rethrow=0 return_oop=0}
                      ; - (reexecute) kotlin.jvm.internal.Intrinsics::throwParameterIsNullNPE@17 (line 140)
                      ; - kotlin.jvm.internal.Intrinsics::checkNotNullParameter@5 (line 131)
                      ; - org.jetbrains.kotlin.load.java.lazy.LazyJavaPackageFragmentProvider::getPackageFragments@3
                      ; - org.jetbrains.kotlin.resolve.jvm.JavaDescriptorResolver::resolveClass@147 (line 44)
  0x0000015f370019c4: 317d 0548 

  0x0000015f370019c8: ;   {runtime_call throw_class_cast_exception Runtime1 stub}
  0x0000015f370019c8: 8904 24e8 

  0x0000015f370019cc: ; ImmutableOopMap {r8=Oop rdx=Oop [232]=Oop [240]=Oop }
                      ;*checkcast {reexecute=0 rethrow=0 return_oop=0}
                      ; - kotlin.jvm.internal.Intrinsics::throwParameterIsNullNPE@14 (line 140)
                      ; - kotlin.jvm.internal.Intrinsics::checkNotNullParameter@5 (line 131)
                      ; - org.jetbrains.kotlin.resolve.jvm.JavaDescriptorResolver::resolveClass@3
  0x0000015f370019cc: 3055 7d05 

  0x0000015f370019d0: ;   {runtime_call throw_null_pointer_exception Runtime1 stub}
  0x0000015f370019d0: e82b 317d 

  0x0000015f370019d4: ; ImmutableOopMap {r8=Oop rdx=Oop rax=Oop [232]=Oop [240]=Oop }
                      ;*athrow {reexecute=1 rethrow=0 return_oop=0}
                      ; - (reexecute) kotlin.jvm.internal.Intrinsics::throwParameterIsNullNPE@17 (line 140)
                      ; - kotlin.jvm.internal.Intrinsics::checkNotNullParameter@5 (line 131)
                      ; - org.jetbrains.kotlin.resolve.jvm.JavaDescriptorResolver::resolveClass@3
  0x0000015f370019d4: 0549 8b87 | f804 0000 | 49c7 87f8 | 0400 0000 | 0000 0049 | c787 0005 | 0000 0000 | 0000 4881 
  0x0000015f370019f4: c460 0100 

  0x0000015f370019f8: ;   {runtime_call unwind_exception Runtime1 stub}
  0x0000015f370019f8: 005d e901 | 227d 05f4 
[Stub Code]
  0x0000015f37001a00: ;   {no_reloc}
  0x0000015f37001a00: 0f1f 4400 

  0x0000015f37001a04: ;   {static_stub}
  0x0000015f37001a04: 0048 bb00 | 0000 0000 

  0x0000015f37001a0c: ;   {runtime_call nmethod}
  0x0000015f37001a0c: 0000 00e9 | fbff ffff 

  0x0000015f37001a14: ;   {static_stub}
  0x0000015f37001a14: 9048 bb00 | 0000 0000 

  0x0000015f37001a1c: ;   {runtime_call nmethod}
  0x0000015f37001a1c: 0000 00e9 | fbff ffff 

  0x0000015f37001a24: ;   {static_stub}
  0x0000015f37001a24: 9048 bb00 | 0000 0000 

  0x0000015f37001a2c: ;   {runtime_call nmethod}
  0x0000015f37001a2c: 0000 00e9 | fbff ffff 

  0x0000015f37001a34: ;   {static_stub}
  0x0000015f37001a34: 9048 bb00 | 0000 0000 

  0x0000015f37001a3c: ;   {runtime_call nmethod}
  0x0000015f37001a3c: 0000 00e9 | fbff ffff 

  0x0000015f37001a44: ;   {static_stub}
  0x0000015f37001a44: 9048 bb00 | 0000 0000 

  0x0000015f37001a4c: ;   {runtime_call nmethod}
  0x0000015f37001a4c: 0000 00e9 | fbff ffff 

  0x0000015f37001a54: ;   {static_stub}
  0x0000015f37001a54: 9048 bb00 | 0000 0000 

  0x0000015f37001a5c: ;   {runtime_call nmethod}
  0x0000015f37001a5c: 0000 00e9 | fbff ffff 

  0x0000015f37001a64: ;   {static_stub}
  0x0000015f37001a64: 9048 bb00 | 0000 0000 

  0x0000015f37001a6c: ;   {runtime_call nmethod}
  0x0000015f37001a6c: 0000 00e9 | fbff ffff 

  0x0000015f37001a74: ;   {static_stub}
  0x0000015f37001a74: 9048 bb00 | 0000 0000 

  0x0000015f37001a7c: ;   {runtime_call nmethod}
  0x0000015f37001a7c: 0000 00e9 | fbff ffff 

  0x0000015f37001a84: ;   {static_stub}
  0x0000015f37001a84: 9048 bb00 | 0000 0000 

  0x0000015f37001a8c: ;   {runtime_call nmethod}
  0x0000015f37001a8c: 0000 00e9 | fbff ffff 

  0x0000015f37001a94: ;   {static_stub}
  0x0000015f37001a94: 9048 bb00 | 0000 0000 

  0x0000015f37001a9c: ;   {runtime_call nmethod}
  0x0000015f37001a9c: 0000 00e9 | fbff ffff 

  0x0000015f37001aa4: ;   {static_stub}
  0x0000015f37001aa4: 48bb 0000 | 0000 0000 

  0x0000015f37001aac: ;   {runtime_call nmethod}
  0x0000015f37001aac: 0000 e9fb 

  0x0000015f37001ab0: ;   {static_stub}
  0x0000015f37001ab0: ffff ff48 | bb00 0000 | 0000 0000 

  0x0000015f37001abc: ;   {runtime_call nmethod}
  0x0000015f37001abc: 00e9 fbff 

  0x0000015f37001ac0: ;   {static_stub}
  0x0000015f37001ac0: ffff 48bb | 0000 0000 | 0000 0000 

  0x0000015f37001acc: ;   {runtime_call nmethod}
  0x0000015f37001acc: e9fb ffff 

  0x0000015f37001ad0: ;   {static_stub}
  0x0000015f37001ad0: ff48 bb00 | 0000 0000 

  0x0000015f37001ad8: ;   {runtime_call nmethod}
  0x0000015f37001ad8: 0000 00e9 | fbff ffff 

  0x0000015f37001ae0: ;   {static_stub}
  0x0000015f37001ae0: 48bb 0000 | 0000 0000 

  0x0000015f37001ae8: ;   {runtime_call nmethod}
  0x0000015f37001ae8: 0000 e9fb 

  0x0000015f37001aec: ;   {static_stub}
  0x0000015f37001aec: ffff ff48 | bb00 0000 | 0000 0000 

  0x0000015f37001af8: ;   {runtime_call nmethod}
  0x0000015f37001af8: 00e9 fbff 

  0x0000015f37001afc: ;   {static_stub}
  0x0000015f37001afc: ffff 48bb | 0000 0000 | 0000 0000 

  0x0000015f37001b08: ;   {runtime_call nmethod}
  0x0000015f37001b08: e9fb ffff 

  0x0000015f37001b0c: ;   {static_stub}
  0x0000015f37001b0c: ff48 bb00 | 0000 0000 

  0x0000015f37001b14: ;   {runtime_call nmethod}
  0x0000015f37001b14: 0000 00e9 | fbff ffff 

  0x0000015f37001b1c: ;   {static_stub}
  0x0000015f37001b1c: 48bb 0000 | 0000 0000 

  0x0000015f37001b24: ;   {runtime_call nmethod}
  0x0000015f37001b24: 0000 e9fb 

  0x0000015f37001b28: ;   {runtime_call handle_exception_from_callee Runtime1 stub}
  0x0000015f37001b28: ffff ffe8 | d04d 7d05 

  0x0000015f37001b30: ;   {external_word}
  0x0000015f37001b30: 48b9 b061 | be10 fc7f | 0000 4883 

  0x0000015f37001b3c: ;   {runtime_call}
  0x0000015f37001b3c: e4f0 48b8 | 70cf 8c10 | fc7f 0000 

  0x0000015f37001b48: ;   {section_word}
  0x0000015f37001b48: ffd0 f449 | ba4b 1b00 | 375f 0100 

  0x0000015f37001b54: ;   {runtime_call DeoptimizationBlob}
  0x0000015f37001b54: 0041 52e9 | 442b 7205 | f4f4 f4f4 
[/MachCode]


---------------  P R O C E S S  ---------------

Threads class SMR info:
_java_thread_list=0x0000015f539e6710, length=38, elements={
0x0000015f2fdafdc0, 0x0000015f4d01f380, 0x0000015f4d057ee0, 0x0000015f4d058940,
0x0000015f4d05d350, 0x0000015f4d0593a0, 0x0000015f4d059a10, 0x0000015f4d05a470,
0x0000015f4d075d40, 0x0000015f4d0767e0, 0x0000015f4d31aa40, 0x0000015f4f7cccc0,
0x0000015f4f2ac300, 0x0000015f4f33e4e0, 0x0000015f4e93c070, 0x0000015f4deed480,
0x0000015f4efbac50, 0x0000015f4efb84f0, 0x0000015f4efb9f30, 0x0000015f4efb8b80,
0x0000015f4efb98a0, 0x0000015f4efba5c0, 0x0000015f4efb9210, 0x0000015f4efbb970,
0x0000015f522954f0, 0x0000015f52299000, 0x0000015f522947d0, 0x0000015f5229a3b0,
0x0000015f52293ab0, 0x0000015f52294140, 0x0000015f52293420, 0x0000015f52294e60,
0x0000015f52298970, 0x0000015f52295b80, 0x0000015f522968a0, 0x0000015f52299690,
0x0000015f52297c50, 0x0000015f52e9a340
}

Java Threads: ( => current thread )
  0x0000015f2fdafdc0 JavaThread "main"                              [_thread_blocked, id=2092, stack(0x0000004247600000,0x0000004247700000) (1024K)]
  0x0000015f4d01f380 JavaThread "Common-Cleaner"             daemon [_thread_blocked, id=6808, stack(0x0000004247e00000,0x0000004247f00000) (1024K)]
  0x0000015f4d057ee0 JavaThread "Reference Handler"          daemon [_thread_blocked, id=10396, stack(0x0000004247f00000,0x0000004248000000) (1024K)]
  0x0000015f4d058940 JavaThread "Finalizer"                  daemon [_thread_blocked, id=6592, stack(0x0000004248000000,0x0000004248100000) (1024K)]
  0x0000015f4d05d350 JavaThread "Signal Dispatcher"          daemon [_thread_blocked, id=8680, stack(0x0000004248100000,0x0000004248200000) (1024K)]
  0x0000015f4d0593a0 JavaThread "Attach Listener"            daemon [_thread_blocked, id=4468, stack(0x0000004248200000,0x0000004248300000) (1024K)]
  0x0000015f4d059a10 JavaThread "Service Thread"             daemon [_thread_blocked, id=11836, stack(0x0000004248300000,0x0000004248400000) (1024K)]
  0x0000015f4d05a470 JavaThread "Monitor Deflation Thread"   daemon [_thread_blocked, id=9348, stack(0x0000004248400000,0x0000004248500000) (1024K)]
  0x0000015f4d075d40 JavaThread "C2 CompilerThread0"         daemon [_thread_blocked, id=6200, stack(0x0000004248500000,0x0000004248600000) (1024K)]
  0x0000015f4d0767e0 JavaThread "C1 CompilerThread0"         daemon [_thread_blocked, id=8180, stack(0x0000004248600000,0x0000004248700000) (1024K)]
  0x0000015f4d31aa40 JavaThread "Notification Thread"        daemon [_thread_blocked, id=4472, stack(0x0000004248700000,0x0000004248800000) (1024K)]
  0x0000015f4f7cccc0 JavaThread "Daemon health stats"               [_thread_blocked, id=4052, stack(0x0000004248c00000,0x0000004248d00000) (1024K)]
  0x0000015f4f2ac300 JavaThread "Incoming local TCP Connector on port 51701"        [_thread_in_native, id=11616, stack(0x0000004248d00000,0x0000004248e00000) (1024K)]
  0x0000015f4f33e4e0 JavaThread "Daemon periodic checks"            [_thread_blocked, id=5880, stack(0x0000004248e00000,0x0000004248f00000) (1024K)]
  0x0000015f4e93c070 JavaThread "Daemon"                            [_thread_blocked, id=6740, stack(0x0000004248f00000,0x0000004249000000) (1024K)]
  0x0000015f4deed480 JavaThread "Handler for socket connection from /127.0.0.1:51701 to /127.0.0.1:51702"        [_thread_in_native, id=11192, stack(0x0000004249000000,0x0000004249100000) (1024K)]
  0x0000015f4efbac50 JavaThread "Cancel handler"                    [_thread_blocked, id=12296, stack(0x0000004249100000,0x0000004249200000) (1024K)]
=>0x0000015f4efb84f0 JavaThread "Daemon worker"                     [_thread_in_vm, id=4884, stack(0x0000004249200000,0x0000004249300000) (1024K)]
  0x0000015f4efb9f30 JavaThread "Asynchronous log dispatcher for DefaultDaemonConnection: socket connection from /127.0.0.1:51701 to /127.0.0.1:51702"        [_thread_blocked, id=3200, stack(0x0000004249300000,0x0000004249400000) (1024K)]
  0x0000015f4efb8b80 JavaThread "Stdin handler"                     [_thread_blocked, id=7776, stack(0x0000004249400000,0x0000004249500000) (1024K)]
  0x0000015f4efb98a0 JavaThread "Daemon client event forwarder"        [_thread_blocked, id=5604, stack(0x0000004249500000,0x0000004249600000) (1024K)]
  0x0000015f4efba5c0 JavaThread "Cache worker for journal cache (C:\Users\PC\.gradle\caches\journal-1)"        [_thread_blocked, id=9024, stack(0x0000004249600000,0x0000004249700000) (1024K)]
  0x0000015f4efb9210 JavaThread "File lock request listener"        [_thread_in_native, id=7012, stack(0x0000004249700000,0x0000004249800000) (1024K)]
  0x0000015f4efbb970 JavaThread "Cache worker for file hash cache (C:\Users\PC\.gradle\caches\8.3\fileHashes)"        [_thread_blocked, id=6064, stack(0x0000004249800000,0x0000004249900000) (1024K)]
  0x0000015f522954f0 JavaThread "File watcher server"        daemon [_thread_in_native, id=2424, stack(0x0000004249900000,0x0000004249a00000) (1024K)]
  0x0000015f52299000 JavaThread "File watcher consumer"      daemon [_thread_blocked, id=11244, stack(0x0000004249a00000,0x0000004249b00000) (1024K)]
  0x0000015f522947d0 JavaThread "jar transforms"                    [_thread_blocked, id=9168, stack(0x0000004248800000,0x0000004248900000) (1024K)]
  0x0000015f5229a3b0 JavaThread "jar transforms Thread 2"           [_thread_blocked, id=9840, stack(0x0000004249b00000,0x0000004249c00000) (1024K)]
  0x0000015f52293ab0 JavaThread "jar transforms Thread 3"           [_thread_blocked, id=12560, stack(0x0000004249c00000,0x0000004249d00000) (1024K)]
  0x0000015f52294140 JavaThread "jar transforms Thread 4"           [_thread_blocked, id=4632, stack(0x0000004249d00000,0x0000004249e00000) (1024K)]
  0x0000015f52293420 JavaThread "Cache worker for checksums cache (C:\Users\PC\AndroidStudioProjects\neuroapp\.gradle\8.3\checksums)"        [_thread_blocked, id=9764, stack(0x0000004249f00000,0x000000424a000000) (1024K)]
  0x0000015f52294e60 JavaThread "Cache worker for file hash cache (C:\Users\PC\AndroidStudioProjects\neuroapp\.gradle\8.3\fileHashes)"        [_thread_blocked, id=6836, stack(0x000000424a000000,0x000000424a100000) (1024K)]
  0x0000015f52298970 JavaThread "Cache worker for cache directory md-supplier (C:\Users\PC\.gradle\caches\8.3\md-supplier)"        [_thread_blocked, id=10312, stack(0x000000424a100000,0x000000424a200000) (1024K)]
  0x0000015f52295b80 JavaThread "Cache worker for file content cache (C:\Users\PC\.gradle\caches\8.3\fileContent)"        [_thread_blocked, id=7656, stack(0x000000424a200000,0x000000424a300000) (1024K)]
  0x0000015f522968a0 JavaThread "Cache worker for cache directory md-rule (C:\Users\PC\.gradle\caches\8.3\md-rule)"        [_thread_blocked, id=11140, stack(0x000000424a300000,0x000000424a400000) (1024K)]
  0x0000015f52299690 JavaThread "Cache worker for execution history cache (C:\Users\PC\.gradle\caches\8.3\executionHistory)"        [_thread_blocked, id=4464, stack(0x000000424a400000,0x000000424a500000) (1024K)]
  0x0000015f52297c50 JavaThread "Cache worker for kotlin-dsl (C:\Users\PC\.gradle\caches\8.3\kotlin-dsl)"        [_thread_blocked, id=12280, stack(0x000000424a500000,0x000000424a600000) (1024K)]
  0x0000015f52e9a340 JavaThread "C2 CompilerThread1"         daemon [_thread_in_native, id=5968, stack(0x0000004249e00000,0x0000004249f00000) (1024K)]
Total: 38

Other Threads:
  0x0000015f48e77130 VMThread "VM Thread"                           [id=11716, stack(0x0000004247d00000,0x0000004247e00000) (1024K)]
  0x0000015f48e342e0 WatcherThread "VM Periodic Task Thread"        [id=12484, stack(0x0000004247c00000,0x0000004247d00000) (1024K)]
  0x0000015f32084850 WorkerThread "GC Thread#0"                     [id=8068, stack(0x0000004247700000,0x0000004247800000) (1024K)]
  0x0000015f4d5bf0b0 WorkerThread "GC Thread#1"                     [id=6816, stack(0x0000004248900000,0x0000004248a00000) (1024K)]
  0x0000015f4d881d40 WorkerThread "GC Thread#2"                     [id=3776, stack(0x0000004248a00000,0x0000004248b00000) (1024K)]
  0x0000015f4df6a040 WorkerThread "GC Thread#3"                     [id=5612, stack(0x0000004248b00000,0x0000004248c00000) (1024K)]
  0x0000015f320958b0 ConcurrentGCThread "G1 Main Marker"            [id=11768, stack(0x0000004247800000,0x0000004247900000) (1024K)]
  0x0000015f32096a60 WorkerThread "G1 Conc#0"                       [id=732, stack(0x0000004247900000,0x0000004247a00000) (1024K)]
  0x0000015f320fd7e0 ConcurrentGCThread "G1 Refine#0"               [id=11200, stack(0x0000004247a00000,0x0000004247b00000) (1024K)]
  0x0000015f320fe160 ConcurrentGCThread "G1 Service"                [id=3424, stack(0x0000004247b00000,0x0000004247c00000) (1024K)]
Total: 10

Threads with active compile tasks:
C2 CompilerThread1  45654 16465       4       org.jetbrains.kotlin.com.intellij.lang.impl.PsiBuilderImpl::insertLeaves (88 bytes)
Total: 1

VM state: not at safepoint (normal execution)

VM Mutex/Monitor currently owned by a thread: None

Heap address: 0x0000000080000000, size: 2048 MB, Compressed Oops mode: 32-bit

CDS archive(s) not mapped
Compressed class space mapped at: 0x0000000100000000-0x0000000140000000, reserved size: 1073741824
Narrow klass base: 0x0000000000000000, Narrow klass shift: 3, Narrow klass range: 0x140000000

GC Precious Log:
 CardTable entry size: 512
 Card Set container configuration: InlinePtr #cards 5 size 8 Array Of Cards #cards 12 size 40 Howl #buckets 4 coarsen threshold 1843 Howl Bitmap #cards 512 size 80 coarsen threshold 460 Card regions per heap region 1 cards per card region 2048
 CPUs: 4 total, 4 available
 Memory: 8142M
 Large Page Support: Disabled
 NUMA Support: Disabled
 Compressed Oops: Enabled (32-bit)
 Heap Region Size: 1M
 Heap Min Capacity: 8M
 Heap Initial Capacity: 128M
 Heap Max Capacity: 2G
 Pre-touch: Disabled
 Parallel Workers: 4
 Concurrent Workers: 1
 Concurrent Refinement Workers: 4
 Periodic GC: Disabled

Heap:
 garbage-first heap   total 416768K, used 198144K [0x0000000080000000, 0x0000000100000000)
  region size 1024K, 76 young (77824K), 5 survivors (5120K)
 Metaspace       used 109057K, committed 110912K, reserved 1179648K
  class space    used 14022K, committed 14912K, reserved 1048576K

Heap Regions: E=young(eden), S=young(survivor), O=old, HS=humongous(starts), HC=humongous(continues), CS=collection set, F=free, TAMS=top-at-mark-start, PB=parsable bottom
|   0|0x0000000080000000, 0x0000000080100000, 0x0000000080100000|100%|HS|  |TAMS 0x0000000080000000| PB 0x0000000080000000| Complete 
|   1|0x0000000080100000, 0x0000000080200000, 0x0000000080200000|100%|HC|  |TAMS 0x0000000080100000| PB 0x0000000080100000| Complete 
|   2|0x0000000080200000, 0x0000000080300000, 0x0000000080300000|100%|HC|  |TAMS 0x0000000080200000| PB 0x0000000080200000| Complete 
|   3|0x0000000080300000, 0x0000000080400000, 0x0000000080400000|100%|HC|  |TAMS 0x0000000080300000| PB 0x0000000080300000| Complete 
|   4|0x0000000080400000, 0x0000000080500000, 0x0000000080500000|100%| O|  |TAMS 0x0000000080400000| PB 0x0000000080400000| Untracked 
|   5|0x0000000080500000, 0x0000000080600000, 0x0000000080600000|100%| O|  |TAMS 0x0000000080500000| PB 0x0000000080500000| Untracked 
|   6|0x0000000080600000, 0x0000000080700000, 0x0000000080700000|100%| O|  |TAMS 0x0000000080600000| PB 0x0000000080600000| Untracked 
|   7|0x0000000080700000, 0x0000000080800000, 0x0000000080800000|100%| O|  |TAMS 0x0000000080700000| PB 0x0000000080700000| Untracked 
|   8|0x0000000080800000, 0x0000000080900000, 0x0000000080900000|100%| O|  |TAMS 0x0000000080800000| PB 0x0000000080800000| Untracked 
|   9|0x0000000080900000, 0x0000000080a00000, 0x0000000080a00000|100%| O|  |TAMS 0x0000000080900000| PB 0x0000000080900000| Untracked 
|  10|0x0000000080a00000, 0x0000000080b00000, 0x0000000080b00000|100%| O|  |TAMS 0x0000000080a00000| PB 0x0000000080a00000| Untracked 
|  11|0x0000000080b00000, 0x0000000080c00000, 0x0000000080c00000|100%| O|  |TAMS 0x0000000080b00000| PB 0x0000000080b00000| Untracked 
|  12|0x0000000080c00000, 0x0000000080d00000, 0x0000000080d00000|100%| O|  |TAMS 0x0000000080c00000| PB 0x0000000080c00000| Untracked 
|  13|0x0000000080d00000, 0x0000000080e00000, 0x0000000080e00000|100%| O|  |TAMS 0x0000000080d00000| PB 0x0000000080d00000| Untracked 
|  14|0x0000000080e00000, 0x0000000080f00000, 0x0000000080f00000|100%| O|  |TAMS 0x0000000080e00000| PB 0x0000000080e00000| Untracked 
|  15|0x0000000080f00000, 0x0000000081000000, 0x0000000081000000|100%| O|  |TAMS 0x0000000080f00000| PB 0x0000000080f00000| Untracked 
|  16|0x0000000081000000, 0x0000000081100000, 0x0000000081100000|100%| O|  |TAMS 0x0000000081000000| PB 0x0000000081000000| Untracked 
|  17|0x0000000081100000, 0x0000000081200000, 0x0000000081200000|100%|HS|  |TAMS 0x0000000081100000| PB 0x0000000081100000| Complete 
|  18|0x0000000081200000, 0x0000000081300000, 0x0000000081300000|100%| O|  |TAMS 0x0000000081200000| PB 0x0000000081200000| Untracked 
|  19|0x0000000081300000, 0x0000000081400000, 0x0000000081400000|100%| O|  |TAMS 0x0000000081300000| PB 0x0000000081300000| Untracked 
|  20|0x0000000081400000, 0x0000000081500000, 0x0000000081500000|100%|HS|  |TAMS 0x0000000081400000| PB 0x0000000081400000| Complete 
|  21|0x0000000081500000, 0x0000000081600000, 0x0000000081600000|100%|HC|  |TAMS 0x0000000081500000| PB 0x0000000081500000| Complete 
|  22|0x0000000081600000, 0x0000000081700000, 0x0000000081700000|100%|HC|  |TAMS 0x0000000081600000| PB 0x0000000081600000| Complete 
|  23|0x0000000081700000, 0x0000000081800000, 0x0000000081800000|100%|HC|  |TAMS 0x0000000081700000| PB 0x0000000081700000| Complete 
|  24|0x0000000081800000, 0x0000000081900000, 0x0000000081900000|100%|HC|  |TAMS 0x0000000081800000| PB 0x0000000081800000| Complete 
|  25|0x0000000081900000, 0x0000000081a00000, 0x0000000081a00000|100%|HC|  |TAMS 0x0000000081900000| PB 0x0000000081900000| Complete 
|  26|0x0000000081a00000, 0x0000000081b00000, 0x0000000081b00000|100%|HS|  |TAMS 0x0000000081a00000| PB 0x0000000081a00000| Complete 
|  27|0x0000000081b00000, 0x0000000081c00000, 0x0000000081c00000|100%|HC|  |TAMS 0x0000000081b00000| PB 0x0000000081b00000| Complete 
|  28|0x0000000081c00000, 0x0000000081d00000, 0x0000000081d00000|100%| O|  |TAMS 0x0000000081c00000| PB 0x0000000081c00000| Untracked 
|  29|0x0000000081d00000, 0x0000000081e00000, 0x0000000081e00000|100%| O|  |TAMS 0x0000000081d00000| PB 0x0000000081d00000| Untracked 
|  30|0x0000000081e00000, 0x0000000081f00000, 0x0000000081f00000|100%| O|  |TAMS 0x0000000081e00000| PB 0x0000000081e00000| Untracked 
|  31|0x0000000081f00000, 0x0000000082000000, 0x0000000082000000|100%|HS|  |TAMS 0x0000000081f00000| PB 0x0000000081f00000| Complete 
|  32|0x0000000082000000, 0x0000000082100000, 0x0000000082100000|100%|HC|  |TAMS 0x0000000082000000| PB 0x0000000082000000| Complete 
|  33|0x0000000082100000, 0x0000000082200000, 0x0000000082200000|100%|HC|  |TAMS 0x0000000082100000| PB 0x0000000082100000| Complete 
|  34|0x0000000082200000, 0x0000000082300000, 0x0000000082300000|100%|HC|  |TAMS 0x0000000082200000| PB 0x0000000082200000| Complete 
|  35|0x0000000082300000, 0x0000000082400000, 0x0000000082400000|100%|HC|  |TAMS 0x0000000082300000| PB 0x0000000082300000| Complete 
|  36|0x0000000082400000, 0x0000000082500000, 0x0000000082500000|100%|HC|  |TAMS 0x0000000082400000| PB 0x0000000082400000| Complete 
|  37|0x0000000082500000, 0x0000000082600000, 0x0000000082600000|100%|HS|  |TAMS 0x0000000082500000| PB 0x0000000082500000| Complete 
|  38|0x0000000082600000, 0x0000000082700000, 0x0000000082700000|100%|HC|  |TAMS 0x0000000082600000| PB 0x0000000082600000| Complete 
|  39|0x0000000082700000, 0x0000000082800000, 0x0000000082800000|100%|HS|  |TAMS 0x0000000082700000| PB 0x0000000082700000| Complete 
|  40|0x0000000082800000, 0x0000000082900000, 0x0000000082900000|100%| O|  |TAMS 0x0000000082800000| PB 0x0000000082800000| Untracked 
|  41|0x0000000082900000, 0x0000000082a00000, 0x0000000082a00000|100%| O|  |TAMS 0x0000000082900000| PB 0x0000000082900000| Untracked 
|  42|0x0000000082a00000, 0x0000000082b00000, 0x0000000082b00000|100%| O|  |TAMS 0x0000000082a00000| PB 0x0000000082a00000| Untracked 
|  43|0x0000000082b00000, 0x0000000082c00000, 0x0000000082c00000|100%| O|  |TAMS 0x0000000082b00000| PB 0x0000000082b00000| Untracked 
|  44|0x0000000082c00000, 0x0000000082d00000, 0x0000000082d00000|100%| O|  |TAMS 0x0000000082c00000| PB 0x0000000082c00000| Untracked 
|  45|0x0000000082d00000, 0x0000000082e00000, 0x0000000082e00000|100%| O|  |TAMS 0x0000000082d00000| PB 0x0000000082d00000| Untracked 
|  46|0x0000000082e00000, 0x0000000082f00000, 0x0000000082f00000|100%| O|  |TAMS 0x0000000082e00000| PB 0x0000000082e00000| Untracked 
|  47|0x0000000082f00000, 0x0000000083000000, 0x0000000083000000|100%| O|  |TAMS 0x0000000082f00000| PB 0x0000000082f00000| Untracked 
|  48|0x0000000083000000, 0x0000000083100000, 0x0000000083100000|100%| O|  |TAMS 0x0000000083000000| PB 0x0000000083000000| Untracked 
|  49|0x0000000083100000, 0x0000000083200000, 0x0000000083200000|100%| O|  |TAMS 0x0000000083100000| PB 0x0000000083100000| Untracked 
|  50|0x0000000083200000, 0x0000000083300000, 0x0000000083300000|100%| O|  |TAMS 0x0000000083200000| PB 0x0000000083200000| Untracked 
|  51|0x0000000083300000, 0x0000000083400000, 0x0000000083400000|100%| O|  |TAMS 0x0000000083300000| PB 0x0000000083300000| Untracked 
|  52|0x0000000083400000, 0x0000000083500000, 0x0000000083500000|100%| O|  |TAMS 0x0000000083400000| PB 0x0000000083400000| Untracked 
|  53|0x0000000083500000, 0x0000000083600000, 0x0000000083600000|100%| O|  |TAMS 0x0000000083500000| PB 0x0000000083500000| Untracked 
|  54|0x0000000083600000, 0x0000000083700000, 0x0000000083700000|100%| O|  |TAMS 0x0000000083600000| PB 0x0000000083600000| Untracked 
|  55|0x0000000083700000, 0x0000000083800000, 0x0000000083800000|100%| O|  |TAMS 0x0000000083700000| PB 0x0000000083700000| Untracked 
|  56|0x0000000083800000, 0x0000000083900000, 0x0000000083900000|100%| O|  |TAMS 0x0000000083800000| PB 0x0000000083800000| Untracked 
|  57|0x0000000083900000, 0x0000000083a00000, 0x0000000083a00000|100%| O|  |TAMS 0x0000000083900000| PB 0x0000000083900000| Untracked 
|  58|0x0000000083a00000, 0x0000000083b00000, 0x0000000083b00000|100%| O|  |TAMS 0x0000000083a00000| PB 0x0000000083a00000| Untracked 
|  59|0x0000000083b00000, 0x0000000083c00000, 0x0000000083c00000|100%| O|  |TAMS 0x0000000083b00000| PB 0x0000000083b00000| Untracked 
|  60|0x0000000083c00000, 0x0000000083d00000, 0x0000000083d00000|100%| O|  |TAMS 0x0000000083c00000| PB 0x0000000083c00000| Untracked 
|  61|0x0000000083d00000, 0x0000000083e00000, 0x0000000083e00000|100%| O|  |TAMS 0x0000000083d00000| PB 0x0000000083d00000| Untracked 
|  62|0x0000000083e00000, 0x0000000083f00000, 0x0000000083f00000|100%| O|  |TAMS 0x0000000083e00000| PB 0x0000000083e00000| Untracked 
|  63|0x0000000083f00000, 0x0000000084000000, 0x0000000084000000|100%| O|  |TAMS 0x0000000083f00000| PB 0x0000000083f00000| Untracked 
|  64|0x0000000084000000, 0x0000000084000000, 0x0000000084100000|  0%| F|  |TAMS 0x0000000084000000| PB 0x0000000084000000| Untracked 
|  65|0x0000000084100000, 0x0000000084200000, 0x0000000084200000|100%| O|  |TAMS 0x0000000084100000| PB 0x0000000084100000| Untracked 
|  66|0x0000000084200000, 0x0000000084300000, 0x0000000084300000|100%| O|  |TAMS 0x0000000084200000| PB 0x0000000084200000| Untracked 
|  67|0x0000000084300000, 0x0000000084400000, 0x0000000084400000|100%| O|  |TAMS 0x0000000084300000| PB 0x0000000084300000| Untracked 
|  68|0x0000000084400000, 0x0000000084500000, 0x0000000084500000|100%| O|  |TAMS 0x0000000084400000| PB 0x0000000084400000| Untracked 
|  69|0x0000000084500000, 0x0000000084600000, 0x0000000084600000|100%| O|Cm|TAMS 0x0000000084500000| PB 0x0000000084500000| Complete 
|  70|0x0000000084600000, 0x0000000084700000, 0x0000000084700000|100%| O|  |TAMS 0x0000000084600000| PB 0x0000000084600000| Untracked 
|  71|0x0000000084700000, 0x0000000084800000, 0x0000000084800000|100%| O|  |TAMS 0x0000000084700000| PB 0x0000000084700000| Untracked 
|  72|0x0000000084800000, 0x0000000084900000, 0x0000000084900000|100%| O|  |TAMS 0x0000000084800000| PB 0x0000000084800000| Untracked 
|  73|0x0000000084900000, 0x0000000084a00000, 0x0000000084a00000|100%| O|Cm|TAMS 0x0000000084900000| PB 0x0000000084900000| Complete 
|  74|0x0000000084a00000, 0x0000000084b00000, 0x0000000084b00000|100%| O|Cm|TAMS 0x0000000084a00000| PB 0x0000000084a00000| Complete 
|  75|0x0000000084b00000, 0x0000000084c00000, 0x0000000084c00000|100%| O|  |TAMS 0x0000000084b00000| PB 0x0000000084b00000| Untracked 
|  76|0x0000000084c00000, 0x0000000084c00000, 0x0000000084d00000|  0%| F|  |TAMS 0x0000000084c00000| PB 0x0000000084c00000| Untracked 
|  77|0x0000000084d00000, 0x0000000084e00000, 0x0000000084e00000|100%| O|  |TAMS 0x0000000084d00000| PB 0x0000000084d00000| Untracked 
|  78|0x0000000084e00000, 0x0000000084f00000, 0x0000000084f00000|100%| O|  |TAMS 0x0000000084e00000| PB 0x0000000084e00000| Untracked 
|  79|0x0000000084f00000, 0x0000000085000000, 0x0000000085000000|100%| O|  |TAMS 0x0000000084f00000| PB 0x0000000084f00000| Untracked 
|  80|0x0000000085000000, 0x0000000085100000, 0x0000000085100000|100%| O|  |TAMS 0x0000000085000000| PB 0x0000000085000000| Untracked 
|  81|0x0000000085100000, 0x0000000085200000, 0x0000000085200000|100%| O|  |TAMS 0x0000000085100000| PB 0x0000000085100000| Untracked 
|  82|0x0000000085200000, 0x0000000085300000, 0x0000000085300000|100%| O|  |TAMS 0x0000000085200000| PB 0x0000000085200000| Untracked 
|  83|0x0000000085300000, 0x0000000085400000, 0x0000000085400000|100%| O|  |TAMS 0x0000000085300000| PB 0x0000000085300000| Untracked 
|  84|0x0000000085400000, 0x0000000085500000, 0x0000000085500000|100%| O|  |TAMS 0x0000000085400000| PB 0x0000000085400000| Untracked 
|  85|0x0000000085500000, 0x0000000085600000, 0x0000000085600000|100%| O|  |TAMS 0x0000000085500000| PB 0x0000000085500000| Untracked 
|  86|0x0000000085600000, 0x0000000085700000, 0x0000000085700000|100%| O|  |TAMS 0x0000000085600000| PB 0x0000000085600000| Untracked 
|  87|0x0000000085700000, 0x0000000085800000, 0x0000000085800000|100%| O|  |TAMS 0x0000000085700000| PB 0x0000000085700000| Untracked 
|  88|0x0000000085800000, 0x0000000085900000, 0x0000000085900000|100%| O|  |TAMS 0x0000000085800000| PB 0x0000000085800000| Untracked 
|  89|0x0000000085900000, 0x0000000085a00000, 0x0000000085a00000|100%| O|  |TAMS 0x0000000085900000| PB 0x0000000085900000| Untracked 
|  90|0x0000000085a00000, 0x0000000085b00000, 0x0000000085b00000|100%| O|  |TAMS 0x0000000085a00000| PB 0x0000000085a00000| Untracked 
|  91|0x0000000085b00000, 0x0000000085c00000, 0x0000000085c00000|100%| O|  |TAMS 0x0000000085b00000| PB 0x0000000085b00000| Untracked 
|  92|0x0000000085c00000, 0x0000000085d00000, 0x0000000085d00000|100%| O|  |TAMS 0x0000000085c00000| PB 0x0000000085c00000| Untracked 
|  93|0x0000000085d00000, 0x0000000085e00000, 0x0000000085e00000|100%| O|  |TAMS 0x0000000085d00000| PB 0x0000000085d00000| Untracked 
|  94|0x0000000085e00000, 0x0000000085f00000, 0x0000000085f00000|100%| O|  |TAMS 0x0000000085e00000| PB 0x0000000085e00000| Untracked 
|  95|0x0000000085f00000, 0x0000000086000000, 0x0000000086000000|100%| O|  |TAMS 0x0000000085f00000| PB 0x0000000085f00000| Untracked 
|  96|0x0000000086000000, 0x0000000086100000, 0x0000000086100000|100%| O|  |TAMS 0x0000000086000000| PB 0x0000000086000000| Untracked 
|  97|0x0000000086100000, 0x0000000086200000, 0x0000000086200000|100%| O|  |TAMS 0x0000000086100000| PB 0x0000000086100000| Untracked 
|  98|0x0000000086200000, 0x0000000086300000, 0x0000000086300000|100%| O|  |TAMS 0x0000000086200000| PB 0x0000000086200000| Untracked 
|  99|0x0000000086300000, 0x0000000086400000, 0x0000000086400000|100%| O|  |TAMS 0x0000000086300000| PB 0x0000000086300000| Untracked 
| 100|0x0000000086400000, 0x0000000086500000, 0x0000000086500000|100%| O|  |TAMS 0x0000000086400000| PB 0x0000000086400000| Untracked 
| 101|0x0000000086500000, 0x0000000086600000, 0x0000000086600000|100%| O|  |TAMS 0x0000000086500000| PB 0x0000000086500000| Untracked 
| 102|0x0000000086600000, 0x0000000086700000, 0x0000000086700000|100%| O|  |TAMS 0x0000000086600000| PB 0x0000000086600000| Untracked 
| 103|0x0000000086700000, 0x0000000086800000, 0x0000000086800000|100%| O|  |TAMS 0x0000000086700000| PB 0x0000000086700000| Untracked 
| 104|0x0000000086800000, 0x0000000086900000, 0x0000000086900000|100%| O|  |TAMS 0x0000000086800000| PB 0x0000000086800000| Untracked 
| 105|0x0000000086900000, 0x0000000086a00000, 0x0000000086a00000|100%| O|  |TAMS 0x0000000086900000| PB 0x0000000086900000| Untracked 
| 106|0x0000000086a00000, 0x0000000086b00000, 0x0000000086b00000|100%| O|  |TAMS 0x0000000086a00000| PB 0x0000000086a00000| Untracked 
| 107|0x0000000086b00000, 0x0000000086c00000, 0x0000000086c00000|100%| O|  |TAMS 0x0000000086b00000| PB 0x0000000086b00000| Untracked 
| 108|0x0000000086c00000, 0x0000000086d00000, 0x0000000086d00000|100%| O|  |TAMS 0x0000000086c00000| PB 0x0000000086c00000| Untracked 
| 109|0x0000000086d00000, 0x0000000086e00000, 0x0000000086e00000|100%| O|  |TAMS 0x0000000086d00000| PB 0x0000000086d00000| Untracked 
| 110|0x0000000086e00000, 0x0000000086f00000, 0x0000000086f00000|100%| O|  |TAMS 0x0000000086e00000| PB 0x0000000086e00000| Untracked 
| 111|0x0000000086f00000, 0x0000000087000000, 0x0000000087000000|100%| O|  |TAMS 0x0000000086f00000| PB 0x0000000086f00000| Untracked 
| 112|0x0000000087000000, 0x0000000087100000, 0x0000000087100000|100%| O|  |TAMS 0x0000000087000000| PB 0x0000000087000000| Untracked 
| 113|0x0000000087100000, 0x0000000087200000, 0x0000000087200000|100%| O|  |TAMS 0x0000000087100000| PB 0x0000000087100000| Untracked 
| 114|0x0000000087200000, 0x0000000087300000, 0x0000000087300000|100%| O|  |TAMS 0x0000000087200000| PB 0x0000000087200000| Untracked 
| 115|0x0000000087300000, 0x0000000087400000, 0x0000000087400000|100%| O|  |TAMS 0x0000000087300000| PB 0x0000000087300000| Untracked 
| 116|0x0000000087400000, 0x0000000087500000, 0x0000000087500000|100%| O|  |TAMS 0x0000000087400000| PB 0x0000000087400000| Untracked 
| 117|0x0000000087500000, 0x0000000087600000, 0x0000000087600000|100%|HS|  |TAMS 0x0000000087500000| PB 0x0000000087500000| Complete 
| 118|0x0000000087600000, 0x0000000087700000, 0x0000000087700000|100%|HC|  |TAMS 0x0000000087600000| PB 0x0000000087600000| Complete 
| 119|0x0000000087700000, 0x0000000087700000, 0x0000000087800000|  0%| F|  |TAMS 0x0000000087700000| PB 0x0000000087700000| Untracked 
| 120|0x0000000087800000, 0x0000000087800000, 0x0000000087900000|  0%| F|  |TAMS 0x0000000087800000| PB 0x0000000087800000| Untracked 
| 121|0x0000000087900000, 0x0000000087900000, 0x0000000087a00000|  0%| F|  |TAMS 0x0000000087900000| PB 0x0000000087900000| Untracked 
| 122|0x0000000087a00000, 0x0000000087a00000, 0x0000000087b00000|  0%| F|  |TAMS 0x0000000087a00000| PB 0x0000000087a00000| Untracked 
| 123|0x0000000087b00000, 0x0000000087b00000, 0x0000000087c00000|  0%| F|  |TAMS 0x0000000087b00000| PB 0x0000000087b00000| Untracked 
| 124|0x0000000087c00000, 0x0000000087c00000, 0x0000000087d00000|  0%| F|  |TAMS 0x0000000087c00000| PB 0x0000000087c00000| Untracked 
| 125|0x0000000087d00000, 0x0000000087d00000, 0x0000000087e00000|  0%| F|  |TAMS 0x0000000087d00000| PB 0x0000000087d00000| Untracked 
| 126|0x0000000087e00000, 0x0000000087e00000, 0x0000000087f00000|  0%| F|  |TAMS 0x0000000087e00000| PB 0x0000000087e00000| Untracked 
| 127|0x0000000087f00000, 0x0000000087f00000, 0x0000000088000000|  0%| F|  |TAMS 0x0000000087f00000| PB 0x0000000087f00000| Untracked 
| 128|0x0000000088000000, 0x0000000088000000, 0x0000000088100000|  0%| F|  |TAMS 0x0000000088000000| PB 0x0000000088000000| Untracked 
| 129|0x0000000088100000, 0x0000000088100000, 0x0000000088200000|  0%| F|  |TAMS 0x0000000088100000| PB 0x0000000088100000| Untracked 
| 130|0x0000000088200000, 0x0000000088200000, 0x0000000088300000|  0%| F|  |TAMS 0x0000000088200000| PB 0x0000000088200000| Untracked 
| 131|0x0000000088300000, 0x0000000088300000, 0x0000000088400000|  0%| F|  |TAMS 0x0000000088300000| PB 0x0000000088300000| Untracked 
| 132|0x0000000088400000, 0x0000000088400000, 0x0000000088500000|  0%| F|  |TAMS 0x0000000088400000| PB 0x0000000088400000| Untracked 
| 133|0x0000000088500000, 0x0000000088500000, 0x0000000088600000|  0%| F|  |TAMS 0x0000000088500000| PB 0x0000000088500000| Untracked 
| 134|0x0000000088600000, 0x0000000088600000, 0x0000000088700000|  0%| F|  |TAMS 0x0000000088600000| PB 0x0000000088600000| Untracked 
| 135|0x0000000088700000, 0x0000000088700000, 0x0000000088800000|  0%| F|  |TAMS 0x0000000088700000| PB 0x0000000088700000| Untracked 
| 136|0x0000000088800000, 0x0000000088800000, 0x0000000088900000|  0%| F|  |TAMS 0x0000000088800000| PB 0x0000000088800000| Untracked 
| 137|0x0000000088900000, 0x0000000088900000, 0x0000000088a00000|  0%| F|  |TAMS 0x0000000088900000| PB 0x0000000088900000| Untracked 
| 138|0x0000000088a00000, 0x0000000088a00000, 0x0000000088b00000|  0%| F|  |TAMS 0x0000000088a00000| PB 0x0000000088a00000| Untracked 
| 139|0x0000000088b00000, 0x0000000088b00000, 0x0000000088c00000|  0%| F|  |TAMS 0x0000000088b00000| PB 0x0000000088b00000| Untracked 
| 140|0x0000000088c00000, 0x0000000088c00000, 0x0000000088d00000|  0%| F|  |TAMS 0x0000000088c00000| PB 0x0000000088c00000| Untracked 
| 141|0x0000000088d00000, 0x0000000088d00000, 0x0000000088e00000|  0%| F|  |TAMS 0x0000000088d00000| PB 0x0000000088d00000| Untracked 
| 142|0x0000000088e00000, 0x0000000088e00000, 0x0000000088f00000|  0%| F|  |TAMS 0x0000000088e00000| PB 0x0000000088e00000| Untracked 
| 143|0x0000000088f00000, 0x0000000088f00000, 0x0000000089000000|  0%| F|  |TAMS 0x0000000088f00000| PB 0x0000000088f00000| Untracked 
| 144|0x0000000089000000, 0x0000000089000000, 0x0000000089100000|  0%| F|  |TAMS 0x0000000089000000| PB 0x0000000089000000| Untracked 
| 145|0x0000000089100000, 0x0000000089100000, 0x0000000089200000|  0%| F|  |TAMS 0x0000000089100000| PB 0x0000000089100000| Untracked 
| 146|0x0000000089200000, 0x0000000089200000, 0x0000000089300000|  0%| F|  |TAMS 0x0000000089200000| PB 0x0000000089200000| Untracked 
| 147|0x0000000089300000, 0x0000000089300000, 0x0000000089400000|  0%| F|  |TAMS 0x0000000089300000| PB 0x0000000089300000| Untracked 
| 148|0x0000000089400000, 0x0000000089400000, 0x0000000089500000|  0%| F|  |TAMS 0x0000000089400000| PB 0x0000000089400000| Untracked 
| 149|0x0000000089500000, 0x0000000089500000, 0x0000000089600000|  0%| F|  |TAMS 0x0000000089500000| PB 0x0000000089500000| Untracked 
| 150|0x0000000089600000, 0x0000000089600000, 0x0000000089700000|  0%| F|  |TAMS 0x0000000089600000| PB 0x0000000089600000| Untracked 
| 151|0x0000000089700000, 0x0000000089700000, 0x0000000089800000|  0%| F|  |TAMS 0x0000000089700000| PB 0x0000000089700000| Untracked 
| 152|0x0000000089800000, 0x0000000089800000, 0x0000000089900000|  0%| F|  |TAMS 0x0000000089800000| PB 0x0000000089800000| Untracked 
| 153|0x0000000089900000, 0x0000000089900000, 0x0000000089a00000|  0%| F|  |TAMS 0x0000000089900000| PB 0x0000000089900000| Untracked 
| 154|0x0000000089a00000, 0x0000000089a00000, 0x0000000089b00000|  0%| F|  |TAMS 0x0000000089a00000| PB 0x0000000089a00000| Untracked 
| 155|0x0000000089b00000, 0x0000000089b00000, 0x0000000089c00000|  0%| F|  |TAMS 0x0000000089b00000| PB 0x0000000089b00000| Untracked 
| 156|0x0000000089c00000, 0x0000000089c00000, 0x0000000089d00000|  0%| F|  |TAMS 0x0000000089c00000| PB 0x0000000089c00000| Untracked 
| 157|0x0000000089d00000, 0x0000000089d00000, 0x0000000089e00000|  0%| F|  |TAMS 0x0000000089d00000| PB 0x0000000089d00000| Untracked 
| 158|0x0000000089e00000, 0x0000000089e00000, 0x0000000089f00000|  0%| F|  |TAMS 0x0000000089e00000| PB 0x0000000089e00000| Untracked 
| 159|0x0000000089f00000, 0x0000000089f00000, 0x000000008a000000|  0%| F|  |TAMS 0x0000000089f00000| PB 0x0000000089f00000| Untracked 
| 160|0x000000008a000000, 0x000000008a000000, 0x000000008a100000|  0%| F|  |TAMS 0x000000008a000000| PB 0x000000008a000000| Untracked 
| 161|0x000000008a100000, 0x000000008a100000, 0x000000008a200000|  0%| F|  |TAMS 0x000000008a100000| PB 0x000000008a100000| Untracked 
| 162|0x000000008a200000, 0x000000008a200000, 0x000000008a300000|  0%| F|  |TAMS 0x000000008a200000| PB 0x000000008a200000| Untracked 
| 163|0x000000008a300000, 0x000000008a300000, 0x000000008a400000|  0%| F|  |TAMS 0x000000008a300000| PB 0x000000008a300000| Untracked 
| 164|0x000000008a400000, 0x000000008a400000, 0x000000008a500000|  0%| F|  |TAMS 0x000000008a400000| PB 0x000000008a400000| Untracked 
| 165|0x000000008a500000, 0x000000008a500000, 0x000000008a600000|  0%| F|  |TAMS 0x000000008a500000| PB 0x000000008a500000| Untracked 
| 166|0x000000008a600000, 0x000000008a600000, 0x000000008a700000|  0%| F|  |TAMS 0x000000008a600000| PB 0x000000008a600000| Untracked 
| 167|0x000000008a700000, 0x000000008a700000, 0x000000008a800000|  0%| F|  |TAMS 0x000000008a700000| PB 0x000000008a700000| Untracked 
| 168|0x000000008a800000, 0x000000008a800000, 0x000000008a900000|  0%| F|  |TAMS 0x000000008a800000| PB 0x000000008a800000| Untracked 
| 169|0x000000008a900000, 0x000000008a900000, 0x000000008aa00000|  0%| F|  |TAMS 0x000000008a900000| PB 0x000000008a900000| Untracked 
| 170|0x000000008aa00000, 0x000000008aa00000, 0x000000008ab00000|  0%| F|  |TAMS 0x000000008aa00000| PB 0x000000008aa00000| Untracked 
| 171|0x000000008ab00000, 0x000000008ab00000, 0x000000008ac00000|  0%| F|  |TAMS 0x000000008ab00000| PB 0x000000008ab00000| Untracked 
| 172|0x000000008ac00000, 0x000000008ac00000, 0x000000008ad00000|  0%| F|  |TAMS 0x000000008ac00000| PB 0x000000008ac00000| Untracked 
| 173|0x000000008ad00000, 0x000000008ad00000, 0x000000008ae00000|  0%| F|  |TAMS 0x000000008ad00000| PB 0x000000008ad00000| Untracked 
| 174|0x000000008ae00000, 0x000000008ae00000, 0x000000008af00000|  0%| F|  |TAMS 0x000000008ae00000| PB 0x000000008ae00000| Untracked 
| 175|0x000000008af00000, 0x000000008af00000, 0x000000008b000000|  0%| F|  |TAMS 0x000000008af00000| PB 0x000000008af00000| Untracked 
| 176|0x000000008b000000, 0x000000008b000000, 0x000000008b100000|  0%| F|  |TAMS 0x000000008b000000| PB 0x000000008b000000| Untracked 
| 177|0x000000008b100000, 0x000000008b100000, 0x000000008b200000|  0%| F|  |TAMS 0x000000008b100000| PB 0x000000008b100000| Untracked 
| 178|0x000000008b200000, 0x000000008b200000, 0x000000008b300000|  0%| F|  |TAMS 0x000000008b200000| PB 0x000000008b200000| Untracked 
| 179|0x000000008b300000, 0x000000008b300000, 0x000000008b400000|  0%| F|  |TAMS 0x000000008b300000| PB 0x000000008b300000| Untracked 
| 180|0x000000008b400000, 0x000000008b400000, 0x000000008b500000|  0%| F|  |TAMS 0x000000008b400000| PB 0x000000008b400000| Untracked 
| 181|0x000000008b500000, 0x000000008b500000, 0x000000008b600000|  0%| F|  |TAMS 0x000000008b500000| PB 0x000000008b500000| Untracked 
| 182|0x000000008b600000, 0x000000008b600000, 0x000000008b700000|  0%| F|  |TAMS 0x000000008b600000| PB 0x000000008b600000| Untracked 
| 183|0x000000008b700000, 0x000000008b700000, 0x000000008b800000|  0%| F|  |TAMS 0x000000008b700000| PB 0x000000008b700000| Untracked 
| 184|0x000000008b800000, 0x000000008b800000, 0x000000008b900000|  0%| F|  |TAMS 0x000000008b800000| PB 0x000000008b800000| Untracked 
| 185|0x000000008b900000, 0x000000008b900000, 0x000000008ba00000|  0%| F|  |TAMS 0x000000008b900000| PB 0x000000008b900000| Untracked 
| 186|0x000000008ba00000, 0x000000008ba00000, 0x000000008bb00000|  0%| F|  |TAMS 0x000000008ba00000| PB 0x000000008ba00000| Untracked 
| 187|0x000000008bb00000, 0x000000008bb00000, 0x000000008bc00000|  0%| F|  |TAMS 0x000000008bb00000| PB 0x000000008bb00000| Untracked 
| 188|0x000000008bc00000, 0x000000008bc00000, 0x000000008bd00000|  0%| F|  |TAMS 0x000000008bc00000| PB 0x000000008bc00000| Untracked 
| 189|0x000000008bd00000, 0x000000008bd00000, 0x000000008be00000|  0%| F|  |TAMS 0x000000008bd00000| PB 0x000000008bd00000| Untracked 
| 190|0x000000008be00000, 0x000000008be00000, 0x000000008bf00000|  0%| F|  |TAMS 0x000000008be00000| PB 0x000000008be00000| Untracked 
| 191|0x000000008bf00000, 0x000000008bf00000, 0x000000008c000000|  0%| F|  |TAMS 0x000000008bf00000| PB 0x000000008bf00000| Untracked 
| 192|0x000000008c000000, 0x000000008c000000, 0x000000008c100000|  0%| F|  |TAMS 0x000000008c000000| PB 0x000000008c000000| Untracked 
| 193|0x000000008c100000, 0x000000008c100000, 0x000000008c200000|  0%| F|  |TAMS 0x000000008c100000| PB 0x000000008c100000| Untracked 
| 194|0x000000008c200000, 0x000000008c200000, 0x000000008c300000|  0%| F|  |TAMS 0x000000008c200000| PB 0x000000008c200000| Untracked 
| 195|0x000000008c300000, 0x000000008c300000, 0x000000008c400000|  0%| F|  |TAMS 0x000000008c300000| PB 0x000000008c300000| Untracked 
| 196|0x000000008c400000, 0x000000008c400000, 0x000000008c500000|  0%| F|  |TAMS 0x000000008c400000| PB 0x000000008c400000| Untracked 
| 197|0x000000008c500000, 0x000000008c500000, 0x000000008c600000|  0%| F|  |TAMS 0x000000008c500000| PB 0x000000008c500000| Untracked 
| 198|0x000000008c600000, 0x000000008c600000, 0x000000008c700000|  0%| F|  |TAMS 0x000000008c600000| PB 0x000000008c600000| Untracked 
| 199|0x000000008c700000, 0x000000008c700000, 0x000000008c800000|  0%| F|  |TAMS 0x000000008c700000| PB 0x000000008c700000| Untracked 
| 200|0x000000008c800000, 0x000000008c800000, 0x000000008c900000|  0%| F|  |TAMS 0x000000008c800000| PB 0x000000008c800000| Untracked 
| 201|0x000000008c900000, 0x000000008c900000, 0x000000008ca00000|  0%| F|  |TAMS 0x000000008c900000| PB 0x000000008c900000| Untracked 
| 202|0x000000008ca00000, 0x000000008ca00000, 0x000000008cb00000|  0%| F|  |TAMS 0x000000008ca00000| PB 0x000000008ca00000| Untracked 
| 203|0x000000008cb00000, 0x000000008cb00000, 0x000000008cc00000|  0%| F|  |TAMS 0x000000008cb00000| PB 0x000000008cb00000| Untracked 
| 204|0x000000008cc00000, 0x000000008cc00000, 0x000000008cd00000|  0%| F|  |TAMS 0x000000008cc00000| PB 0x000000008cc00000| Untracked 
| 205|0x000000008cd00000, 0x000000008cd00000, 0x000000008ce00000|  0%| F|  |TAMS 0x000000008cd00000| PB 0x000000008cd00000| Untracked 
| 206|0x000000008ce00000, 0x000000008ce00000, 0x000000008cf00000|  0%| F|  |TAMS 0x000000008ce00000| PB 0x000000008ce00000| Untracked 
| 207|0x000000008cf00000, 0x000000008cf00000, 0x000000008d000000|  0%| F|  |TAMS 0x000000008cf00000| PB 0x000000008cf00000| Untracked 
| 208|0x000000008d000000, 0x000000008d000000, 0x000000008d100000|  0%| F|  |TAMS 0x000000008d000000| PB 0x000000008d000000| Untracked 
| 209|0x000000008d100000, 0x000000008d100000, 0x000000008d200000|  0%| F|  |TAMS 0x000000008d100000| PB 0x000000008d100000| Untracked 
| 210|0x000000008d200000, 0x000000008d200000, 0x000000008d300000|  0%| F|  |TAMS 0x000000008d200000| PB 0x000000008d200000| Untracked 
| 211|0x000000008d300000, 0x000000008d300000, 0x000000008d400000|  0%| F|  |TAMS 0x000000008d300000| PB 0x000000008d300000| Untracked 
| 212|0x000000008d400000, 0x000000008d400000, 0x000000008d500000|  0%| F|  |TAMS 0x000000008d400000| PB 0x000000008d400000| Untracked 
| 213|0x000000008d500000, 0x000000008d500000, 0x000000008d600000|  0%| F|  |TAMS 0x000000008d500000| PB 0x000000008d500000| Untracked 
| 214|0x000000008d600000, 0x000000008d600000, 0x000000008d700000|  0%| F|  |TAMS 0x000000008d600000| PB 0x000000008d600000| Untracked 
| 215|0x000000008d700000, 0x000000008d700000, 0x000000008d800000|  0%| F|  |TAMS 0x000000008d700000| PB 0x000000008d700000| Untracked 
| 216|0x000000008d800000, 0x000000008d800000, 0x000000008d900000|  0%| F|  |TAMS 0x000000008d800000| PB 0x000000008d800000| Untracked 
| 217|0x000000008d900000, 0x000000008d900000, 0x000000008da00000|  0%| F|  |TAMS 0x000000008d900000| PB 0x000000008d900000| Untracked 
| 218|0x000000008da00000, 0x000000008da00000, 0x000000008db00000|  0%| F|  |TAMS 0x000000008da00000| PB 0x000000008da00000| Untracked 
| 219|0x000000008db00000, 0x000000008db00000, 0x000000008dc00000|  0%| F|  |TAMS 0x000000008db00000| PB 0x000000008db00000| Untracked 
| 220|0x000000008dc00000, 0x000000008dc00000, 0x000000008dd00000|  0%| F|  |TAMS 0x000000008dc00000| PB 0x000000008dc00000| Untracked 
| 221|0x000000008dd00000, 0x000000008dd00000, 0x000000008de00000|  0%| F|  |TAMS 0x000000008dd00000| PB 0x000000008dd00000| Untracked 
| 222|0x000000008de00000, 0x000000008de00000, 0x000000008df00000|  0%| F|  |TAMS 0x000000008de00000| PB 0x000000008de00000| Untracked 
| 223|0x000000008df00000, 0x000000008df00000, 0x000000008e000000|  0%| F|  |TAMS 0x000000008df00000| PB 0x000000008df00000| Untracked 
| 224|0x000000008e000000, 0x000000008e000000, 0x000000008e100000|  0%| F|  |TAMS 0x000000008e000000| PB 0x000000008e000000| Untracked 
| 225|0x000000008e100000, 0x000000008e100000, 0x000000008e200000|  0%| F|  |TAMS 0x000000008e100000| PB 0x000000008e100000| Untracked 
| 226|0x000000008e200000, 0x000000008e200000, 0x000000008e300000|  0%| F|  |TAMS 0x000000008e200000| PB 0x000000008e200000| Untracked 
| 227|0x000000008e300000, 0x000000008e300000, 0x000000008e400000|  0%| F|  |TAMS 0x000000008e300000| PB 0x000000008e300000| Untracked 
| 228|0x000000008e400000, 0x000000008e400000, 0x000000008e500000|  0%| F|  |TAMS 0x000000008e400000| PB 0x000000008e400000| Untracked 
| 229|0x000000008e500000, 0x000000008e500000, 0x000000008e600000|  0%| F|  |TAMS 0x000000008e500000| PB 0x000000008e500000| Untracked 
| 230|0x000000008e600000, 0x000000008e600000, 0x000000008e700000|  0%| F|  |TAMS 0x000000008e600000| PB 0x000000008e600000| Untracked 
| 231|0x000000008e700000, 0x000000008e700000, 0x000000008e800000|  0%| F|  |TAMS 0x000000008e700000| PB 0x000000008e700000| Untracked 
| 232|0x000000008e800000, 0x000000008e800000, 0x000000008e900000|  0%| F|  |TAMS 0x000000008e800000| PB 0x000000008e800000| Untracked 
| 233|0x000000008e900000, 0x000000008e900000, 0x000000008ea00000|  0%| F|  |TAMS 0x000000008e900000| PB 0x000000008e900000| Untracked 
| 234|0x000000008ea00000, 0x000000008ea00000, 0x000000008eb00000|  0%| F|  |TAMS 0x000000008ea00000| PB 0x000000008ea00000| Untracked 
| 235|0x000000008eb00000, 0x000000008eb00000, 0x000000008ec00000|  0%| F|  |TAMS 0x000000008eb00000| PB 0x000000008eb00000| Untracked 
| 236|0x000000008ec00000, 0x000000008ec00000, 0x000000008ed00000|  0%| F|  |TAMS 0x000000008ec00000| PB 0x000000008ec00000| Untracked 
| 237|0x000000008ed00000, 0x000000008ed00000, 0x000000008ee00000|  0%| F|  |TAMS 0x000000008ed00000| PB 0x000000008ed00000| Untracked 
| 238|0x000000008ee00000, 0x000000008ee00000, 0x000000008ef00000|  0%| F|  |TAMS 0x000000008ee00000| PB 0x000000008ee00000| Untracked 
| 239|0x000000008ef00000, 0x000000008ef00000, 0x000000008f000000|  0%| F|  |TAMS 0x000000008ef00000| PB 0x000000008ef00000| Untracked 
| 240|0x000000008f000000, 0x000000008f000000, 0x000000008f100000|  0%| F|  |TAMS 0x000000008f000000| PB 0x000000008f000000| Untracked 
| 241|0x000000008f100000, 0x000000008f100000, 0x000000008f200000|  0%| F|  |TAMS 0x000000008f100000| PB 0x000000008f100000| Untracked 
| 242|0x000000008f200000, 0x000000008f200000, 0x000000008f300000|  0%| F|  |TAMS 0x000000008f200000| PB 0x000000008f200000| Untracked 
| 243|0x000000008f300000, 0x000000008f300000, 0x000000008f400000|  0%| F|  |TAMS 0x000000008f300000| PB 0x000000008f300000| Untracked 
| 244|0x000000008f400000, 0x000000008f400000, 0x000000008f500000|  0%| F|  |TAMS 0x000000008f400000| PB 0x000000008f400000| Untracked 
| 245|0x000000008f500000, 0x000000008f500000, 0x000000008f600000|  0%| F|  |TAMS 0x000000008f500000| PB 0x000000008f500000| Untracked 
| 246|0x000000008f600000, 0x000000008f600000, 0x000000008f700000|  0%| F|  |TAMS 0x000000008f600000| PB 0x000000008f600000| Untracked 
| 247|0x000000008f700000, 0x000000008f700000, 0x000000008f800000|  0%| F|  |TAMS 0x000000008f700000| PB 0x000000008f700000| Untracked 
| 248|0x000000008f800000, 0x000000008f800000, 0x000000008f900000|  0%| F|  |TAMS 0x000000008f800000| PB 0x000000008f800000| Untracked 
| 249|0x000000008f900000, 0x000000008f900000, 0x000000008fa00000|  0%| F|  |TAMS 0x000000008f900000| PB 0x000000008f900000| Untracked 
| 250|0x000000008fa00000, 0x000000008fa00000, 0x000000008fb00000|  0%| F|  |TAMS 0x000000008fa00000| PB 0x000000008fa00000| Untracked 
| 251|0x000000008fb00000, 0x000000008fb00000, 0x000000008fc00000|  0%| F|  |TAMS 0x000000008fb00000| PB 0x000000008fb00000| Untracked 
| 252|0x000000008fc00000, 0x000000008fc00000, 0x000000008fd00000|  0%| F|  |TAMS 0x000000008fc00000| PB 0x000000008fc00000| Untracked 
| 253|0x000000008fd00000, 0x000000008fd00000, 0x000000008fe00000|  0%| F|  |TAMS 0x000000008fd00000| PB 0x000000008fd00000| Untracked 
| 254|0x000000008fe00000, 0x000000008fe00000, 0x000000008ff00000|  0%| F|  |TAMS 0x000000008fe00000| PB 0x000000008fe00000| Untracked 
| 255|0x000000008ff00000, 0x000000008ff00000, 0x0000000090000000|  0%| F|  |TAMS 0x000000008ff00000| PB 0x000000008ff00000| Untracked 
| 256|0x0000000090000000, 0x0000000090000000, 0x0000000090100000|  0%| F|  |TAMS 0x0000000090000000| PB 0x0000000090000000| Untracked 
| 257|0x0000000090100000, 0x0000000090100000, 0x0000000090200000|  0%| F|  |TAMS 0x0000000090100000| PB 0x0000000090100000| Untracked 
| 258|0x0000000090200000, 0x0000000090200000, 0x0000000090300000|  0%| F|  |TAMS 0x0000000090200000| PB 0x0000000090200000| Untracked 
| 259|0x0000000090300000, 0x0000000090300000, 0x0000000090400000|  0%| F|  |TAMS 0x0000000090300000| PB 0x0000000090300000| Untracked 
| 260|0x0000000090400000, 0x0000000090400000, 0x0000000090500000|  0%| F|  |TAMS 0x0000000090400000| PB 0x0000000090400000| Untracked 
| 261|0x0000000090500000, 0x0000000090500000, 0x0000000090600000|  0%| F|  |TAMS 0x0000000090500000| PB 0x0000000090500000| Untracked 
| 262|0x0000000090600000, 0x0000000090600000, 0x0000000090700000|  0%| F|  |TAMS 0x0000000090600000| PB 0x0000000090600000| Untracked 
| 263|0x0000000090700000, 0x0000000090700000, 0x0000000090800000|  0%| F|  |TAMS 0x0000000090700000| PB 0x0000000090700000| Untracked 
| 264|0x0000000090800000, 0x0000000090800000, 0x0000000090900000|  0%| F|  |TAMS 0x0000000090800000| PB 0x0000000090800000| Untracked 
| 265|0x0000000090900000, 0x0000000090900000, 0x0000000090a00000|  0%| F|  |TAMS 0x0000000090900000| PB 0x0000000090900000| Untracked 
| 266|0x0000000090a00000, 0x0000000090a00000, 0x0000000090b00000|  0%| F|  |TAMS 0x0000000090a00000| PB 0x0000000090a00000| Untracked 
| 267|0x0000000090b00000, 0x0000000090b00000, 0x0000000090c00000|  0%| F|  |TAMS 0x0000000090b00000| PB 0x0000000090b00000| Untracked 
| 268|0x0000000090c00000, 0x0000000090c00000, 0x0000000090d00000|  0%| F|  |TAMS 0x0000000090c00000| PB 0x0000000090c00000| Untracked 
| 269|0x0000000090d00000, 0x0000000090d00000, 0x0000000090e00000|  0%| F|  |TAMS 0x0000000090d00000| PB 0x0000000090d00000| Untracked 
| 270|0x0000000090e00000, 0x0000000090e00000, 0x0000000090f00000|  0%| F|  |TAMS 0x0000000090e00000| PB 0x0000000090e00000| Untracked 
| 271|0x0000000090f00000, 0x0000000090f00000, 0x0000000091000000|  0%| F|  |TAMS 0x0000000090f00000| PB 0x0000000090f00000| Untracked 
| 272|0x0000000091000000, 0x0000000091000000, 0x0000000091100000|  0%| F|  |TAMS 0x0000000091000000| PB 0x0000000091000000| Untracked 
| 273|0x0000000091100000, 0x0000000091100000, 0x0000000091200000|  0%| F|  |TAMS 0x0000000091100000| PB 0x0000000091100000| Untracked 
| 274|0x0000000091200000, 0x0000000091200000, 0x0000000091300000|  0%| F|  |TAMS 0x0000000091200000| PB 0x0000000091200000| Untracked 
| 275|0x0000000091300000, 0x0000000091300000, 0x0000000091400000|  0%| F|  |TAMS 0x0000000091300000| PB 0x0000000091300000| Untracked 
| 276|0x0000000091400000, 0x0000000091400000, 0x0000000091500000|  0%| F|  |TAMS 0x0000000091400000| PB 0x0000000091400000| Untracked 
| 277|0x0000000091500000, 0x0000000091500000, 0x0000000091600000|  0%| F|  |TAMS 0x0000000091500000| PB 0x0000000091500000| Untracked 
| 278|0x0000000091600000, 0x0000000091600000, 0x0000000091700000|  0%| F|  |TAMS 0x0000000091600000| PB 0x0000000091600000| Untracked 
| 279|0x0000000091700000, 0x0000000091700000, 0x0000000091800000|  0%| F|  |TAMS 0x0000000091700000| PB 0x0000000091700000| Untracked 
| 280|0x0000000091800000, 0x0000000091800000, 0x0000000091900000|  0%| F|  |TAMS 0x0000000091800000| PB 0x0000000091800000| Untracked 
| 281|0x0000000091900000, 0x0000000091900000, 0x0000000091a00000|  0%| F|  |TAMS 0x0000000091900000| PB 0x0000000091900000| Untracked 
| 282|0x0000000091a00000, 0x0000000091a00000, 0x0000000091b00000|  0%| F|  |TAMS 0x0000000091a00000| PB 0x0000000091a00000| Untracked 
| 283|0x0000000091b00000, 0x0000000091b00000, 0x0000000091c00000|  0%| F|  |TAMS 0x0000000091b00000| PB 0x0000000091b00000| Untracked 
| 284|0x0000000091c00000, 0x0000000091c00000, 0x0000000091d00000|  0%| F|  |TAMS 0x0000000091c00000| PB 0x0000000091c00000| Untracked 
| 285|0x0000000091d00000, 0x0000000091d00000, 0x0000000091e00000|  0%| F|  |TAMS 0x0000000091d00000| PB 0x0000000091d00000| Untracked 
| 286|0x0000000091e00000, 0x0000000091e00000, 0x0000000091f00000|  0%| F|  |TAMS 0x0000000091e00000| PB 0x0000000091e00000| Untracked 
| 287|0x0000000091f00000, 0x0000000091f00000, 0x0000000092000000|  0%| F|  |TAMS 0x0000000091f00000| PB 0x0000000091f00000| Untracked 
| 288|0x0000000092000000, 0x0000000092000000, 0x0000000092100000|  0%| F|  |TAMS 0x0000000092000000| PB 0x0000000092000000| Untracked 
| 289|0x0000000092100000, 0x0000000092100000, 0x0000000092200000|  0%| F|  |TAMS 0x0000000092100000| PB 0x0000000092100000| Untracked 
| 290|0x0000000092200000, 0x0000000092200000, 0x0000000092300000|  0%| F|  |TAMS 0x0000000092200000| PB 0x0000000092200000| Untracked 
| 291|0x0000000092300000, 0x0000000092300000, 0x0000000092400000|  0%| F|  |TAMS 0x0000000092300000| PB 0x0000000092300000| Untracked 
| 292|0x0000000092400000, 0x0000000092400000, 0x0000000092500000|  0%| F|  |TAMS 0x0000000092400000| PB 0x0000000092400000| Untracked 
| 293|0x0000000092500000, 0x0000000092500000, 0x0000000092600000|  0%| F|  |TAMS 0x0000000092500000| PB 0x0000000092500000| Untracked 
| 294|0x0000000092600000, 0x0000000092600000, 0x0000000092700000|  0%| F|  |TAMS 0x0000000092600000| PB 0x0000000092600000| Untracked 
| 295|0x0000000092700000, 0x0000000092700000, 0x0000000092800000|  0%| F|  |TAMS 0x0000000092700000| PB 0x0000000092700000| Untracked 
| 296|0x0000000092800000, 0x0000000092800000, 0x0000000092900000|  0%| F|  |TAMS 0x0000000092800000| PB 0x0000000092800000| Untracked 
| 297|0x0000000092900000, 0x0000000092900000, 0x0000000092a00000|  0%| F|  |TAMS 0x0000000092900000| PB 0x0000000092900000| Untracked 
| 298|0x0000000092a00000, 0x0000000092a00000, 0x0000000092b00000|  0%| F|  |TAMS 0x0000000092a00000| PB 0x0000000092a00000| Untracked 
| 299|0x0000000092b00000, 0x0000000092b00000, 0x0000000092c00000|  0%| F|  |TAMS 0x0000000092b00000| PB 0x0000000092b00000| Untracked 
| 300|0x0000000092c00000, 0x0000000092c00000, 0x0000000092d00000|  0%| F|  |TAMS 0x0000000092c00000| PB 0x0000000092c00000| Untracked 
| 301|0x0000000092d00000, 0x0000000092d00000, 0x0000000092e00000|  0%| F|  |TAMS 0x0000000092d00000| PB 0x0000000092d00000| Untracked 
| 302|0x0000000092e00000, 0x0000000092e00000, 0x0000000092f00000|  0%| F|  |TAMS 0x0000000092e00000| PB 0x0000000092e00000| Untracked 
| 303|0x0000000092f00000, 0x0000000092f00000, 0x0000000093000000|  0%| F|  |TAMS 0x0000000092f00000| PB 0x0000000092f00000| Untracked 
| 304|0x0000000093000000, 0x0000000093000000, 0x0000000093100000|  0%| F|  |TAMS 0x0000000093000000| PB 0x0000000093000000| Untracked 
| 305|0x0000000093100000, 0x0000000093100000, 0x0000000093200000|  0%| F|  |TAMS 0x0000000093100000| PB 0x0000000093100000| Untracked 
| 306|0x0000000093200000, 0x0000000093200000, 0x0000000093300000|  0%| F|  |TAMS 0x0000000093200000| PB 0x0000000093200000| Untracked 
| 307|0x0000000093300000, 0x0000000093300000, 0x0000000093400000|  0%| F|  |TAMS 0x0000000093300000| PB 0x0000000093300000| Untracked 
| 308|0x0000000093400000, 0x0000000093400000, 0x0000000093500000|  0%| F|  |TAMS 0x0000000093400000| PB 0x0000000093400000| Untracked 
| 309|0x0000000093500000, 0x0000000093500000, 0x0000000093600000|  0%| F|  |TAMS 0x0000000093500000| PB 0x0000000093500000| Untracked 
| 310|0x0000000093600000, 0x0000000093600000, 0x0000000093700000|  0%| F|  |TAMS 0x0000000093600000| PB 0x0000000093600000| Untracked 
| 311|0x0000000093700000, 0x0000000093700000, 0x0000000093800000|  0%| F|  |TAMS 0x0000000093700000| PB 0x0000000093700000| Untracked 
| 312|0x0000000093800000, 0x0000000093800000, 0x0000000093900000|  0%| F|  |TAMS 0x0000000093800000| PB 0x0000000093800000| Untracked 
| 313|0x0000000093900000, 0x0000000093900000, 0x0000000093a00000|  0%| F|  |TAMS 0x0000000093900000| PB 0x0000000093900000| Untracked 
| 314|0x0000000093a00000, 0x0000000093a00000, 0x0000000093b00000|  0%| F|  |TAMS 0x0000000093a00000| PB 0x0000000093a00000| Untracked 
| 315|0x0000000093b00000, 0x0000000093b00000, 0x0000000093c00000|  0%| F|  |TAMS 0x0000000093b00000| PB 0x0000000093b00000| Untracked 
| 316|0x0000000093c00000, 0x0000000093c00000, 0x0000000093d00000|  0%| F|  |TAMS 0x0000000093c00000| PB 0x0000000093c00000| Untracked 
| 317|0x0000000093d00000, 0x0000000093d00000, 0x0000000093e00000|  0%| F|  |TAMS 0x0000000093d00000| PB 0x0000000093d00000| Untracked 
| 318|0x0000000093e00000, 0x0000000093e00000, 0x0000000093f00000|  0%| F|  |TAMS 0x0000000093e00000| PB 0x0000000093e00000| Untracked 
| 319|0x0000000093f00000, 0x0000000093f00000, 0x0000000094000000|  0%| F|  |TAMS 0x0000000093f00000| PB 0x0000000093f00000| Untracked 
| 320|0x0000000094000000, 0x0000000094000000, 0x0000000094100000|  0%| F|  |TAMS 0x0000000094000000| PB 0x0000000094000000| Untracked 
| 321|0x0000000094100000, 0x0000000094100000, 0x0000000094200000|  0%| F|  |TAMS 0x0000000094100000| PB 0x0000000094100000| Untracked 
| 322|0x0000000094200000, 0x0000000094200000, 0x0000000094300000|  0%| F|  |TAMS 0x0000000094200000| PB 0x0000000094200000| Untracked 
| 323|0x0000000094300000, 0x0000000094300000, 0x0000000094400000|  0%| F|  |TAMS 0x0000000094300000| PB 0x0000000094300000| Untracked 
| 324|0x0000000094400000, 0x0000000094400000, 0x0000000094500000|  0%| F|  |TAMS 0x0000000094400000| PB 0x0000000094400000| Untracked 
| 325|0x0000000094500000, 0x0000000094500000, 0x0000000094600000|  0%| F|  |TAMS 0x0000000094500000| PB 0x0000000094500000| Untracked 
| 326|0x0000000094600000, 0x0000000094600000, 0x0000000094700000|  0%| F|  |TAMS 0x0000000094600000| PB 0x0000000094600000| Untracked 
| 327|0x0000000094700000, 0x0000000094700000, 0x0000000094800000|  0%| F|  |TAMS 0x0000000094700000| PB 0x0000000094700000| Untracked 
| 328|0x0000000094800000, 0x0000000094800000, 0x0000000094900000|  0%| F|  |TAMS 0x0000000094800000| PB 0x0000000094800000| Untracked 
| 329|0x0000000094900000, 0x0000000094a00000, 0x0000000094a00000|100%| E|  |TAMS 0x0000000094900000| PB 0x0000000094900000| Complete 
| 330|0x0000000094a00000, 0x0000000094b00000, 0x0000000094b00000|100%| E|CS|TAMS 0x0000000094a00000| PB 0x0000000094a00000| Complete 
| 331|0x0000000094b00000, 0x0000000094c00000, 0x0000000094c00000|100%| E|CS|TAMS 0x0000000094b00000| PB 0x0000000094b00000| Complete 
| 332|0x0000000094c00000, 0x0000000094d00000, 0x0000000094d00000|100%| E|CS|TAMS 0x0000000094c00000| PB 0x0000000094c00000| Complete 
| 333|0x0000000094d00000, 0x0000000094e00000, 0x0000000094e00000|100%| E|CS|TAMS 0x0000000094d00000| PB 0x0000000094d00000| Complete 
| 334|0x0000000094e00000, 0x0000000094f00000, 0x0000000094f00000|100%| E|CS|TAMS 0x0000000094e00000| PB 0x0000000094e00000| Complete 
| 335|0x0000000094f00000, 0x0000000095000000, 0x0000000095000000|100%| E|CS|TAMS 0x0000000094f00000| PB 0x0000000094f00000| Complete 
| 336|0x0000000095000000, 0x0000000095100000, 0x0000000095100000|100%| E|CS|TAMS 0x0000000095000000| PB 0x0000000095000000| Complete 
| 337|0x0000000095100000, 0x0000000095200000, 0x0000000095200000|100%| E|CS|TAMS 0x0000000095100000| PB 0x0000000095100000| Complete 
| 338|0x0000000095200000, 0x0000000095300000, 0x0000000095300000|100%| E|CS|TAMS 0x0000000095200000| PB 0x0000000095200000| Complete 
| 339|0x0000000095300000, 0x0000000095400000, 0x0000000095400000|100%| E|CS|TAMS 0x0000000095300000| PB 0x0000000095300000| Complete 
| 340|0x0000000095400000, 0x0000000095500000, 0x0000000095500000|100%| E|CS|TAMS 0x0000000095400000| PB 0x0000000095400000| Complete 
| 341|0x0000000095500000, 0x0000000095600000, 0x0000000095600000|100%| E|CS|TAMS 0x0000000095500000| PB 0x0000000095500000| Complete 
| 342|0x0000000095600000, 0x0000000095700000, 0x0000000095700000|100%| E|CS|TAMS 0x0000000095600000| PB 0x0000000095600000| Complete 
| 343|0x0000000095700000, 0x0000000095800000, 0x0000000095800000|100%| E|CS|TAMS 0x0000000095700000| PB 0x0000000095700000| Complete 
| 344|0x0000000095800000, 0x0000000095900000, 0x0000000095900000|100%| E|CS|TAMS 0x0000000095800000| PB 0x0000000095800000| Complete 
| 345|0x0000000095900000, 0x0000000095a00000, 0x0000000095a00000|100%| E|CS|TAMS 0x0000000095900000| PB 0x0000000095900000| Complete 
| 346|0x0000000095a00000, 0x0000000095b00000, 0x0000000095b00000|100%| E|CS|TAMS 0x0000000095a00000| PB 0x0000000095a00000| Complete 
| 347|0x0000000095b00000, 0x0000000095c00000, 0x0000000095c00000|100%| E|CS|TAMS 0x0000000095b00000| PB 0x0000000095b00000| Complete 
| 348|0x0000000095c00000, 0x0000000095d00000, 0x0000000095d00000|100%| E|CS|TAMS 0x0000000095c00000| PB 0x0000000095c00000| Complete 
| 349|0x0000000095d00000, 0x0000000095e00000, 0x0000000095e00000|100%| E|CS|TAMS 0x0000000095d00000| PB 0x0000000095d00000| Complete 
| 350|0x0000000095e00000, 0x0000000095f00000, 0x0000000095f00000|100%| E|CS|TAMS 0x0000000095e00000| PB 0x0000000095e00000| Complete 
| 351|0x0000000095f00000, 0x0000000096000000, 0x0000000096000000|100%| E|CS|TAMS 0x0000000095f00000| PB 0x0000000095f00000| Complete 
| 352|0x0000000096000000, 0x0000000096100000, 0x0000000096100000|100%| E|CS|TAMS 0x0000000096000000| PB 0x0000000096000000| Complete 
| 353|0x0000000096100000, 0x0000000096200000, 0x0000000096200000|100%| E|CS|TAMS 0x0000000096100000| PB 0x0000000096100000| Complete 
| 354|0x0000000096200000, 0x0000000096300000, 0x0000000096300000|100%| E|CS|TAMS 0x0000000096200000| PB 0x0000000096200000| Complete 
| 355|0x0000000096300000, 0x0000000096400000, 0x0000000096400000|100%| E|CS|TAMS 0x0000000096300000| PB 0x0000000096300000| Complete 
| 356|0x0000000096400000, 0x0000000096500000, 0x0000000096500000|100%| E|CS|TAMS 0x0000000096400000| PB 0x0000000096400000| Complete 
| 357|0x0000000096500000, 0x0000000096600000, 0x0000000096600000|100%| E|CS|TAMS 0x0000000096500000| PB 0x0000000096500000| Complete 
| 358|0x0000000096600000, 0x0000000096700000, 0x0000000096700000|100%| E|CS|TAMS 0x0000000096600000| PB 0x0000000096600000| Complete 
| 359|0x0000000096700000, 0x0000000096800000, 0x0000000096800000|100%| E|CS|TAMS 0x0000000096700000| PB 0x0000000096700000| Complete 
| 360|0x0000000096800000, 0x0000000096900000, 0x0000000096900000|100%| E|CS|TAMS 0x0000000096800000| PB 0x0000000096800000| Complete 
| 361|0x0000000096900000, 0x0000000096a00000, 0x0000000096a00000|100%| E|CS|TAMS 0x0000000096900000| PB 0x0000000096900000| Complete 
| 362|0x0000000096a00000, 0x0000000096b00000, 0x0000000096b00000|100%| E|CS|TAMS 0x0000000096a00000| PB 0x0000000096a00000| Complete 
| 363|0x0000000096b00000, 0x0000000096c00000, 0x0000000096c00000|100%| E|CS|TAMS 0x0000000096b00000| PB 0x0000000096b00000| Complete 
| 364|0x0000000096c00000, 0x0000000096d00000, 0x0000000096d00000|100%| E|CS|TAMS 0x0000000096c00000| PB 0x0000000096c00000| Complete 
| 365|0x0000000096d00000, 0x0000000096e00000, 0x0000000096e00000|100%| E|CS|TAMS 0x0000000096d00000| PB 0x0000000096d00000| Complete 
| 366|0x0000000096e00000, 0x0000000096f00000, 0x0000000096f00000|100%| E|CS|TAMS 0x0000000096e00000| PB 0x0000000096e00000| Complete 
| 367|0x0000000096f00000, 0x0000000097000000, 0x0000000097000000|100%| E|CS|TAMS 0x0000000096f00000| PB 0x0000000096f00000| Complete 
| 368|0x0000000097000000, 0x0000000097100000, 0x0000000097100000|100%| E|CS|TAMS 0x0000000097000000| PB 0x0000000097000000| Complete 
| 369|0x0000000097100000, 0x0000000097200000, 0x0000000097200000|100%| E|CS|TAMS 0x0000000097100000| PB 0x0000000097100000| Complete 
| 370|0x0000000097200000, 0x0000000097300000, 0x0000000097300000|100%| E|CS|TAMS 0x0000000097200000| PB 0x0000000097200000| Complete 
| 371|0x0000000097300000, 0x0000000097400000, 0x0000000097400000|100%| E|CS|TAMS 0x0000000097300000| PB 0x0000000097300000| Complete 
| 372|0x0000000097400000, 0x0000000097500000, 0x0000000097500000|100%| E|CS|TAMS 0x0000000097400000| PB 0x0000000097400000| Complete 
| 373|0x0000000097500000, 0x0000000097600000, 0x0000000097600000|100%| E|CS|TAMS 0x0000000097500000| PB 0x0000000097500000| Complete 
| 374|0x0000000097600000, 0x0000000097700000, 0x0000000097700000|100%| E|CS|TAMS 0x0000000097600000| PB 0x0000000097600000| Complete 
| 375|0x0000000097700000, 0x0000000097800000, 0x0000000097800000|100%| E|CS|TAMS 0x0000000097700000| PB 0x0000000097700000| Complete 
| 376|0x0000000097800000, 0x0000000097900000, 0x0000000097900000|100%| E|CS|TAMS 0x0000000097800000| PB 0x0000000097800000| Complete 
| 377|0x0000000097900000, 0x0000000097a00000, 0x0000000097a00000|100%| E|CS|TAMS 0x0000000097900000| PB 0x0000000097900000| Complete 
| 378|0x0000000097a00000, 0x0000000097b00000, 0x0000000097b00000|100%| E|CS|TAMS 0x0000000097a00000| PB 0x0000000097a00000| Complete 
| 379|0x0000000097b00000, 0x0000000097c00000, 0x0000000097c00000|100%| E|CS|TAMS 0x0000000097b00000| PB 0x0000000097b00000| Complete 
| 380|0x0000000097c00000, 0x0000000097d00000, 0x0000000097d00000|100%| E|CS|TAMS 0x0000000097c00000| PB 0x0000000097c00000| Complete 
| 428|0x000000009ac00000, 0x000000009ad00000, 0x000000009ad00000|100%| E|CS|TAMS 0x000000009ac00000| PB 0x000000009ac00000| Complete 
| 429|0x000000009ad00000, 0x000000009ae00000, 0x000000009ae00000|100%| E|CS|TAMS 0x000000009ad00000| PB 0x000000009ad00000| Complete 
| 430|0x000000009ae00000, 0x000000009af00000, 0x000000009af00000|100%| E|CS|TAMS 0x000000009ae00000| PB 0x000000009ae00000| Complete 
| 431|0x000000009af00000, 0x000000009b000000, 0x000000009b000000|100%| E|CS|TAMS 0x000000009af00000| PB 0x000000009af00000| Complete 
| 432|0x000000009b000000, 0x000000009b100000, 0x000000009b100000|100%| E|CS|TAMS 0x000000009b000000| PB 0x000000009b000000| Complete 
| 433|0x000000009b100000, 0x000000009b200000, 0x000000009b200000|100%| E|CS|TAMS 0x000000009b100000| PB 0x000000009b100000| Complete 
| 434|0x000000009b200000, 0x000000009b300000, 0x000000009b300000|100%| E|CS|TAMS 0x000000009b200000| PB 0x000000009b200000| Complete 
| 435|0x000000009b300000, 0x000000009b400000, 0x000000009b400000|100%| E|CS|TAMS 0x000000009b300000| PB 0x000000009b300000| Complete 
| 436|0x000000009b400000, 0x000000009b500000, 0x000000009b500000|100%| E|CS|TAMS 0x000000009b400000| PB 0x000000009b400000| Complete 
| 437|0x000000009b500000, 0x000000009b580000, 0x000000009b600000| 50%| S|CS|TAMS 0x000000009b500000| PB 0x000000009b500000| Complete 
| 438|0x000000009b600000, 0x000000009b700000, 0x000000009b700000|100%| S|CS|TAMS 0x000000009b600000| PB 0x000000009b600000| Complete 
| 439|0x000000009b700000, 0x000000009b800000, 0x000000009b800000|100%| S|CS|TAMS 0x000000009b700000| PB 0x000000009b700000| Complete 
| 440|0x000000009b800000, 0x000000009b900000, 0x000000009b900000|100%| S|CS|TAMS 0x000000009b800000| PB 0x000000009b800000| Complete 
| 441|0x000000009b900000, 0x000000009ba00000, 0x000000009ba00000|100%| S|CS|TAMS 0x000000009b900000| PB 0x000000009b900000| Complete 
| 442|0x000000009ba00000, 0x000000009bb00000, 0x000000009bb00000|100%| E|CS|TAMS 0x000000009ba00000| PB 0x000000009ba00000| Complete 
| 443|0x000000009bb00000, 0x000000009bc00000, 0x000000009bc00000|100%| E|CS|TAMS 0x000000009bb00000| PB 0x000000009bb00000| Complete 
| 444|0x000000009bc00000, 0x000000009bd00000, 0x000000009bd00000|100%| E|CS|TAMS 0x000000009bc00000| PB 0x000000009bc00000| Complete 
| 445|0x000000009bd00000, 0x000000009be00000, 0x000000009be00000|100%| E|CS|TAMS 0x000000009bd00000| PB 0x000000009bd00000| Complete 
| 446|0x000000009be00000, 0x000000009bf00000, 0x000000009bf00000|100%| E|CS|TAMS 0x000000009be00000| PB 0x000000009be00000| Complete 
| 447|0x000000009bf00000, 0x000000009c000000, 0x000000009c000000|100%| E|CS|TAMS 0x000000009bf00000| PB 0x000000009bf00000| Complete 
| 474|0x000000009da00000, 0x000000009db00000, 0x000000009db00000|100%| E|CS|TAMS 0x000000009da00000| PB 0x000000009da00000| Complete 
| 475|0x000000009db00000, 0x000000009dc00000, 0x000000009dc00000|100%| E|CS|TAMS 0x000000009db00000| PB 0x000000009db00000| Complete 
|2043|0x00000000ffb00000, 0x00000000ffc00000, 0x00000000ffc00000|100%| E|CS|TAMS 0x00000000ffb00000| PB 0x00000000ffb00000| Complete 
|2044|0x00000000ffc00000, 0x00000000ffd00000, 0x00000000ffd00000|100%| O|  |TAMS 0x00000000ffc00000| PB 0x00000000ffc00000| Untracked 
|2045|0x00000000ffd00000, 0x00000000ffe00000, 0x00000000ffe00000|100%| O|  |TAMS 0x00000000ffd00000| PB 0x00000000ffd00000| Untracked 
|2047|0x00000000fff00000, 0x0000000100000000, 0x0000000100000000|100%| E|CS|TAMS 0x00000000fff00000| PB 0x00000000fff00000| Complete 

Card table byte_map: [0x0000015f445a0000,0x0000015f449a0000] _byte_map_base: 0x0000015f441a0000

Marking Bits: (CMBitMap*) 0x0000015f32084e60
 Bits: [0x0000015f449a0000, 0x0000015f469a0000)

Polling page: 0x0000015f2ff00000

Metaspace:

Usage:
  Non-class:     92.81 MB used.
      Class:     13.69 MB used.
       Both:    106.50 MB used.

Virtual space:
  Non-class space:      128.00 MB reserved,      93.75 MB ( 73%) committed,  2 nodes.
      Class space:        1.00 GB reserved,      14.56 MB (  1%) committed,  1 nodes.
             Both:        1.12 GB reserved,     108.31 MB (  9%) committed. 

Chunk freelists:
   Non-Class:  1.67 MB
       Class:  1.30 MB
        Both:  2.97 MB

MaxMetaspaceSize: unlimited
CompressedClassSpaceSize: 1.00 GB
Initial GC threshold: 21.00 MB
Current GC threshold: 173.88 MB
CDS: off
 - commit_granule_bytes: 65536.
 - commit_granule_words: 8192.
 - virtual_space_node_default_size: 8388608.
 - enlarge_chunks_in_place: 1.
 - use_allocation_guard: 0.


Internal statistics:

num_allocs_failed_limit: 6.
num_arena_births: 3516.
num_arena_deaths: 10.
num_vsnodes_births: 3.
num_vsnodes_deaths: 0.
num_space_committed: 1731.
num_space_uncommitted: 0.
num_chunks_returned_to_freelist: 26.
num_chunks_taken_from_freelist: 7668.
num_chunk_merges: 7.
num_chunk_splits: 5341.
num_chunks_enlarged: 3696.
num_inconsistent_stats: 0.

CodeHeap 'non-profiled nmethods': size=120000Kb used=11285Kb max_used=11285Kb free=108714Kb
 bounds [0x0000015f3cc70000, 0x0000015f3d780000, 0x0000015f441a0000]
CodeHeap 'profiled nmethods': size=120000Kb used=33364Kb max_used=33364Kb free=86635Kb
 bounds [0x0000015f351a0000, 0x0000015f37240000, 0x0000015f3c6d0000]
CodeHeap 'non-nmethods': size=5760Kb used=2723Kb max_used=2793Kb free=3036Kb
 bounds [0x0000015f3c6d0000, 0x0000015f3c9a0000, 0x0000015f3cc70000]
CodeCache: size=245760Kb, used=47372Kb, max_used=47442Kb, free=198385Kb
 total_blobs=15214, nmethods=14218, adapters=897, full_count=0
Compilation: enabled, stopped_count=0, restarted_count=0

Compilation events (20 events):
Event: 45.372 Thread 0x0000015f4d0767e0 16473       3       org.jetbrains.kotlin.resolve.calls.inference.components.VariableFixationFinder::getInferenceCompatibilityModeEnabled (13 bytes)
Event: 45.372 Thread 0x0000015f4d0767e0 nmethod 16473 0x0000015f3722bd10 code [0x0000015f3722bec0, 0x0000015f3722c0c8]
Event: 45.372 Thread 0x0000015f4d0767e0 16475       3       org.jetbrains.kotlin.resolve.calls.model.ExpressionValueArgument::getArguments (35 bytes)
Event: 45.372 Thread 0x0000015f4d0767e0 nmethod 16475 0x0000015f3722c210 code [0x0000015f3722c400, 0x0000015f3722c878]
Event: 45.376 Thread 0x0000015f4d0767e0 16476       3       org.jetbrains.kotlin.resolve.scopes.MemberScopeKt::flatMapClassifierNamesOrNull (95 bytes)
Event: 45.377 Thread 0x0000015f4d0767e0 nmethod 16476 0x0000015f3722ca10 code [0x0000015f3722cd00, 0x0000015f3722dd40]
Event: 45.377 Thread 0x0000015f4d0767e0 16477       3       org.jetbrains.kotlin.resolve.lazy.FileScopeFactory$FilesScopesBuilder$lazyImportingScope$1::definitelyDoesNotContainName (15 bytes)
Event: 45.378 Thread 0x0000015f4d0767e0 nmethod 16477 0x0000015f3722e290 code [0x0000015f3722e520, 0x0000015f3722ef50]
Event: 45.378 Thread 0x0000015f4d0767e0 16478       3       org.jetbrains.kotlin.resolve.calls.inference.model.NewConstraintSystemImpl::isIntegerLiteralTypeConstructor (18 bytes)
Event: 45.378 Thread 0x0000015f4d0767e0 nmethod 16478 0x0000015f3722f310 code [0x0000015f3722f540, 0x0000015f3722fba0]
Event: 45.380 Thread 0x0000015f4d0767e0 16479       2       org.jetbrains.kotlin.resolve.calls.components.candidate.ResolutionCandidate::getStepCount (75 bytes)
Event: 45.380 Thread 0x0000015f4d0767e0 nmethod 16479 0x0000015f3722fe10 code [0x0000015f37230000, 0x0000015f37230300]
Event: 45.380 Thread 0x0000015f4d0767e0 16480       3       org.jetbrains.kotlin.resolve.calls.tasks.TracingStrategyImpl::bindResolvedCall (33 bytes)
Event: 45.381 Thread 0x0000015f4d0767e0 nmethod 16480 0x0000015f37230590 code [0x0000015f37230760, 0x0000015f37230a20]
Event: 45.381 Thread 0x0000015f4d0767e0 16481       3       org.jetbrains.kotlin.resolve.calls.components.NoTypeArguments::process (150 bytes)
Event: 45.382 Thread 0x0000015f4d0767e0 nmethod 16481 0x0000015f37230b10 code [0x0000015f37230d80, 0x0000015f37231690]
Event: 45.382 Thread 0x0000015f4d0767e0 16482       3       org.jetbrains.kotlin.resolve.calls.components.NoArguments::process (290 bytes)
Event: 45.383 Thread 0x0000015f4d0767e0 nmethod 16482 0x0000015f37231a90 code [0x0000015f37231d60, 0x0000015f37232ae8]
Event: 45.385 Thread 0x0000015f4d0767e0 16484       3       org.jetbrains.kotlin.resolve.calls.tower.KotlinToResolvedCallTransformer::createOrGet (138 bytes)
Event: 45.386 Thread 0x0000015f4d0767e0 nmethod 16484 0x0000015f37233010 code [0x0000015f372333c0, 0x0000015f37234830]

GC Heap History (20 events):
Event: 33.106 GC heap before
{Heap before GC invocations=105 (full 0):
 garbage-first heap   total 443392K, used 347614K [0x0000000080000000, 0x0000000100000000)
  region size 1024K, 259 young (265216K), 7 survivors (7168K)
 Metaspace       used 63822K, committed 65280K, reserved 1114112K
  class space    used 8531K, committed 9216K, reserved 1048576K
}
Event: 33.113 GC heap after
{Heap after GC invocations=106 (full 0):
 garbage-first heap   total 443392K, used 90839K [0x0000000080000000, 0x0000000100000000)
  region size 1024K, 8 young (8192K), 8 survivors (8192K)
 Metaspace       used 63822K, committed 65280K, reserved 1114112K
  class space    used 8531K, committed 9216K, reserved 1048576K
}
Event: 33.715 GC heap before
{Heap before GC invocations=106 (full 0):
 garbage-first heap   total 443392K, used 347863K [0x0000000080000000, 0x0000000100000000)
  region size 1024K, 259 young (265216K), 8 survivors (8192K)
 Metaspace       used 63823K, committed 65280K, reserved 1114112K
  class space    used 8531K, committed 9216K, reserved 1048576K
}
Event: 33.724 GC heap after
{Heap after GC invocations=107 (full 0):
 garbage-first heap   total 443392K, used 91957K [0x0000000080000000, 0x0000000100000000)
  region size 1024K, 9 young (9216K), 9 survivors (9216K)
 Metaspace       used 63823K, committed 65280K, reserved 1114112K
  class space    used 8531K, committed 9216K, reserved 1048576K
}
Event: 34.411 GC heap before
{Heap before GC invocations=107 (full 0):
 garbage-first heap   total 443392K, used 347957K [0x0000000080000000, 0x0000000100000000)
  region size 1024K, 259 young (265216K), 9 survivors (9216K)
 Metaspace       used 65258K, committed 66688K, reserved 1114112K
  class space    used 8699K, committed 9408K, reserved 1048576K
}
Event: 34.419 GC heap after
{Heap after GC invocations=108 (full 0):
 garbage-first heap   total 443392K, used 93373K [0x0000000080000000, 0x0000000100000000)
  region size 1024K, 10 young (10240K), 10 survivors (10240K)
 Metaspace       used 65258K, committed 66688K, reserved 1114112K
  class space    used 8699K, committed 9408K, reserved 1048576K
}
Event: 35.065 GC heap before
{Heap before GC invocations=108 (full 0):
 garbage-first heap   total 443392K, used 348349K [0x0000000080000000, 0x0000000100000000)
  region size 1024K, 259 young (265216K), 10 survivors (10240K)
 Metaspace       used 65258K, committed 66688K, reserved 1114112K
  class space    used 8699K, committed 9408K, reserved 1048576K
}
Event: 35.076 GC heap after
{Heap after GC invocations=109 (full 0):
 garbage-first heap   total 443392K, used 94145K [0x0000000080000000, 0x0000000100000000)
  region size 1024K, 10 young (10240K), 10 survivors (10240K)
 Metaspace       used 65258K, committed 66688K, reserved 1114112K
  class space    used 8699K, committed 9408K, reserved 1048576K
}
Event: 35.575 GC heap before
{Heap before GC invocations=109 (full 0):
 garbage-first heap   total 443392K, used 349121K [0x0000000080000000, 0x0000000100000000)
  region size 1024K, 259 young (265216K), 10 survivors (10240K)
 Metaspace       used 65259K, committed 66688K, reserved 1114112K
  class space    used 8699K, committed 9408K, reserved 1048576K
}
Event: 35.584 GC heap after
{Heap after GC invocations=110 (full 0):
 garbage-first heap   total 443392K, used 94391K [0x0000000080000000, 0x0000000100000000)
  region size 1024K, 10 young (10240K), 10 survivors (10240K)
 Metaspace       used 65259K, committed 66688K, reserved 1114112K
  class space    used 8699K, committed 9408K, reserved 1048576K
}
Event: 36.034 GC heap before
{Heap before GC invocations=110 (full 0):
 garbage-first heap   total 443392K, used 349367K [0x0000000080000000, 0x0000000100000000)
  region size 1024K, 259 young (265216K), 10 survivors (10240K)
 Metaspace       used 65259K, committed 66688K, reserved 1114112K
  class space    used 8699K, committed 9408K, reserved 1048576K
}
Event: 36.043 GC heap after
{Heap after GC invocations=111 (full 0):
 garbage-first heap   total 443392K, used 94767K [0x0000000080000000, 0x0000000100000000)
  region size 1024K, 10 young (10240K), 10 survivors (10240K)
 Metaspace       used 65259K, committed 66688K, reserved 1114112K
  class space    used 8699K, committed 9408K, reserved 1048576K
}
Event: 36.495 GC heap before
{Heap before GC invocations=111 (full 0):
 garbage-first heap   total 443392K, used 349743K [0x0000000080000000, 0x0000000100000000)
  region size 1024K, 259 young (265216K), 10 survivors (10240K)
 Metaspace       used 65261K, committed 66688K, reserved 1114112K
  class space    used 8699K, committed 9408K, reserved 1048576K
}
Event: 36.504 GC heap after
{Heap after GC invocations=112 (full 0):
 garbage-first heap   total 443392K, used 95643K [0x0000000080000000, 0x0000000100000000)
  region size 1024K, 11 young (11264K), 11 survivors (11264K)
 Metaspace       used 65261K, committed 66688K, reserved 1114112K
  class space    used 8699K, committed 9408K, reserved 1048576K
}
Event: 38.040 GC heap before
{Heap before GC invocations=112 (full 0):
 garbage-first heap   total 443392K, used 349595K [0x0000000080000000, 0x0000000100000000)
  region size 1024K, 259 young (265216K), 11 survivors (11264K)
 Metaspace       used 77098K, committed 78592K, reserved 1179648K
  class space    used 10451K, committed 11136K, reserved 1048576K
}
Event: 38.058 GC heap after
{Heap after GC invocations=113 (full 0):
 garbage-first heap   total 443392K, used 97544K [0x0000000080000000, 0x0000000100000000)
  region size 1024K, 12 young (12288K), 12 survivors (12288K)
 Metaspace       used 77098K, committed 78592K, reserved 1179648K
  class space    used 10451K, committed 11136K, reserved 1048576K
}
Event: 41.779 GC heap before
{Heap before GC invocations=113 (full 0):
 garbage-first heap   total 443392K, used 351496K [0x0000000080000000, 0x0000000100000000)
  region size 1024K, 259 young (265216K), 12 survivors (12288K)
 Metaspace       used 102167K, committed 103936K, reserved 1179648K
  class space    used 13456K, committed 14336K, reserved 1048576K
}
Event: 41.819 GC heap after
{Heap after GC invocations=114 (full 0):
 garbage-first heap   total 443392K, used 120832K [0x0000000080000000, 0x0000000100000000)
  region size 1024K, 33 young (33792K), 33 survivors (33792K)
 Metaspace       used 102167K, committed 103936K, reserved 1179648K
  class space    used 13456K, committed 14336K, reserved 1048576K
}
Event: 42.901 GC heap before
{Heap before GC invocations=114 (full 0):
 garbage-first heap   total 443392K, used 156672K [0x0000000080000000, 0x0000000100000000)
  region size 1024K, 69 young (70656K), 33 survivors (33792K)
 Metaspace       used 104694K, committed 106496K, reserved 1179648K
  class space    used 13635K, committed 14528K, reserved 1048576K
}
Event: 42.942 GC heap after
{Heap after GC invocations=115 (full 0):
 garbage-first heap   total 443392K, used 126464K [0x0000000080000000, 0x0000000100000000)
  region size 1024K, 5 young (5120K), 5 survivors (5120K)
 Metaspace       used 104694K, committed 106496K, reserved 1179648K
  class space    used 13635K, committed 14528K, reserved 1048576K
}

Dll operation events (3 events):
Event: 0.007 Loaded shared library C:\Program Files\Android\Android Studio\jbr\bin\java.dll
Event: 0.011 Loaded shared library C:\Program Files\Android\Android Studio\jbr\bin\zip.dll
Event: 0.548 Loaded shared library C:\Program Files\Android\Android Studio\jbr\bin\verify.dll

Deoptimization events (20 events):
Event: 45.352 Thread 0x0000015f4efb84f0 Uncommon trap: trap_request=0xffffffde fr.pc=0x0000015f3d682d88 relative=0x00000000000001a8
Event: 45.352 Thread 0x0000015f4efb84f0 Uncommon trap: reason=class_check action=maybe_recompile pc=0x0000015f3d682d88 method=org.jetbrains.kotlin.resolve.calls.components.candidate.ResolutionCandidate.getResolutionSequence()Ljava/util/List; @ 7 c2
Event: 45.352 Thread 0x0000015f4efb84f0 DEOPT PACKING pc=0x0000015f3d682d88 sp=0x00000042492f56a0
Event: 45.352 Thread 0x0000015f4efb84f0 DEOPT UNPACKING pc=0x0000015f3c7243a2 sp=0x00000042492f5598 mode 2
Event: 45.353 Thread 0x0000015f4efb84f0 Uncommon trap: trap_request=0xffffffde fr.pc=0x0000015f3d682d88 relative=0x00000000000001a8
Event: 45.353 Thread 0x0000015f4efb84f0 Uncommon trap: reason=class_check action=maybe_recompile pc=0x0000015f3d682d88 method=org.jetbrains.kotlin.resolve.calls.components.candidate.ResolutionCandidate.getResolutionSequence()Ljava/util/List; @ 7 c2
Event: 45.353 Thread 0x0000015f4efb84f0 DEOPT PACKING pc=0x0000015f3d682d88 sp=0x00000042492f5420
Event: 45.353 Thread 0x0000015f4efb84f0 DEOPT UNPACKING pc=0x0000015f3c7243a2 sp=0x00000042492f5318 mode 2
Event: 45.358 Thread 0x0000015f4efb84f0 Uncommon trap: trap_request=0xffffff45 fr.pc=0x0000015f3d574a88 relative=0x0000000000000148
Event: 45.358 Thread 0x0000015f4efb84f0 Uncommon trap: reason=unstable_if action=reinterpret pc=0x0000015f3d574a88 method=org.jetbrains.kotlin.com.intellij.lang.LanguageExtension.forLanguage(Lorg/jetbrains/kotlin/com/intellij/lang/Language;)Ljava/lang/Object; @ 19 c2
Event: 45.358 Thread 0x0000015f4efb84f0 DEOPT PACKING pc=0x0000015f3d574a88 sp=0x00000042492f5050
Event: 45.358 Thread 0x0000015f4efb84f0 DEOPT UNPACKING pc=0x0000015f3c7243a2 sp=0x00000042492f4ff0 mode 2
Event: 45.362 Thread 0x0000015f4efb84f0 Uncommon trap: trap_request=0xffffffde fr.pc=0x0000015f3d682d88 relative=0x00000000000001a8
Event: 45.362 Thread 0x0000015f4efb84f0 Uncommon trap: reason=class_check action=maybe_recompile pc=0x0000015f3d682d88 method=org.jetbrains.kotlin.resolve.calls.components.candidate.ResolutionCandidate.getResolutionSequence()Ljava/util/List; @ 7 c2
Event: 45.362 Thread 0x0000015f4efb84f0 DEOPT PACKING pc=0x0000015f3d682d88 sp=0x00000042492f56a0
Event: 45.362 Thread 0x0000015f4efb84f0 DEOPT UNPACKING pc=0x0000015f3c7243a2 sp=0x00000042492f5598 mode 2
Event: 45.362 Thread 0x0000015f4efb84f0 Uncommon trap: trap_request=0xffffffde fr.pc=0x0000015f3ceb63c0 relative=0x00000000000000a0
Event: 45.362 Thread 0x0000015f4efb84f0 Uncommon trap: reason=class_check action=maybe_recompile pc=0x0000015f3ceb63c0 method=org.jetbrains.kotlin.resolve.calls.components.candidate.ResolutionCandidate.getResolutionSequence()Ljava/util/List; @ 7 c2
Event: 45.362 Thread 0x0000015f4efb84f0 DEOPT PACKING pc=0x0000015f3ceb63c0 sp=0x00000042492f5600
Event: 45.362 Thread 0x0000015f4efb84f0 DEOPT UNPACKING pc=0x0000015f3c7243a2 sp=0x00000042492f5590 mode 2

Classes loaded (20 events):
Event: 38.313 Loading class java/util/PrimitiveIterator$OfInt
Event: 38.313 Loading class java/util/PrimitiveIterator
Event: 38.313 Loading class java/util/PrimitiveIterator done
Event: 38.313 Loading class java/util/PrimitiveIterator$OfInt done
Event: 38.378 Loading class java/util/function/IntUnaryOperator
Event: 38.378 Loading class java/util/function/IntUnaryOperator done
Event: 40.073 Loading class java/util/AbstractList$SubList
Event: 40.073 Loading class java/util/AbstractList$SubList done
Event: 40.234 Loading class java/util/ArrayList$SubList$1
Event: 40.234 Loading class java/util/ArrayList$SubList$1 done
Event: 40.495 Loading class java/util/AbstractList$SubList$1
Event: 40.496 Loading class java/util/AbstractList$SubList$1 done
Event: 40.515 Loading class java/text/StringCharacterIterator
Event: 40.515 Loading class java/text/CharacterIterator
Event: 40.515 Loading class java/text/CharacterIterator done
Event: 40.515 Loading class java/text/StringCharacterIterator done
Event: 41.135 Loading class java/util/AbstractList$RandomAccessSubList
Event: 41.136 Loading class java/util/AbstractList$RandomAccessSubList done
Event: 41.173 Loading class java/io/NotSerializableException
Event: 41.173 Loading class java/io/NotSerializableException done

Classes unloaded (20 events):
Event: 10.549 Thread 0x0000015f48e77130 Unloading class 0x000000010073c000 '_BuildScript_$_run_closure1'
Event: 10.549 Thread 0x0000015f48e77130 Unloading class 0x0000000100734000 '_BuildScript_'
Event: 12.704 Thread 0x0000015f48e77130 Unloading class 0x0000000100804988 '_BuildScript_$_run_closure1$_closure2'
Event: 12.704 Thread 0x0000015f48e77130 Unloading class 0x0000000100804568 '_BuildScript_$_run_closure1'
Event: 12.704 Thread 0x0000015f48e77130 Unloading class 0x0000000100804000 '_BuildScript_'
Event: 21.947 Thread 0x0000015f48e77130 Unloading class 0x000000010089c988 '_BuildScript_$_run_closure2'
Event: 21.947 Thread 0x0000015f48e77130 Unloading class 0x000000010089c568 '_BuildScript_$_run_closure1'
Event: 21.947 Thread 0x0000015f48e77130 Unloading class 0x000000010089c000 '_BuildScript_'
Event: 23.271 Thread 0x0000015f48e77130 Unloading class 0x00000001008a4988 '_BuildScript_$_run_closure1$_closure2'
Event: 23.271 Thread 0x0000015f48e77130 Unloading class 0x00000001008a4568 '_BuildScript_$_run_closure1'
Event: 23.271 Thread 0x0000015f48e77130 Unloading class 0x00000001008a4000 '_BuildScript_'
Event: 24.699 Thread 0x0000015f48e77130 Unloading class 0x00000001008ada08 '_BuildScript_$_run_closure1$_closure3'
Event: 24.699 Thread 0x0000015f48e77130 Unloading class 0x00000001008ad5e8 '_BuildScript_$_run_closure1$_closure2'
Event: 24.699 Thread 0x0000015f48e77130 Unloading class 0x00000001008ad1c8 '_BuildScript_$_run_closure1'
Event: 24.699 Thread 0x0000015f48e77130 Unloading class 0x00000001008acc60 '_BuildScript_'
Event: 24.699 Thread 0x0000015f48e77130 Unloading class 0x00000001008ac840 'JetGradlePlugin$_apply_closure1$_closure2$_closure3'
Event: 24.699 Thread 0x0000015f48e77130 Unloading class 0x00000001008ac420 'JetGradlePlugin$_apply_closure1$_closure2'
Event: 24.699 Thread 0x0000015f48e77130 Unloading class 0x00000001008ac000 'JetGradlePlugin$_apply_closure1'
Event: 24.699 Thread 0x0000015f48e77130 Unloading class 0x00000001008a7300 'JetGradlePlugin'
Event: 24.699 Thread 0x0000015f48e77130 Unloading class 0x00000001008a7000 'RegistryProcessor'

Classes redefined (0 events):
No events

Internal exceptions (20 events):
Event: 39.839 Thread 0x0000015f4efb84f0 Exception <a 'java/lang/NoSuchMethodError'{0x0000000092ac0878}: 'java.lang.Object java.lang.invoke.DirectMethodHandle$Holder.newInvokeSpecial(java.lang.Object, java.lang.Object, java.lang.Object, java.lang.Object, java.lang.Object, java.lang.Object, java.lang.Object, java.lang.Object, java.lang.Object, java.lang.Object, java.lang.Object, java.lang.Object, java.lang.Object, java.lang.Object, java.lang.Object, java.lang.Object)'> (0x0000000092ac0878) 
thrown [s\src\hotspot\share\interpreter\linkResolver.cpp,
Event: 39.839 Thread 0x0000015f4efb84f0 Exception <a 'java/lang/NoSuchMethodError'{0x0000000092ac73e8}: 'java.lang.Object java.lang.invoke.DirectMethodHandle$Holder.invokeSpecial(java.lang.Object, java.lang.Object, java.lang.Object, java.lang.Object, java.lang.Object, java.lang.Object, java.lang.Object, java.lang.Object, java.lang.Object, java.lang.Object, java.lang.Object, java.lang.Object, java.lang.Object, java.lang.Object, java.lang.Object, java.lang.Object, java.lang.Object)'> (0x0000000092ac73e8) 
thrown [s\src\hotspot\share\interpreter\li
Event: 39.840 Thread 0x0000015f4efb84f0 Exception <a 'java/lang/NoSuchMethodError'{0x0000000092acd038}: 'java.lang.Object java.lang.invoke.DelegatingMethodHandle$Holder.reinvoke_L(java.lang.Object, java.lang.Object, java.lang.Object, java.lang.Object, java.lang.Object, java.lang.Object, java.lang.Object, java.lang.Object, java.lang.Object, java.lang.Object, java.lang.Object, java.lang.Object, java.lang.Object, java.lang.Object, java.lang.Object, java.lang.Object)'> (0x0000000092acd038) 
thrown [s\src\hotspot\share\interpreter\linkResolver.cpp, l
Event: 39.849 Thread 0x0000015f4efb84f0 Exception <a 'java/lang/NoSuchMethodError'{0x000000009297aed0}: 'java.lang.Object java.lang.invoke.DirectMethodHandle$Holder.newInvokeSpecial(java.lang.Object, java.lang.Object, java.lang.Object, java.lang.Object, java.lang.Object, java.lang.Object, java.lang.Object, java.lang.Object, java.lang.Object, java.lang.Object, java.lang.Object, java.lang.Object, java.lang.Object, java.lang.Object, java.lang.Object, java.lang.Object, java.lang.Object, java.lang.Object)'> (0x000000009297aed0) 
thrown [s\src\hotspot
Event: 39.849 Thread 0x0000015f4efb84f0 Exception <a 'java/lang/NoSuchMethodError'{0x0000000092981fb8}: 'java.lang.Object java.lang.invoke.DirectMethodHandle$Holder.invokeSpecial(java.lang.Object, java.lang.Object, java.lang.Object, java.lang.Object, java.lang.Object, java.lang.Object, java.lang.Object, java.lang.Object, java.lang.Object, java.lang.Object, java.lang.Object, java.lang.Object, java.lang.Object, java.lang.Object, java.lang.Object, java.lang.Object, java.lang.Object, java.lang.Object, java.lang.Object)'> (0x0000000092981fb8) 
thrown
Event: 39.849 Thread 0x0000015f4efb84f0 Exception <a 'java/lang/NoSuchMethodError'{0x0000000092987ef0}: 'java.lang.Object java.lang.invoke.DelegatingMethodHandle$Holder.reinvoke_L(java.lang.Object, java.lang.Object, java.lang.Object, java.lang.Object, java.lang.Object, java.lang.Object, java.lang.Object, java.lang.Object, java.lang.Object, java.lang.Object, java.lang.Object, java.lang.Object, java.lang.Object, java.lang.Object, java.lang.Object, java.lang.Object, java.lang.Object, java.lang.Object)'> (0x0000000092987ef0) 
thrown [s\src\hotspot\s
Event: 39.857 Thread 0x0000015f4efb84f0 Exception <a 'java/lang/NoSuchMethodError'{0x000000009281e2a8}: 'java.lang.Object java.lang.invoke.DirectMethodHandle$Holder.newInvokeSpecial(java.lang.Object, java.lang.Object, java.lang.Object, java.lang.Object, java.lang.Object, java.lang.Object, java.lang.Object, java.lang.Object, java.lang.Object, java.lang.Object, java.lang.Object, java.lang.Object, java.lang.Object, java.lang.Object, java.lang.Object, java.lang.Object, java.lang.Object, java.lang.Object, java.lang.Object, java.lang.Object, java.lang
Event: 40.946 Thread 0x0000015f4efb84f0 Exception <a 'java/lang/NoSuchMethodError'{0x000000008d3df690}: 'java.lang.Object java.lang.invoke.DirectMethodHandle$Holder.newInvokeSpecial(java.lang.Object, java.lang.Object, java.lang.Object, java.lang.Object, int)'> (0x000000008d3df690) 
thrown [s\src\hotspot\share\interpreter\linkResolver.cpp, line 784]
Event: 40.947 Thread 0x0000015f4efb84f0 Exception <a 'java/lang/NoSuchMethodError'{0x000000008d3e5180}: 'java.lang.Object java.lang.invoke.DirectMethodHandle$Holder.invokeSpecial(java.lang.Object, java.lang.Object, java.lang.Object, java.lang.Object, java.lang.Object, int)'> (0x000000008d3e5180) 
thrown [s\src\hotspot\share\interpreter\linkResolver.cpp, line 784]
Event: 40.947 Thread 0x0000015f4efb84f0 Exception <a 'java/lang/NoSuchMethodError'{0x000000008d3ea628}: 'java.lang.Object java.lang.invoke.Invokers$Holder.linkToTargetMethod(java.lang.Object, java.lang.Object, java.lang.Object, int, java.lang.Object)'> (0x000000008d3ea628) 
thrown [s\src\hotspot\share\interpreter\linkResolver.cpp, line 784]
Event: 42.032 Thread 0x0000015f4efb84f0 Exception <a 'java/lang/NoSuchMethodError'{0x000000009d726d20}: 'java.lang.Object java.lang.invoke.DirectMethodHandle$Holder.invokeSpecial(java.lang.Object, java.lang.Object, java.lang.Object, java.lang.Object, java.lang.Object, java.lang.Object, int)'> (0x000000009d726d20) 
thrown [s\src\hotspot\share\interpreter\linkResolver.cpp, line 784]
Event: 42.130 Thread 0x0000015f4efb84f0 Implicit null exception at 0x0000015f3d5b5f03 to 0x0000015f3d5b6124
Event: 42.206 Thread 0x0000015f4efb84f0 Implicit null exception at 0x0000015f3d554563 to 0x0000015f3d554b54
Event: 42.206 Thread 0x0000015f4efb84f0 Implicit null exception at 0x0000015f3d553e3d to 0x0000015f3d553e78
Event: 42.243 Thread 0x0000015f4f33e4e0 Exception <a 'sun/nio/fs/WindowsException'{0x000000009cf051d0}> (0x000000009cf051d0) 
thrown [s\src\hotspot\share\prims\jni.cpp, line 537]
Event: 42.245 Thread 0x0000015f4f33e4e0 Exception <a 'sun/nio/fs/WindowsException'{0x000000009cf115c8}> (0x000000009cf115c8) 
thrown [s\src\hotspot\share\prims\jni.cpp, line 537]
Event: 42.788 Thread 0x0000015f4efb84f0 Implicit null exception at 0x0000015f3d64c731 to 0x0000015f3d64cb88
Event: 42.983 Thread 0x0000015f4efb84f0 Implicit null exception at 0x0000015f3d63e74f to 0x0000015f3d63eaf0
Event: 43.056 Thread 0x0000015f4efb84f0 Implicit null exception at 0x0000015f3d5f1761 to 0x0000015f3d5f2478
Event: 43.502 Thread 0x0000015f4efb84f0 Implicit null exception at 0x0000015f3d0c44eb to 0x0000015f3d0c4f00

ZGC Phase Switch (0 events):
No events

VM Operations (20 events):
Event: 44.035 Executing VM operation: HandshakeAllThreads (Deoptimize)
Event: 44.035 Executing VM operation: HandshakeAllThreads (Deoptimize) done
Event: 44.037 Executing VM operation: HandshakeAllThreads (Deoptimize)
Event: 44.038 Executing VM operation: HandshakeAllThreads (Deoptimize) done
Event: 44.125 Executing VM operation: ICBufferFull
Event: 44.125 Executing VM operation: ICBufferFull done
Event: 44.297 Executing VM operation: ICBufferFull
Event: 44.297 Executing VM operation: ICBufferFull done
Event: 44.463 Executing VM operation: ICBufferFull
Event: 44.463 Executing VM operation: ICBufferFull done
Event: 44.582 Executing VM operation: ICBufferFull
Event: 44.582 Executing VM operation: ICBufferFull done
Event: 44.729 Executing VM operation: ICBufferFull
Event: 44.729 Executing VM operation: ICBufferFull done
Event: 44.953 Executing VM operation: ICBufferFull
Event: 44.953 Executing VM operation: ICBufferFull done
Event: 45.204 Executing VM operation: ICBufferFull
Event: 45.204 Executing VM operation: ICBufferFull done
Event: 45.359 Executing VM operation: ICBufferFull
Event: 45.359 Executing VM operation: ICBufferFull done

Memory protections (0 events):
No events

Nmethod flushes (20 events):
Event: 43.086 Thread 0x0000015f48e77130 flushing osr nmethod 0x0000015f358edd90
Event: 43.086 Thread 0x0000015f48e77130 flushing  nmethod 0x0000015f35a7a210
Event: 43.086 Thread 0x0000015f48e77130 flushing  nmethod 0x0000015f35a7f510
Event: 43.086 Thread 0x0000015f48e77130 flushing  nmethod 0x0000015f35ad3490
Event: 43.086 Thread 0x0000015f48e77130 flushing  nmethod 0x0000015f35b34c10
Event: 43.086 Thread 0x0000015f48e77130 flushing  nmethod 0x0000015f35c64890
Event: 43.086 Thread 0x0000015f48e77130 flushing  nmethod 0x0000015f35c66410
Event: 43.086 Thread 0x0000015f48e77130 flushing osr nmethod 0x0000015f3ce61b10
Event: 43.086 Thread 0x0000015f48e77130 flushing osr nmethod 0x0000015f3d0cd390
Event: 43.086 Thread 0x0000015f48e77130 flushing osr nmethod 0x0000015f3d0d2f10
Event: 43.086 Thread 0x0000015f48e77130 flushing  nmethod 0x0000015f3520bc90
Event: 43.086 Thread 0x0000015f48e77130 flushing  nmethod 0x0000015f35428510
Event: 43.086 Thread 0x0000015f48e77130 flushing  nmethod 0x0000015f3564c490
Event: 43.086 Thread 0x0000015f48e77130 flushing  nmethod 0x0000015f3564fd90
Event: 43.086 Thread 0x0000015f48e77130 flushing  nmethod 0x0000015f35687690
Event: 43.086 Thread 0x0000015f48e77130 flushing  nmethod 0x0000015f357eef10
Event: 43.086 Thread 0x0000015f48e77130 flushing  nmethod 0x0000015f357f9690
Event: 43.086 Thread 0x0000015f48e77130 flushing  nmethod 0x0000015f3598d610
Event: 43.086 Thread 0x0000015f48e77130 flushing  nmethod 0x0000015f35b6a610
Event: 43.086 Thread 0x0000015f48e77130 flushing  nmethod 0x0000015f35b70610

Events (20 events):
Event: 7.146 Thread 0x0000015f4efb84f0 Thread added: 0x0000015f52299690
Event: 19.254 Thread 0x0000015f4efb84f0 Thread added: 0x0000015f52297c50
Event: 22.915 Thread 0x0000015f51a335c0 Thread exited: 0x0000015f51a335c0
Event: 23.599 Thread 0x0000015f4d0767e0 Thread added: 0x0000015f51a335c0
Event: 24.385 Thread 0x0000015f51a335c0 Thread exited: 0x0000015f51a335c0
Event: 24.923 Thread 0x0000015f4d0767e0 Thread added: 0x0000015f51a335c0
Event: 25.302 Thread 0x0000015f51a335c0 Thread exited: 0x0000015f51a335c0
Event: 25.970 Thread 0x0000015f4d0767e0 Thread added: 0x0000015f51a335c0
Event: 26.245 Thread 0x0000015f51a335c0 Thread exited: 0x0000015f51a335c0
Event: 30.503 Thread 0x0000015f4d0767e0 Thread added: 0x0000015f518cf8f0
Event: 31.810 Thread 0x0000015f518cf8f0 Thread exited: 0x0000015f518cf8f0
Event: 32.696 Thread 0x0000015f4d075d40 Thread added: 0x0000015f518cf8f0
Event: 33.285 Thread 0x0000015f518cf8f0 Thread exited: 0x0000015f518cf8f0
Event: 34.060 Thread 0x0000015f4d0767e0 Thread added: 0x0000015f518cf8f0
Event: 35.500 Thread 0x0000015f518cf8f0 Thread exited: 0x0000015f518cf8f0
Event: 37.003 Thread 0x0000015f4d0767e0 Thread added: 0x0000015f52e9a340
Event: 37.764 Thread 0x0000015f52e9a340 Thread exited: 0x0000015f52e9a340
Event: 37.781 Thread 0x0000015f4d0767e0 Thread added: 0x0000015f52e9a340
Event: 39.590 Thread 0x0000015f52e9a340 Thread exited: 0x0000015f52e9a340
Event: 39.672 Thread 0x0000015f4d0767e0 Thread added: 0x0000015f52e9a340


Dynamic libraries:
0x00007ff6fe650000 - 0x00007ff6fe65a000 	C:\Program Files\Android\Android Studio\jbr\bin\java.exe
0x00007ffc6ab30000 - 0x00007ffc6ad28000 	C:\WINDOWS\SYSTEM32\ntdll.dll
0x00007ffc69d60000 - 0x00007ffc69e22000 	C:\WINDOWS\System32\KERNEL32.DLL
0x00007ffc687b0000 - 0x00007ffc68aa6000 	C:\WINDOWS\System32\KERNELBASE.dll
0x00007ffc68240000 - 0x00007ffc68340000 	C:\WINDOWS\System32\ucrtbase.dll
0x00007ffc53090000 - 0x00007ffc530ab000 	C:\Program Files\Android\Android Studio\jbr\bin\VCRUNTIME140.dll
0x00007ffc530d0000 - 0x00007ffc530e8000 	C:\Program Files\Android\Android Studio\jbr\bin\jli.dll
0x00007ffc6a550000 - 0x00007ffc6a6f1000 	C:\WINDOWS\System32\USER32.dll
0x00007ffc67820000 - 0x00007ffc67abb000 	C:\WINDOWS\WinSxS\amd64_microsoft.windows.common-controls_6595b64144ccf1df_6.0.19041.6456_none_60b8a6cb71f64256\COMCTL32.dll
0x00007ffc68780000 - 0x00007ffc687a2000 	C:\WINDOWS\System32\win32u.dll
0x00007ffc69080000 - 0x00007ffc6911e000 	C:\WINDOWS\System32\msvcrt.dll
0x00007ffc69440000 - 0x00007ffc6946b000 	C:\WINDOWS\System32\GDI32.dll
0x00007ffc68550000 - 0x00007ffc68669000 	C:\WINDOWS\System32\gdi32full.dll
0x00007ffc68ab0000 - 0x00007ffc68b4d000 	C:\WINDOWS\System32\msvcp_win.dll
0x00007ffc68bb0000 - 0x00007ffc68bdf000 	C:\WINDOWS\System32\IMM32.DLL
0x00007ffc5c720000 - 0x00007ffc5c72c000 	C:\Program Files\Android\Android Studio\jbr\bin\vcruntime140_1.dll
0x00007ffc4fa10000 - 0x00007ffc4fa9d000 	C:\Program Files\Android\Android Studio\jbr\bin\msvcp140.dll
0x00007ffc102a0000 - 0x00007ffc10f36000 	C:\Program Files\Android\Android Studio\jbr\bin\server\jvm.dll
0x00007ffc6a480000 - 0x00007ffc6a531000 	C:\WINDOWS\System32\ADVAPI32.dll
0x00007ffc68e20000 - 0x00007ffc68ebf000 	C:\WINDOWS\System32\sechost.dll
0x00007ffc69470000 - 0x00007ffc69590000 	C:\WINDOWS\System32\RPCRT4.dll
0x00007ffc686c0000 - 0x00007ffc686e7000 	C:\WINDOWS\System32\bcrypt.dll
0x00007ffc69270000 - 0x00007ffc692db000 	C:\WINDOWS\System32\WS2_32.dll
0x00007ffc67db0000 - 0x00007ffc67dfb000 	C:\WINDOWS\SYSTEM32\POWRPROF.dll
0x00007ffc600b0000 - 0x00007ffc600d7000 	C:\WINDOWS\SYSTEM32\WINMM.dll
0x00007ffc61690000 - 0x00007ffc6169a000 	C:\WINDOWS\SYSTEM32\VERSION.dll
0x00007ffc67ac0000 - 0x00007ffc67ad2000 	C:\WINDOWS\SYSTEM32\UMPDC.dll
0x00007ffc659b0000 - 0x00007ffc659c2000 	C:\WINDOWS\SYSTEM32\kernel.appcore.dll
0x00007ffc5c6f0000 - 0x00007ffc5c6fa000 	C:\Program Files\Android\Android Studio\jbr\bin\jimage.dll
0x00007ffc67b20000 - 0x00007ffc67d21000 	C:\WINDOWS\SYSTEM32\DBGHELP.DLL
0x00007ffc67ae0000 - 0x00007ffc67b14000 	C:\WINDOWS\SYSTEM32\dbgcore.DLL
0x00007ffc686f0000 - 0x00007ffc68772000 	C:\WINDOWS\System32\bcryptPrimitives.dll
0x00007ffc564a0000 - 0x00007ffc564ae000 	C:\Program Files\Android\Android Studio\jbr\bin\instrument.dll
0x00007ffc53070000 - 0x00007ffc53090000 	C:\Program Files\Android\Android Studio\jbr\bin\java.dll
0x00007ffc4f7d0000 - 0x00007ffc4f7e8000 	C:\Program Files\Android\Android Studio\jbr\bin\zip.dll
0x00007ffc69590000 - 0x00007ffc69d00000 	C:\WINDOWS\System32\SHELL32.dll
0x00007ffc65bb0000 - 0x00007ffc66355000 	C:\WINDOWS\SYSTEM32\windows.storage.dll
0x00007ffc6a790000 - 0x00007ffc6aae4000 	C:\WINDOWS\System32\combase.dll
0x00007ffc676f0000 - 0x00007ffc6771b000 	C:\WINDOWS\SYSTEM32\Wldp.dll
0x00007ffc68c70000 - 0x00007ffc68d3d000 	C:\WINDOWS\System32\OLEAUT32.dll
0x00007ffc692e0000 - 0x00007ffc6938d000 	C:\WINDOWS\System32\SHCORE.dll
0x00007ffc68b50000 - 0x00007ffc68bab000 	C:\WINDOWS\System32\shlwapi.dll
0x00007ffc680f0000 - 0x00007ffc68114000 	C:\WINDOWS\SYSTEM32\profapi.dll
0x00007ffc62660000 - 0x00007ffc62670000 	C:\Program Files\Android\Android Studio\jbr\bin\net.dll
0x00007ffc62350000 - 0x00007ffc6245a000 	C:\WINDOWS\SYSTEM32\WINHTTP.dll
0x00007ffc671b0000 - 0x00007ffc6721a000 	C:\WINDOWS\system32\mswsock.dll
0x00007ffc62640000 - 0x00007ffc62656000 	C:\Program Files\Android\Android Studio\jbr\bin\nio.dll
0x00007ffc580c0000 - 0x00007ffc580d0000 	C:\Program Files\Android\Android Studio\jbr\bin\verify.dll
0x00007ffc55fb0000 - 0x00007ffc55fd7000 	C:\Users\PC\.gradle\native\68d5fa5c4cc2d200863cafc0d521ce42e7d3e7ee720ec0a83991735586a16f82\windows-amd64\native-platform.dll
0x00007ffc54550000 - 0x00007ffc54694000 	C:\Users\PC\.gradle\native\e376f236ea51e6404a007f0833ffe2c6e607c4080706a723a18a27aeea778392\windows-amd64\native-platform-file-events.dll
0x00007ffc61960000 - 0x00007ffc61969000 	C:\Program Files\Android\Android Studio\jbr\bin\management.dll
0x00007ffc61950000 - 0x00007ffc6195b000 	C:\Program Files\Android\Android Studio\jbr\bin\management_ext.dll
0x00007ffc69070000 - 0x00007ffc69078000 	C:\WINDOWS\System32\PSAPI.DLL
0x00007ffc67f30000 - 0x00007ffc67f48000 	C:\WINDOWS\SYSTEM32\CRYPTSP.dll
0x00007ffc66b30000 - 0x00007ffc66b68000 	C:\WINDOWS\system32\rsaenh.dll
0x00007ffc68070000 - 0x00007ffc6809e000 	C:\WINDOWS\SYSTEM32\USERENV.dll
0x00007ffc673a0000 - 0x00007ffc673ac000 	C:\WINDOWS\SYSTEM32\CRYPTBASE.dll
0x00007ffc66e90000 - 0x00007ffc66ecb000 	C:\WINDOWS\SYSTEM32\IPHLPAPI.DLL
0x00007ffc6a540000 - 0x00007ffc6a548000 	C:\WINDOWS\System32\NSI.dll
0x00007ffc62580000 - 0x00007ffc62589000 	C:\Program Files\Android\Android Studio\jbr\bin\extnet.dll
0x00007ffc62630000 - 0x00007ffc62637000 	C:\WINDOWS\system32\wshunix.dll
0x00007ffc67ef0000 - 0x00007ffc67f23000 	C:\WINDOWS\SYSTEM32\ntmarta.dll

JVMTI agents:
C:\Users\PC\.gradle\wrapper\dists\gradle-8.3-all\6en3ugtfdg5xnpx44z4qbwgas\gradle-8.3\lib\agents\gradle-instrumentation-agent-8.3.jar path:C:\Program Files\Android\Android Studio\jbr\bin\instrument.dll, loaded, initialized, instrumentlib options:none

dbghelp: loaded successfully - version: 4.0.5 - missing functions: none
symbol engine: initialized successfully - sym options: 0x614 - pdb path: .;C:\Program Files\Android\Android Studio\jbr\bin;C:\WINDOWS\SYSTEM32;C:\WINDOWS\WinSxS\amd64_microsoft.windows.common-controls_6595b64144ccf1df_6.0.19041.6456_none_60b8a6cb71f64256;C:\Program Files\Android\Android Studio\jbr\bin\server;C:\Users\PC\.gradle\native\68d5fa5c4cc2d200863cafc0d521ce42e7d3e7ee720ec0a83991735586a16f82\windows-amd64;C:\Users\PC\.gradle\native\e376f236ea51e6404a007f0833ffe2c6e607c4080706a723a18a27aeea778392\windows-amd64

VM Arguments:
jvm_args: --add-opens=java.base/java.util=ALL-UNNAMED --add-opens=java.base/java.lang=ALL-UNNAMED --add-opens=java.base/java.lang.invoke=ALL-UNNAMED --add-opens=java.prefs/java.util.prefs=ALL-UNNAMED --add-opens=java.base/java.nio.charset=ALL-UNNAMED --add-opens=java.base/java.net=ALL-UNNAMED --add-opens=java.base/java.util.concurrent.atomic=ALL-UNNAMED -Xmx2048m -Dfile.encoding=UTF-8 -Duser.country=BR -Duser.language=pt -Duser.variant -javaagent:C:\Users\PC\.gradle\wrapper\dists\gradle-8.3-all\6en3ugtfdg5xnpx44z4qbwgas\gradle-8.3\lib\agents\gradle-instrumentation-agent-8.3.jar 
java_command: org.gradle.launcher.daemon.bootstrap.GradleDaemon 8.3
java_class_path (initial): C:\Users\PC\.gradle\wrapper\dists\gradle-8.3-all\6en3ugtfdg5xnpx44z4qbwgas\gradle-8.3\lib\gradle-launcher-8.3.jar
Launcher Type: SUN_STANDARD

[Global flags]
     intx CICompilerCount                          = 3                                         {product} {ergonomic}
     uint ConcGCThreads                            = 1                                         {product} {ergonomic}
     uint G1ConcRefinementThreads                  = 4                                         {product} {ergonomic}
   size_t G1HeapRegionSize                         = 1048576                                   {product} {ergonomic}
    uintx GCDrainStackTargetSize                   = 64                                        {product} {ergonomic}
   size_t InitialHeapSize                          = 134217728                                 {product} {ergonomic}
   size_t MarkStackSize                            = 4194304                                   {product} {ergonomic}
   size_t MaxHeapSize                              = 2147483648                                {product} {command line}
   size_t MaxNewSize                               = 1287651328                                {product} {ergonomic}
   size_t MinHeapDeltaBytes                        = 1048576                                   {product} {ergonomic}
   size_t MinHeapSize                              = 8388608                                   {product} {ergonomic}
    uintx NonNMethodCodeHeapSize                   = 5832780                                {pd product} {ergonomic}
    uintx NonProfiledCodeHeapSize                  = 122912730                              {pd product} {ergonomic}
    uintx ProfiledCodeHeapSize                     = 122912730                              {pd product} {ergonomic}
    uintx ReservedCodeCacheSize                    = 251658240                              {pd product} {ergonomic}
     bool SegmentedCodeCache                       = true                                      {product} {ergonomic}
   size_t SoftMaxHeapSize                          = 2147483648                             {manageable} {ergonomic}
     bool UseCompressedOops                        = true                           {product lp64_product} {ergonomic}
     bool UseG1GC                                  = true                                      {product} {ergonomic}
     bool UseLargePagesIndividualAllocation        = false                                  {pd product} {ergonomic}

Logging:
Log output configuration:
 #0: stdout all=warning uptime,level,tags foldmultilines=false
 #1: stderr all=off uptime,level,tags foldmultilines=false

Release file:
JAVA_VERSION="21.0.9" 
MODULES="java.base java.compiler java.datatransfer java.xml java.prefs java.desktop java.instrument java.logging java.management java.security.sasl java.naming java.rmi java.management.rmi java.net.http java.scripting java.security.jgss java.transaction.xa java.sql java.sql.rowset java.xml.crypto java.se java.smartcardio jdk.accessibility jdk.internal.jvmstat jdk.attach jdk.charsets jdk.internal.opt jdk.zipfs jdk.compiler jdk.crypto.ec jdk.crypto.cryptoki jdk.dynalink jdk.hotspot.agent jdk.httpserver jdk.internal.ed jdk.internal.le jdk.internal.vm.ci jdk.jartool jdk.javadoc jdk.jcmd jdk.jdeps jdk.jdwp.agent jdk.jdi jdk.jfr jdk.jlink jdk.jsobject jdk.localedata jdk.management jdk.management.agent jdk.management.jfr jdk.naming.dns jdk.naming.rmi jdk.net jdk.sctp jdk.security.auth jdk.security.jgss jdk.unsupported jdk.unsupported.desktop jdk.xml.dom" 
IMPLEMENTOR="JetBrains s.r.o." 
JAVA_RUNTIME_VERSION="21.0.9+-14649483-b1163.86" 
LIBC="default" 
OS_ARCH="x86_64" 
OS_NAME="Windows" 
SOURCE=".:git:554d0c326095" 

Environment Variables:
PATH=C:\Program Files (x86)\NVIDIA Corporation\PhysX\Common;C:\ProgramData\Oracle\Java\javapath;C:\Program Files (x86)\Common Files\Oracle\Java\javapath;C:\WINDOWS\system32;C:\WINDOWS;C:\WINDOWS\System32\Wbem;C:\WINDOWS\System32\WindowsPowerShell\v1.0\;C:\WINDOWS\System32\OpenSSH\;C:\Program Files\Git\cmd;C:\syntaxe;C:\Users\PC\AppData\Local\Programs\Python\Python310\Scripts\;C:\Users\PC\AppData\Local\Programs\Python\Python310\;C:\Users\PC\AppData\Local\Programs\Python\Python313\Scripts\;C:\Users\PC\AppData\Local\Programs\Python\Python313\;C:\Users\PC\AppData\Local\Microsoft\WindowsApps;C:\Users\PC\AppData\Local\Programs\Microsoft VS Code\bin
USERNAME=PC
OS=Windows_NT
PROCESSOR_IDENTIFIER=Intel64 Family 6 Model 60 Stepping 3, GenuineIntel
TMP=C:\Users\PC\AppData\Local\Temp
TEMP=C:\Users\PC\AppData\Local\Temp




Periodic native trim disabled

JNI global refs:
JNI global refs: 27, weak refs: 0

JNI global refs memory usage: 835, weak refs: 833

Process memory usage:
Resident Set Size: 734660K (8% of 8338140K total physical memory with 1167460K free physical memory)

OOME stack traces (most recent first):
Classloader memory used:
Loader org.gradle.internal.classloader.VisitableURLClassLoader                         : 74904K
Loader bootstrap                                                                       : 25815K
Loader org.gradle.initialization.MixInLegacyTypesClassLoader                           : 5614K
Loader org.gradle.internal.classloader.VisitableURLClassLoader                         : 748K
Loader org.gradle.internal.classloader.VisitableURLClassLoader$InstrumentingVisitableURLClassLoader: 587K
Loader jdk.internal.loader.ClassLoaders$PlatformClassLoader                            : 533K
Loader jdk.internal.jrtfs.JrtFileSystemProvider$JrtFsLoader                            : 325K
Loader jdk.internal.loader.ClassLoaders$AppClassLoader                                 : 227K
Loader jdk.internal.reflect.DelegatingClassLoader                                      : 178K
Loader org.gradle.groovy.scripts.internal.DefaultScriptCompilationHandler$ScriptClassLoader: 78992B
Loader org.codehaus.groovy.runtime.callsite.CallSiteClassLoader                        : 45496B

Classes loaded by more than one classloader:
Class org.gradle.internal.IoActions                                                   : loaded 3 times (x 71B)
Class org.gradle.api.Action                                                           : loaded 3 times (x 70B)
Class org.gradle.api.GradleException                                                  : loaded 3 times (x 82B)
Class org.gradle.internal.classloader.ClassLoaderHierarchy                            : loaded 2 times (x 70B)
Class org.gradle.api.internal.classpath.ManifestUtil                                  : loaded 2 times (x 71B)
Class jdk.internal.jimage.decompressor.StringSharingDecompressorFactory               : loaded 2 times (x 74B)
Class com.google.common.collect.UnmodifiableListIterator                              : loaded 2 times (x 95B)
Class org.gradle.internal.operations.MultipleBuildOperationFailures                   : loaded 2 times (x 95B)
Class org.gradle.internal.classloader.DefaultClassLoaderFactory                       : loaded 2 times (x 82B)
Class kotlin.collections.AbstractList$Companion                                       : loaded 2 times (x 71B)
Class org.gradle.internal.classloader.ClassLoaderVisitor                              : loaded 2 times (x 76B)
Class org.gradle.api.internal.classpath.EffectiveClassPath                            : loaded 2 times (x 90B)
Class org.gradle.api.internal.DefaultClassPathProvider                                : loaded 2 times (x 76B)
Class [Lorg.gradle.api.internal.ClassPathProvider;                                    : loaded 2 times (x 69B)
Class org.gradle.api.internal.ClassPathProvider                                       : loaded 2 times (x 70B)
Class jdk.internal.jrtfs.SystemImage                                                  : loaded 2 times (x 74B)
Class org.gradle.internal.service.UnknownServiceException                             : loaded 2 times (x 83B)
Class org.gradle.internal.classpath.TransformedClassPath                              : loaded 2 times (x 96B)
Class jdk.internal.jrtfs.SystemImage$1                                                : loaded 2 times (x 78B)
Class com.google.common.collect.Iterators$ArrayItr                                    : loaded 2 times (x 97B)
Class kotlin.enums.EnumEntriesList                                                    : loaded 2 times (x 223B)
Class jdk.internal.jrtfs.SystemImage$2                                                : loaded 2 times (x 76B)
Class com.google.common.collect.UnmodifiableIterator                                  : loaded 2 times (x 80B)
Class org.gradle.internal.service.ServiceLocator                                      : loaded 2 times (x 70B)
Class jdk.internal.jrtfs.JrtFileSystemProvider                                        : loaded 2 times (x 101B)
Class com.google.common.collect.Iterators                                             : loaded 2 times (x 71B)
Class jdk.internal.jimage.ImageLocation                                               : loaded 2 times (x 90B)
Class jdk.internal.jrtfs.JrtDirectoryStream$1                                         : loaded 2 times (x 83B)
Class com.google.common.collect.Lists$StringAsImmutableList                           : loaded 2 times (x 207B)
Class org.gradle.internal.InternalTransformer                                         : loaded 2 times (x 70B)
Class jdk.internal.jimage.ImageBufferCache$1                                          : loaded 2 times (x 83B)
Class org.gradle.internal.time.DefaultTimer                                           : loaded 2 times (x 80B)
Class org.gradle.internal.classloader.ClasspathUtil$1                                 : loaded 2 times (x 76B)
Class jdk.internal.jimage.ImageBufferCache$2                                          : loaded 2 times (x 91B)
Class org.gradle.api.internal.classpath.DefaultModuleRegistry$DefaultModule           : loaded 2 times (x 86B)
Class com.google.common.collect.AbstractIterator                                      : loaded 2 times (x 82B)
Class com.google.common.collect.AbstractIndexedListIterator                           : loaded 2 times (x 96B)
Class org.gradle.internal.time.DefaultCountdownTimer                                  : loaded 2 times (x 88B)
Class org.gradle.api.internal.classpath.Module                                        : loaded 2 times (x 70B)
Class org.gradle.api.internal.classpath.UnknownModuleException                        : loaded 2 times (x 82B)
Class org.gradle.cache.GlobalCache                                                    : loaded 2 times (x 70B)
Class jdk.internal.jimage.ImageHeader                                                 : loaded 2 times (x 71B)
Class org.gradle.api.internal.DefaultClassPathRegistry                                : loaded 2 times (x 76B)
Class org.gradle.api.internal.ClassPathRegistry                                       : loaded 2 times (x 70B)
Class org.gradle.internal.classpath.DefaultClassPath$ImmutableUniqueList              : loaded 2 times (x 199B)
Class jdk.internal.jimage.decompressor.ResourceDecompressor                           : loaded 2 times (x 70B)
Class org.gradle.internal.classpath.ClassPath                                         : loaded 2 times (x 70B)
Class org.gradle.api.UncheckedIOException                                             : loaded 2 times (x 82B)
Class jdk.internal.jimage.ImageStringsReader                                          : loaded 2 times (x 80B)
Class com.google.common.collect.Iterators$1                                           : loaded 2 times (x 81B)
Class jdk.internal.jimage.BasicImageReader                                            : loaded 2 times (x 95B)
Class jdk.internal.jimage.ImageReader                                                 : loaded 2 times (x 75B)
Class jdk.internal.jimage.ImageReader$SharedImageReader                               : loaded 2 times (x 95B)
Class com.google.common.collect.Iterators$4                                           : loaded 2 times (x 82B)
Class org.gradle.internal.installation.GradleInstallation$1                           : loaded 2 times (x 75B)
Class org.gradle.api.internal.classpath.ModuleRegistry                                : loaded 2 times (x 70B)
Class jdk.internal.jimage.decompressor.ResourceDecompressorFactory                    : loaded 2 times (x 74B)
Class com.google.common.collect.Iterators$5                                           : loaded 2 times (x 82B)
Class jdk.internal.jimage.ImageReader$Node                                            : loaded 2 times (x 84B)
Class com.google.common.collect.ImmutableCollection                                   : loaded 2 times (x 125B)
Class org.gradle.api.internal.classpath.DefaultModuleRegistry                         : loaded 2 times (x 86B)
Class jdk.internal.jimage.BasicImageReader$1                                          : loaded 2 times (x 77B)
Class com.google.common.collect.Lists                                                 : loaded 2 times (x 71B)
Class com.google.common.collect.Iterators$9                                           : loaded 2 times (x 81B)
Class jdk.internal.jimage.decompressor.Decompressor                                   : loaded 2 times (x 72B)
Class jdk.internal.jimage.ImageReader$Resource                                        : loaded 2 times (x 84B)
Class org.gradle.internal.time.MonotonicClock                                         : loaded 2 times (x 77B)
Class org.gradle.internal.service.ServiceLookupException                              : loaded 2 times (x 82B)
Class jdk.internal.jrtfs.JrtFileAttributes                                            : loaded 2 times (x 83B)
Class org.gradle.internal.classloader.ClassLoaderFactory                              : loaded 2 times (x 70B)
Class org.gradle.internal.service.CachingServiceLocator                               : loaded 2 times (x 82B)
Class org.gradle.internal.time.TimeSource                                             : loaded 2 times (x 70B)
Class kotlin.enums.EnumEntries                                                        : loaded 2 times (x 70B)
Class org.gradle.internal.exceptions.ResolutionProvider                               : loaded 2 times (x 70B)
Class jdk.internal.jimage.ImageBufferCache                                            : loaded 2 times (x 71B)
Class jdk.internal.jrtfs.JrtPath                                                      : loaded 2 times (x 118B)
Class org.gradle.internal.classloader.ClasspathUtil                                   : loaded 2 times (x 71B)
Class sync_studio_tooling23403_es5k0e5i74458bey60mcbcq1m$_run_closure1                : loaded 2 times (x 136B)
Class org.gradle.internal.time.TimeSource$1                                           : loaded 2 times (x 77B)
Class kotlin.jvm.internal.DefaultConstructorMarker                                    : loaded 2 times (x 71B)
Class org.gradle.api.specs.Spec                                                       : loaded 2 times (x 70B)
Class jdk.internal.jimage.ImageReader$SharedImageReader$LocationVisitor               : loaded 2 times (x 70B)
Class jdk.internal.jimage.decompressor.ResourceDecompressorRepository                 : loaded 2 times (x 71B)
Class org.gradle.internal.time.Clock                                                  : loaded 2 times (x 70B)
Class jdk.internal.jimage.ImageReader$Directory                                       : loaded 2 times (x 84B)
Class kotlin.collections.AbstractList                                                 : loaded 2 times (x 197B)
Class kotlin.collections.AbstractCollection                                           : loaded 2 times (x 117B)
Class org.gradle.internal.classloader.VisitableURLClassLoader$InstrumentingVisitableURLClassLoader: loaded 2 times (x 123B)
Class org.gradle.internal.classloader.VisitableURLClassLoader$Spec                    : loaded 2 times (x 74B)
Class org.gradle.internal.classpath.DefaultClassPath                                  : loaded 2 times (x 90B)
Class jdk.internal.jimage.decompressor.ZipDecompressorFactory                         : loaded 2 times (x 74B)
Class org.gradle.util.internal.DefaultGradleVersion                                   : loaded 2 times (x 82B)
Class org.gradle.internal.classloader.ClassLoaderSpec                                 : loaded 2 times (x 71B)
Class org.gradle.internal.classloader.VisitableURLClassLoader                         : loaded 2 times (x 117B)
Class org.gradle.internal.classloader.FilteringClassLoader                            : loaded 2 times (x 105B)
Class org.gradle.internal.Cast                                                        : loaded 2 times (x 71B)
Class jdk.internal.jimage.decompressor.ZipDecompressor                                : loaded 2 times (x 75B)
Class org.gradle.internal.agents.InstrumentingClassLoader                             : loaded 2 times (x 70B)
Class org.gradle.internal.classpath.DefaultClassPath$ImmutableUniqueList$Builder      : loaded 2 times (x 75B)
Class kotlin.UninitializedPropertyAccessException                                     : loaded 2 times (x 82B)
Class org.gradle.internal.exceptions.NonGradleCauseExceptionsHolder                   : loaded 2 times (x 70B)
Class jdk.internal.jimage.ImageStrings                                                : loaded 2 times (x 70B)
Class kotlin.NotImplementedError                                                      : loaded 2 times (x 82B)
Class kotlin.enums.EnumEntriesKt                                                      : loaded 2 times (x 71B)
Class org.gradle.internal.classloader.SystemClassLoaderSpec                           : loaded 2 times (x 71B)
Class org.gradle.internal.exceptions.MultiCauseException                              : loaded 2 times (x 70B)
Class org.gradle.internal.time.CountdownTimer                                         : loaded 2 times (x 70B)
Class kotlin.jvm.internal.Intrinsics                                                  : loaded 2 times (x 71B)
Class jdk.internal.jrtfs.JrtFileSystem                                                : loaded 2 times (x 102B)
Class org.gradle.tooling.model.ProjectModel                                           : loaded 2 times (x 70B)
Class jdk.internal.jimage.decompressor.CompressedResourceHeader                       : loaded 2 times (x 71B)
Class kotlin.KotlinNullPointerException                                               : loaded 2 times (x 83B)
Class org.gradle.internal.exceptions.DefaultMultiCauseException                       : loaded 2 times (x 95B)
Class com.google.common.base.Preconditions                                            : loaded 2 times (x 71B)
Class com.google.common.collect.PeekingIterator                                       : loaded 2 times (x 70B)
Class org.gradle.internal.time.Time                                                   : loaded 2 times (x 71B)
Class ijInit3_6upquu9gwjyxc8eeahe29hz5c                                               : loaded 2 times (x 179B)
Class kotlin.NoWhenBranchMatchedException                                             : loaded 2 times (x 82B)
Class org.gradle.internal.time.Timer                                                  : loaded 2 times (x 70B)
Class kotlin.jvm.internal.markers.KMappedMarker                                       : loaded 2 times (x 70B)
Class org.gradle.internal.installation.CurrentGradleInstallationLocator               : loaded 2 times (x 71B)
Class com.google.common.collect.ImmutableList                                         : loaded 2 times (x 206B)
Class org.gradle.internal.service.DefaultServiceLocator                               : loaded 2 times (x 83B)
Class jdk.internal.jrtfs.JrtDirectoryStream                                           : loaded 2 times (x 89B)
Class org.gradle.util.GradleVersion                                                   : loaded 2 times (x 81B)
Class org.gradle.internal.installation.CurrentGradleInstallation                      : loaded 2 times (x 73B)
Class org.gradle.util.internal.GUtil                                                  : loaded 2 times (x 71B)
Class com.google.common.collect.Iterators$MergingIterator                             : loaded 2 times (x 81B)
Class sync_studio_tooling23403_es5k0e5i74458bey60mcbcq1m                              : loaded 2 times (x 179B)
Class org.gradle.internal.installation.GradleInstallation                             : loaded 2 times (x 75B)
Class jdk.internal.jimage.decompressor.ResourceDecompressor$StringsProvider           : loaded 2 times (x 70B)

---------------  S Y S T E M  ---------------

OS:
 Windows 10 , 64 bit Build 19041 (10.0.19041.5915)
OS uptime: 0 days 2:26 hours

CPU: total 4 (initial active 4) (2 cores per cpu, 2 threads per core) family 6 model 60 stepping 3 microcode 0x27, cx8, cmov, fxsr, ht, mmx, sse, sse2, sse3, ssse3, sse4.1, sse4.2, popcnt, lzcnt, tsc, tscinvbit, avx, avx2, aes, erms, clmul, bmi1, bmi2, fma, vzeroupper, clflush, rdtscp, f16c
Processor Information for the first 4 processors :
  Max Mhz: 3400, Current Mhz: 3400, Mhz Limit: 3400

Memory: 4k page, system-wide physical 8142M (1140M free)
TotalPageFile size 8654M (AvailPageFile size 1833M)
current process WorkingSet (physical memory assigned to process): 717M, peak: 724M
current process commit charge ("private bytes"): 740M, peak: 749M

vm_info: OpenJDK 64-Bit Server VM (21.0.9+-14649483-b1163.86) for windows-amd64 JRE (21.0.9+-14649483-b1163.86), built on 2025-12-30T22:08:35Z by "builder" with MS VC++ 16.10 / 16.11 (VS2019)

END.
